vehid,entry,mid,instspeed,exit,length
742.0,318.40934415560645,321.3009934731676,12.286545561746504,325.2968387354996,79.0
745.0,320.59788119846655,323.2433486390227,10.796362425790717,327.7500185025636,79.0
733.0,1037.9685346856393,1040.574873260514,12.247661133694454,1044.5094430412623,79.0
753.0,1400.2958587576986,1402.6034985039048,13.54202006383627,1406.2603242873115,79.0
2765.0,2027.926414235807,2030.5645462851958,12.729366240842536,2034.0690246215381,79.0
2763.0,2298.001151669559,2300.5093873612955,12.837733038045357,2304.0967538760337,79.0
2741.0,3018.3958389575364,3021.1621176943136,11.748012539660369,3025.2844849681833,79.0
