vehid,entry,mid,instspeed,exit,length
1046.0,1049.2503785990361,1054.4249378995214,11.543351329680942,1059.7009291956772,117.49
1044.0,1660.4147189880593,1665.3886311911297,11.773489897136244,1669.868659535233,117.49
3045.0,2847.840234760493,2854.0878351233137,8.345586337393506,2859.885164575432,117.49
5047.0,4951.849705603592,4956.22780695903,13.43848479085912,4960.550555158282,117.49
7043.0,6397.940227059651,6403.378060385762,10.62821159623074,6408.382688800613,117.49
7046.0,6522.730502288933,6527.448388231169,12.466191643455751,6531.904534860683,117.49
