vehid,entry,mid,instspeed,exit,length
5855.0,4470.8833020132215,4471.102985747648,12.675004039326767,4471.316192228643,9.4
5840.0,4755.979084073075,4756.205182031734,11.951798272556537,4756.431289680658,9.4
7847.0,6273.308156018282,6273.52667083358,12.367092840529928,6273.745185648879,9.4
