vehid,entry,mid,instspeed,exit,length
2481.0,1924.4340334103892,1927.3837100718758,10.729153711651952,1932.9721495803024,90.67
2476.0,3482.9378392515114,3486.274076788651,10.494323985365561,3491.9607215315245,90.67
4472.0,5416.390689527499,5419.360844360938,11.283382263798199,5424.256727826672,90.67
