vehid,entry,mid,instspeed,exit,length
2061.0,2842.1406608499597,2845.546103520503,11.04100292249249,2848.744256416903,80.01
