vehid,entry,mid,instspeed,exit,length
533.0,1641.9794392525519,1650.2191296944227,13.534567660352476,1657.6356264697888,193.06
2564.0,2798.9688469308016,2808.29116814016,12.088705863239895,2816.559041892666,193.06
2808.0,2842.370690129123,2850.4786606539055,13.283913966497364,2874.2395709179023,193.06
4558.0,4974.329472866581,4982.453468855834,13.390682408228193,4988.487472602142,193.06
6865.0,5542.740819940106,5552.240000372874,11.436401081453656,5580.830954815145,193.06
6657.0,7040.7419982762385,7049.420303586951,12.879111343127907,7056.847537365208,193.06
6592.0,7221.165701821853,7230.334596350646,12.000370988024848,7258.784978010082,193.06
