vehid,entry,mid,instspeed,exit,length
97.0,185.97342674472574,191.44590872640663,11.82414740627083,196.81124760644377,128.3
66.0,633.6213856078674,639.3259486613026,10.988315078445982,644.8938175127983,128.3
150.0,1185.7634939318507,1191.4087714220593,11.154755244293849,1197.0898145510926,128.3
153.0,1477.045544503932,1481.5164901107437,13.564632025057126,1486.908960959224,128.3
2058.0,2196.8844852205343,2201.2031582992286,14.575858629297775,2206.8273614283157,128.3
2087.0,2453.2936770642987,2458.1601290876047,12.029706778300767,2463.192376569555,128.3
2098.0,2463.0226921225585,2468.3483325863335,11.12015918514824,2474.9285929003836,128.3
2141.0,2466.3353370494788,2470.578770917284,13.578678935356011,2523.312206664167,128.3
2091.0,2615.85883876233,2622.0123503442796,9.927757809828156,2628.3607321174713,128.3
2063.0,3270.5176918397597,3275.148708612097,12.565238121536844,3280.8435341208337,128.3
4011.0,3963.9127738226575,3969.18454182637,12.726104665880964,3973.95191186002,128.3
4063.0,3966.080843172381,3971.075943007222,13.781543596243731,3975.768574058357,128.3
4093.0,4148.411834661104,4153.438674590384,12.091901850911857,4158.346198774036,128.3
4143.0,4154.075248063114,4158.354191132022,14.721942045451604,4162.764968426414,128.3
4135.0,4420.640194188532,4425.45126946792,12.791650102263034,4430.125013857408,128.3
4098.0,4507.252725230083,4512.040386020988,13.44718769307777,4516.8350039846655,128.3
4013.0,4786.789834880338,4792.178629658697,11.467789757169127,4797.482173469936,128.3
4078.0,5042.190377605919,5047.281543392277,12.31703741702661,5052.375595202504,128.3
4062.0,5239.357958565905,5244.240500345896,12.842043197900384,5249.071736275075,128.3
6079.0,5673.744016778124,5679.104403662891,13.133580638304883,5683.878994046482,128.3
6003.0,5763.466110082535,5768.476700606622,13.7393152273491,5772.979224115058,128.3
6141.0,6068.751906664358,6074.013186941091,11.81139928680755,6080.569391566914,128.3
6136.0,6307.773591801184,6312.614224072401,13.058848946178685,6317.478794778924,128.3
6143.0,6314.241532714592,6318.447571613783,14.627975698287226,6322.717579615909,128.3
6085.0,6859.27356844976,6865.020976286963,10.949340674862396,6870.808150951454,128.3
6019.0,7023.430461715433,7028.590841628541,13.459875828359403,7033.1902288550755,128.3
