vehid,entry,mid,instspeed,exit,length
1642.0,1309.0,1314.295157253488,11.536068282751092,1319.796248917208,112.45
1640.0,1491.0,1496.0450125916368,14.429884751315896,1501.213649587377,112.45
3647.0,3829.0,3834.06840764783,13.058404118427486,3839.9856318173956,112.45
7660.0,6260.030638070195,6264.012309648848,15.75357989026527,6268.921032052389,112.45
7647.0,6621.0,6626.336198280787,12.118243639096908,6631.786371523816,112.45
7652.0,7069.0,7074.368094804479,11.860616679078525,7079.964156590345,112.45
