vehid,entry,mid,instspeed,exit,length
471.0,249.80962776549524,253.47763753246664,10.354397186442204,257.63302193122513,77.89
491.0,711.1881860313573,714.1425695269971,12.319101494641037,723.3141458429102,77.89
84.0,842.4230366460051,845.333844524233,12.123095184350063,848.7033271195055,77.89
484.0,1616.235454518341,1620.020536894741,9.204177503728944,1623.9488489238445,77.89
227.0,1853.4018541382702,1856.5217632197068,12.07219694603642,1860.3509234998407,77.89
242.0,1942.772501247272,1945.2858306696155,14.860255714337493,1948.7358970167481,77.89
2492.0,1968.436363578818,1971.3034399722808,12.818154020162853,1982.9272820361257,77.89
2490.0,2873.196059339992,2875.656168544925,15.600930064903135,2879.0912334798672,77.89
2485.0,2932.9058522286236,2935.5005038069935,13.986723780399887,2938.974187944107,77.89
2491.0,2954.5334237959655,2957.0919461056087,14.173000069616124,2972.96323467309,77.89
2483.0,3411.8251094855514,3415.084682838815,11.293245443676227,3418.991245952746,77.89
2472.0,3417.8426286408794,3421.511042360311,10.802615136826981,3425.205595554069,77.89
2221.0,3473.8590429973774,3477.2883064499442,10.865412992071771,3481.4464833917295,77.89
4777.0,3852.4428157656844,3856.051722828708,10.288258018872352,3873.27402720201,77.89
4485.0,4671.052619660366,4674.179704932131,11.737076105205327,4677.8808998985605,77.89
4230.0,4739.310767777309,4742.366197623582,12.055648711340575,4772.883195381705,77.89
6471.0,5659.270133918697,5662.549082743957,11.200050681997329,5666.571848548962,77.89
6216.0,6083.540030181757,6087.043879512727,11.215183048210186,6090.912318954104,77.89
