vehid,entry,mid,instspeed,exit,length
1476.0,93.91616419142395,98.07543874171371,14.395044642003299,102.94823343296119,105.03
1384.0,284.94113137539665,289.09452509876206,12.416744996733394,295.07242794427185,105.03
1490.0,633.8855880069714,638.163930137827,12.209523315177593,642.9670339429991,105.03
1477.0,907.1217324007623,912.0085359286736,11.537406971202966,917.6595133504802,105.03
1494.0,993.3151744757364,997.5163160140233,15.939606116389003,1002.2014937891252,105.03
1482.0,1353.6576442317698,1357.572278458128,14.926494152128683,1362.8844371973923,105.03
3494.0,2163.945942315097,2168.556648192692,12.304316865723154,2174.0021931251963,105.03
3492.0,2613.823381929928,2619.2466470882773,9.192176913131654,2625.567227527408,105.03
5481.0,4774.3587167359065,4778.366579371533,12.588470834261678,4783.764024461567,105.03
5388.0,4785.152091197956,4789.3726151391365,11.905497983295417,4818.587589205968,105.03
5497.0,4863.775666574562,4868.149763973565,12.696804173080032,4873.7003401999755,105.03
5478.0,4953.854969387054,4958.29924354619,13.078756403453523,4963.710056989683,105.03
7388.0,6765.891347335292,6770.230482430594,11.51721296229747,6775.881622834468,105.03
7491.0,7023.859931121508,7028.444020043132,12.523508604910532,7033.458047211939,105.03
7481.0,7203.692081837263,7209.246792042245,8.747926575382008,7215.73616775229,105.03
