vehid,entry,mid,instspeed,exit,length
105.0,295.9947424823716,300.5563340138108,11.928296620193068,305.04082372389445,112.4
143.0,1277.3828430092951,1282.1981276421363,11.556440006201518,1286.9183220550292,112.4
98.0,1552.1726315504845,1557.14947328764,10.80823904561979,1562.0588919066713,112.4
4100.0,4792.721232110857,4797.140058370533,12.398643377103737,4801.511827559571,112.4
5215.0,5094.0529134532735,5098.471146939237,11.720232167212801,5103.865582151592,112.4
7236.0,6558.0,6563.142236745439,12.451897405766214,6573.4585207819655,112.4
