vehid,entry,mid,instspeed,exit,length
1322.0,1638.0,1643.5490500210224,12.56396868676861,1650.1395612764334,134.68
3263.0,2608.0,2615.3550039443135,9.25876015279806,2622.769075729613,134.68
3212.0,2628.0,2634.454346620533,11.398543519917016,2640.7864778369567,134.68
5294.0,4545.0,4550.078437859081,14.938732994590648,4554.940062392561,134.68
5289.0,5279.0,5285.453625850467,10.92642816862218,5292.686196169123,134.68
7221.0,5915.0,5920.144700627531,14.816056748079934,5925.858423888962,134.68
7343.0,6421.0,6426.476348985987,13.557024539754378,6431.494699754082,134.68
