vehid,entry,mid,instspeed,exit,length
883.0,97.5264896407082,103.04620280549159,14.327029512170746,107.16920579504442,137.18
858.0,187.27134608558399,194.1302646488591,11.390467678233444,199.24474347495226,137.18
576.0,282.0813311871328,289.30476290152865,10.63966257836776,294.6473315108115,137.18
2914.0,3161.9354971395737,3167.281026302874,14.777838596123743,3171.18892471704,137.18
6622.0,6047.7963014473235,6054.4739768895615,10.968146972630636,6059.559941559454,137.18
