vehid,entry,mid,instspeed,exit,length
59.0,1466.6095860245362,1469.1864087773815,13.147975078890838,1471.6238126357762,69.39
69.0,1468.85615063416,1471.4506522367392,12.818820491510467,1473.9627248512734,69.39
6216.0,5517.031963972084,5519.380684413045,13.823698624914162,5521.688796945294,69.39
6078.0,6959.699346699772,6962.445059588158,12.631316574472914,6964.96028648841,69.39
6062.0,7225.815582080009,7228.315038492835,13.132146645674418,7230.677643567107,69.39
