vehid,entry,mid,instspeed,exit,length
799.0,569.0651050889018,578.1078143656501,12.444769901366255,586.0701095808015,206.14
805.0,870.3605817959605,879.5204388955249,12.325187428596495,887.4151042883545,206.14
809.0,1064.574796329348,1073.388047017364,12.174254118439508,1081.0931668122375,206.14
4790.0,3724.8816751885392,3735.1710604330833,11.009866427835297,3743.780092327755,206.14
4810.0,5264.578463422659,5272.182424725067,14.625167976698052,5279.02311165191,206.14
6807.0,7050.348747226974,7060.270735199362,11.018182885367393,7069.004642810277,206.14
