vehid,entry,mid,instspeed,exit,length
5600.0,3788.0,3799.1883830332436,14.56209027026203,3810.440142156125,295.17
5601.0,4267.0,4280.537642504494,11.523394258186137,4298.620020365795,295.17
7270.0,5730.929806627856,5742.31460906995,13.369397964068796,5752.979222414548,295.17
7605.0,6122.1444251809735,6135.0793667056505,12.206565470316512,6147.316756646757,295.17
