vehid,entry,mid,instspeed,exit,length
4684.0,4399.61687033137,4400.0030679759775,7.690578463798622,4400.194148042624,8.94
