vehid,entry,mid,instspeed,exit,length
3864.0,3310.6364150862105,3311.04536282848,8.60104194273735,3311.3595565070846,9.4
