vehid,entry,mid,instspeed,exit,length
746.0,521.5790265486477,524.3015920810375,13.331170048583779,526.9929160798495,75.54
463.0,957.0037946310562,960.1802037837417,11.581015557586797,963.6718181770382,75.54
2767.0,3219.955466808767,3222.4603687451786,14.588191159242418,3224.955877675937,75.54
2736.0,3491.542494691239,3494.3023744529014,13.23307140445214,3497.0932241884548,75.54
4757.0,4771.503564430337,4776.1882644319885,11.632406613836144,4779.226912260177,75.54
6464.0,5545.581844901159,5548.0380257878305,14.576199422289923,5551.315800353105,75.54
