vehid,entry,mid,instspeed,exit,length
216.0,106.36721496862272,109.5415237586038,13.667049601612726,112.6366747759027,89.5
218.0,189.12574346335361,193.1661301688197,10.541576539139639,197.2230580527252,89.5
208.0,643.0140988512344,646.4473715375954,12.240963590993164,649.8583916194826,89.5
213.0,1376.7680280001891,1380.030018271787,13.735320898364407,1383.1646145264083,89.5
2056.0,2888.2464794037537,2891.3935092525167,13.618856110900904,2894.5557371679665,89.5
2062.0,3697.9814627795895,3701.3132332045816,12.599502610174,3704.7406585324998,89.5
4071.0,3968.2538278772668,3971.531113690287,12.8328121411756,3974.7889254968723,89.5
4217.0,4237.993837406815,4241.194141147293,13.6477297955004,4244.342657909443,89.5
6079.0,6488.435344843226,6491.384737584083,14.151539755812589,6494.385612451084,89.5
