vehid,entry,mid,instspeed,exit,length
219.0,631.4100262853453,635.3144139910565,11.334301622640952,637.4718987797626,61.08
209.0,1366.9427881661925,1369.1981896169364,12.694896973511135,1371.3120271500748,61.08
2067.0,3670.690579601614,3673.1543011604467,11.963594568955626,3676.5477448088473,61.08
4221.0,5289.310695920576,5291.183603046196,14.181889408378593,5294.239478142808,61.08
