vehid,entry,mid,instspeed,exit,length
470.0,525.378913704312,527.0790367492401,13.635409300806355,529.0049336508905,50.36
1239.0,968.0,970.3198014415314,14.647105346513856,971.8091485292624,50.36
213.0,1444.272175535142,1446.316385567394,13.220683865794607,1447.9645061126998,50.36
209.0,1445.0,1448.375456602354,10.811457111463355,1450.2565984809844,50.36
207.0,1930.1241313556884,1932.3442404899922,10.3728298516134,1934.4803035126129,50.36
2219.0,2191.9062622854244,2193.6038547562157,14.021764934991548,2195.206755272661,50.36
3252.0,2598.0,2600.5141980439585,12.9970091353571,2602.2160463114114,50.36
3256.0,2682.0,2684.5049702763795,12.314196837318075,2686.284772000856,50.36
2059.0,3098.1613666148737,3100.3024779988673,11.012576168926628,3102.359162791974,50.36
3552.0,3574.1454832615773,3576.1185701112713,11.944999355764805,3578.0572326935485,50.36
3583.0,3761.0,3763.413404726348,12.848650126702053,3765.1073280279543,50.36
4498.0,4188.277801019249,4190.162158951406,13.451721448063932,4191.797063080068,50.36
5419.0,4304.120505229316,4306.002015234493,12.530462611525454,4307.824693803306,50.36
4056.0,4628.088794409279,4630.19837073809,10.854118770559607,4632.225048524293,50.36
4465.0,5091.935574660616,5094.156872100039,13.428611951774647,5095.821711221639,50.36
7823.0,5810.0,5813.0066662854115,11.794800508627635,5814.885928548792,50.36
6487.0,6259.124505564055,6261.1592488501365,11.76190343475797,6263.07999076387,50.36
7557.0,6551.0,6553.446414904989,12.01655097053256,6555.211963848418,50.36
7245.0,7272.0,7274.604632989507,12.916307220699231,7276.22432176956,50.36
