vehid,entry,mid,instspeed,exit,length
150.0,418.7547174274634,422.4326655108618,12.474246464429118,428.4412641603198,128.91
371.0,709.3202100546138,712.2818070026548,15.783448043638929,718.7216499933606,128.91
391.0,878.0171069346059,881.5717678781192,12.74577449037179,887.4759786070398,128.91
134.0,960.9061246826299,964.5924422372962,12.283506330750827,970.843609363277,128.91
138.0,1047.6724155749744,1050.59876613437,15.63748815996978,1055.4715716609305,128.91
401.0,1863.9677294967123,1867.3411037527376,13.796508551373288,1873.0849389379107,128.91
2137.0,2216.662519326717,2220.5064344453003,11.346686950609033,2227.1447552071218,128.91
2149.0,2225.813878324008,2229.0274514640505,14.031740086283081,2234.475344042987,128.91
2134.0,2407.035069560327,2411.441947966392,11.209195230576121,2418.83182344126,128.91
2003.0,2838.988897737195,2844.2353093310194,8.70451087568989,2853.1496654422717,128.91
2393.0,2849.3002662332806,2853.1947038292315,12.395280666169215,2859.7407056769944,128.91
2399.0,3122.65847668901,3127.048016294464,11.288002724592273,3134.54718276992,128.91
4388.0,4019.443748197847,4023.425088499693,11.250520717176641,4030.375266713334,128.91
4158.0,4114.635435492095,4118.4487943725535,12.566305906244345,4124.634708561407,128.91
4146.0,4204.556763447438,4208.563565233597,11.509046476400876,4215.330177199526,128.91
4393.0,4470.677997517183,4475.119951167183,11.003106231785885,4482.655952867817,128.91
4407.0,4998.744958387047,5003.177800008067,11.474850950616766,5010.380274116695,128.91
4148.0,5548.212340464554,5551.394181625429,14.489971164825667,5556.791063528722,128.91
6412.0,6000.236879091684,6003.483010239047,14.71835631410735,6009.100862052976,128.91
6400.0,6708.41939002116,6712.460393574507,11.596891052856542,6719.063137903352,128.91
6394.0,7172.135171152568,7177.209673118965,9.154729534420131,7185.567068872727,128.91
6390.0,7175.399518661399,7179.435169239978,10.025911549641556,7187.5535699647935,128.91
6405.0,7177.3695493714795,7181.482765448958,10.390190569668043,7189.528701512182,128.91
6410.0,7352.757313269418,7356.578191082442,12.07720507228083,7363.093424784099,128.91
