vehid,entry,mid,instspeed,exit,length
1046.0,1663.9426692922498,1669.328296344157,10.51274645765647,1674.2889573269356,117.49
2683.0,2999.0,3005.086148853349,10.781173722582011,3010.1908419274637,117.49
7046.0,6659.878020914793,6664.016369836697,14.299454150588424,6668.056514238184,117.49
7043.0,7060.568252013522,7064.570776350839,14.742341258312173,7068.45629997728,117.49
