vehid,entry,mid,instspeed,exit,length
445.0,407.0885207475199,408.11886985742575,12.643573270066783,408.8226834179218,25.01
426.0,658.0,660.0667002408513,9.768442747669665,660.9776661491811,25.01
436.0,948.0,949.5124932452527,13.402903116208314,950.1859091484703,25.01
428.0,1322.029829990044,1323.2600022006231,10.280571170570148,1324.1295166912341,25.01
431.0,1384.0542116590234,1385.264922317477,11.079966495470332,1386.0573033879,25.01
430.0,1404.1171911989277,1405.2031245985613,11.404073609929624,1405.9834350933,25.01
442.0,1948.0,1949.5416153058572,12.344853240267794,1950.2679177404616,25.01
2410.0,2669.0,2671.069931535845,10.918875110110521,2671.8849164340936,25.01
2445.0,2741.0,2743.05335248068,10.377024681332081,2743.9108929215936,25.01
2415.0,2814.0,2815.5345066951177,13.20505366736632,2816.2093440143594,25.01
2441.0,2933.0,2935.147128932512,11.340631903615511,2935.9318046363196,25.01
2409.0,3390.084315290474,3391.2594934820054,11.114206517382863,3392.0517979679166,25.01
4410.0,4529.0,4531.219106418898,9.991773346666617,4532.108295621149,25.01
4411.0,4625.0,4627.079263334104,11.363055584400588,4627.862390570833,25.01
4414.0,4740.0,4742.151978967231,10.340554634173634,4743.011056604271,25.01
4430.0,4917.078159721522,4918.191186235675,12.171550385713507,4918.922294273566,25.01
4433.0,5011.020080828209,5012.131958134751,11.444767435927416,5012.909494102206,25.01
4428.0,5166.019820210084,5167.106653518622,12.300908364859332,5167.830073127699,25.01
6434.0,5615.0,5616.598257121321,12.592402404991526,5617.295189505985,25.01
6415.0,5627.090118340925,5628.125083850972,12.615711831510355,5628.830451763575,25.01
6416.0,5820.055747246841,5821.17842796121,10.687097587662645,5822.011479251644,25.01
6441.0,6258.041194569555,6259.118363219111,12.632476181722922,6259.822795049624,25.01
6409.0,6426.088275147305,6427.1230852075705,12.149375020144808,6427.855527683488,25.01
6443.0,6632.014946405181,6633.142840162591,11.569659289617881,6633.9119828052435,25.01
6408.0,7156.0,7157.48867568537,13.32333640227177,7158.153367867578,25.01
6437.0,7257.2018170591755,7258.296339309104,11.307115452712425,7259.083742166776,25.01
