vehid,entry,mid,instspeed,exit,length
468.0,241.31294271946177,242.06580029305798,6.7658943087380665,243.03769949841205,19.3
747.0,966.3724906195728,967.1393875479704,7.103348148170764,968.0607395746471,19.3
217.0,1308.3054647865024,1309.2907089004104,7.457505886614215,1310.1547254897475,19.3
2216.0,2478.042989372242,2479.0286070697016,6.180171563211741,2480.2300469600027,19.3
2214.0,3288.092553766295,3289.013870129636,6.530615993995186,3290.023855787234,19.3
4464.0,4458.137738913803,4459.096604497127,6.790303609289367,4460.062022132671,19.3
4462.0,5268.146017154309,5269.13484527612,6.954884646969063,5270.070181261113,19.3
6218.0,6078.119959842096,6079.105208027413,6.337958707708412,6080.126458337469,19.3
6751.0,6179.329636736349,6180.041665809789,6.7427109929496165,6181.022884731212,19.3
