vehid,entry,mid,instspeed,exit,length
1756.0,907.4585875268998,914.2619498734799,12.972399259110853,917.264378779112,135.0
5763.0,4417.108510682283,4424.015447871208,14.521355734966782,4427.007798102513,135.0
7750.0,5934.249592410668,5940.462665102913,13.740443660912774,5943.574807245795,135.0
