vehid,entry,mid,instspeed,exit,length
207.0,837.9157604434763,841.2775344874024,12.990127105829206,844.6933290113643,89.5
2058.0,2708.147883813147,2711.5475478846593,12.876330543694793,2714.9966660921154,89.5
4069.0,4417.617667008438,4420.435313056577,15.665043234132886,4423.22799809105,89.5
4217.0,4688.157103040066,4691.376671402104,13.749778237152377,4694.597334722826,89.5
4050.0,5047.927808233247,5051.223229105748,13.208921593973479,5054.5869157610405,89.5
4067.0,5588.750218463056,5592.196298329752,12.364514916886156,5595.5682849837685,89.5
6207.0,6223.827320411303,6227.398933624645,12.230830938318434,6231.082684731705,89.5
