vehid,entry,mid,instspeed,exit,length
1402.0,334.66675387725695,341.2329102796575,12.241728434695043,349.46919715958114,179.92
4004.0,4057.344251600564,4063.5910040581675,16.227126375080545,4070.7960220028745,179.92
