vehid,entry,mid,instspeed,exit,length
4051.0,5600.260552374003,5603.186213515728,12.05312695305841,5606.080890592094,76.63
6216.0,7237.541663850424,7240.206419585546,13.606547268945748,7242.866022115882,76.63
