vehid,entry,mid,instspeed,exit,length
1258.0,200.55750082439948,207.3471411217013,14.788020381953865,212.5706388420143,181.82
1248.0,296.72712259195646,305.44202375872476,10.801080170413494,363.5910984309018,181.82
1240.0,932.8946224957506,943.2362721692269,9.801590065395246,994.8358963809957,181.82
43.0,1083.4008770055732,1090.5662532738875,16.038610135560504,1095.5560449065972,181.82
1262.0,1104.7681912960109,1113.4332021140071,11.187348231261804,1120.8756149883395,181.82
1223.0,1913.3961538244039,1921.5071905912343,12.666832377710577,1927.718966199236,181.82
3249.0,2904.747260769803,2913.0791837406355,11.905215194405411,2920.5932099139836,181.82
3405.0,3648.067006625278,3657.4700462052874,10.75397756679761,3696.0385849481477,181.82
5263.0,4083.535256330647,4092.5168669226778,11.689809007866117,4145.734552416329,181.82
5222.0,4702.26699903097,4710.105399781658,12.69998511236998,4716.104096202454,181.82
5386.0,5270.0,5280.348518046726,11.072698744396485,5319.080803841645,181.82
5219.0,5335.19900202774,5343.261731842707,12.025198545494767,5350.452823273351,181.82
7240.0,5512.865417326912,5520.389092447281,13.152669472396626,5526.302213160729,181.82
5252.0,5515.949349844354,5525.027987205728,11.800503082768216,5533.106815422498,181.82
5380.0,5632.0,5640.089842327999,13.699921489047346,5646.763114211585,181.82
7241.0,6321.1736119043835,6328.45075172238,14.250948317483099,6333.968955556624,181.82
7239.0,6509.469188981542,6517.570934356732,12.638026666928194,6524.778891417031,181.82
7233.0,6594.8958566082665,6603.164649260221,11.51963849334048,6610.779385115941,181.82
6076.0,7296.7799933416545,7305.188018160773,13.267988538389876,7311.037667618568,181.82
