vehid,entry,mid,instspeed,exit,length
1258.0,184.48894258817134,192.21000353504445,14.753006040951394,199.31400158685545,217.32
1254.0,724.3124038922272,733.0103566583779,11.990285326429985,741.4626425727156,217.32
21.0,1559.4136604798668,1568.3653415825954,12.07917357241068,1577.942757278547,217.32
2009.0,2459.2991544226497,2468.1485672513368,11.72121325953488,2477.9040314547733,217.32
2071.0,3632.1834607322644,3641.0085845654658,11.554103094234865,3651.0109469893,217.32
5236.0,5226.629762368754,5235.388730751618,11.517366774402209,5247.0733813751685,217.32
4043.0,5248.639236993221,5257.213577291398,12.5147280902615,5266.751215847268,217.32
