vehid,entry,mid,instspeed,exit,length
3123.0,1899.876075350159,1905.2807127351982,12.249812700936191,1911.8261798621213,145.23
5137.0,4073.032900575934,4078.500904814666,13.152995522496411,4085.158083439293,145.23
5144.0,4967.403084484925,4973.232794622192,12.31323894262954,4979.912412872478,145.23
7146.0,5771.971666009602,5777.309625778057,13.068598035833674,5784.468685564132,145.23
