vehid,entry,mid,instspeed,exit,length
1670.0,1132.0790431572116,1136.2151855229606,13.396702982336215,1141.8415197224444,112.45
1660.0,1581.0,1586.0590104034734,13.257743913386792,1591.420249161548,112.45
3647.0,3289.0,3294.4271555987852,12.979437382223836,3299.8621967269623,112.45
