vehid,entry,mid,instspeed,exit,length
330.0,1403.976447362876,1408.4749063071213,10.895901801318486,1413.018028168028,106.74
120.0,1727.970216911449,1732.0057164827529,13.072699787588903,1736.0376087333696,106.74
317.0,1940.2294987193427,1944.3381166091042,13.909781345011124,1948.1524839090644,106.74
2133.0,2479.5780784120143,2483.5772964593884,13.232640318146204,2487.4032507714023,106.74
2126.0,2483.5428815417113,2487.3212134786872,14.165675195094758,2491.019907451841,106.74
4329.0,3921.506694041509,3926.110106532646,11.743334014891666,3930.795290967513,106.74
4336.0,4009.4203049361818,4013.248055053843,13.492232792338195,4017.041239444281,106.74
4125.0,5413.951541085519,5417.562322486459,14.409023679640592,5421.202320165542,106.74
4351.0,5455.255093353465,5460.135174143368,9.963780468273992,5464.970314822975,106.74
6126.0,6987.297267571729,6991.419304737041,12.485745879202005,6995.370068311972,106.74
