vehid,entry,mid,instspeed,exit,length
6463.0,7186.734270531926,7187.647225670823,16.759563830944348,7188.497032175763,30.92
