vehid,entry,mid,instspeed,exit,length
3156.0,2819.515660108,2837.4327492439998,12.557500365959372,2856.3546994411854,465.33
5189.0,4726.68220798727,4742.451537582628,14.278843412306744,4759.001250642828,465.33
