vehid,entry,mid,instspeed,exit,length
55,421.36114071649206,423.10216083448404,13.706207754207984,425.94088715305725,61.08
4213,3942.6503235666455,3944.6204620661406,14.429936044839689,3947.4708015075057,61.08
4050,4479.0380122714005,4481.261740696546,5.0,4473.620786002025,61.08
6050,6811.607640817985,6813.521421431301,14.996837410732795,6816.478940738678,61.08
6209,7099.117268609911,7101.539003523733,11.472301070575412,7104.515758617353,61.08
