vehid,entry,mid,instspeed,exit,length
1535,296.83289984952205,297.175830598392,13.992098699258543,299.1518850784412,47.91
1526,637.3066265964547,637.646044774743,14.422461113230202,639.6597416293608,47.91
1550,722.7261214736907,723.2878836478827,9.426981597585911,726.1932599187855,47.91
1536,995.8835279980188,996.4406428909074,5.0,968.9929570812656,47.91
1551,1509.1838353453445,1509.539965304102,13.745671649093039,1512.72949137713,47.91
1531,1891.7864441006723,1892.2695505899867,10.977532648804928,1894.591566572067,47.91
1527,1956.0700289873243,1956.4448612901724,13.059828195944654,1959.902752151778,47.91
3520,2920.750926054465,2921.053689590867,13.137601104075879,2924.7487712004136,47.91
3514,3093.8054445542784,3094.1778210640664,5.0,3066.312837582142,47.91
5536,4773.682397310231,4774.3225204471255,8.52245170195422,4776.88746021837,47.91
5384,5221.736927948054,5222.117361740063,12.534947089162463,5224.439855263822,47.91
5518,5294.092404684898,5294.4313989848815,14.44049495141173,5297.740715820753,47.91
7520,5823.64035409629,5824.1256906395065,9.963601603000917,5827.943468320244,47.91
7540,6085.562178657952,6086.021193421637,11.007244551434342,6089.907713799374,47.91
7513,6444.900536224302,6445.356874800463,10.884620710473234,6448.930822797884,47.91
7542,6526.754481545024,6527.199063563656,5.0,6500.650435146029,47.91
7382,6613.150392576656,6613.534031237002,12.760042152830652,6616.866187065757,47.91
7533,6702.087165424139,6702.496341143082,11.963675386531856,6706.4288256451255,47.91
7521,7053.195367170002,7053.586848236301,5.0,7025.818244977789,47.91
