vehid,entry,mid,instspeed,exit,length
509,83.36242133274482,89.39972341285836,10.893650203176833,97.07420564615325,146.11
787,138.7627948621912,144.32103381225593,12.997634513187162,149.95588796825217,146.11
508,228.69657830939184,234.0189359149293,13.960583823538961,239.55228520021683,146.11
241,363.45477571736154,369.06674228635603,13.272415498806112,375.5655697918553,146.11
492,870.3558822801588,875.5601823294701,12.355397094190847,881.49608466944,146.11
236,995.3202765836609,1000.4990515779718,13.998171704557796,1006.7804859369154,146.11
485,1140.0890405690795,1145.1482843617725,13.097730463573626,1150.8473401484937,146.11
484,1320.1450151317636,1325.2298811084518,5.0,1301.0834359785995,146.11
243,1622.982847386224,1628.4364230919318,13.903941636501896,1634.689306079662,146.11
2512,2760.447400194438,2765.5650507891687,5.0,2741.382304685567,146.11
2489,2779.371102693967,2785.1983135292653,11.16113355592869,2792.467591668019,146.11
2080,2794.935160795285,2801.2749148022885,9.90651148989671,2840.7336074357804,146.11
2524,2940.418447909596,2945.494496795214,12.467728940945122,2951.379763006069,146.11
2501,3030.252924497406,3035.2646595687515,13.506398054081062,3040.909042956428,146.11
2694,3110.647996534689,3116.0048621454707,12.00133413848568,3121.95550943793,146.11
2236,3247.160860361797,3252.32156638862,12.335991146941208,3288.499238306615,146.11
4516,3767.792699978942,3773.26112019769,12.103193301506595,3780.1146925601656,146.11
4481,4035.8324963934415,4041.0505423127343,12.3253118867357,4047.7661759454236,146.11
4665,4188.834797431924,4194.485020263139,13.02200023468151,4200.370024077309,146.11
4485,4487.042631792035,4492.360711928288,12.031419239524114,4499.0819110896155,146.11
6237,5943.220449444918,5949.243219898783,5.0,5926.13459165241,146.11
6219,6305.234346970046,6311.164651577061,12.057993731444991,6318.561878702956,146.11
6215,6483.0233963725395,6488.466226848824,5.0,6464.747246529127,146.11
6677,6528.609575011407,6534.366585529274,12.183642895257679,6540.471790948172,146.11
6490,6901.152453613553,6906.240969775605,5.0,6882.006106234268,146.11
6225,6932.992372305473,6939.080781476444,11.849194380509518,6946.136423563339,146.11
6486,7158.91913373861,7165.179891803097,10.812984282564495,7171.99206658244,146.11
6477,7186.064244503104,7191.035362588175,5.0,7167.640222022843,146.11
