vehid,entry,mid,instspeed,exit,length
4215,5352.573690804292,5355.497347148067,5.0,5328.985703593366,69.39
6049,5788.6427516275435,5791.29770420688,12.01556371513449,5793.922186650606,69.39
6211,6598.607783055073,6601.410130300888,12.214831459700317,6604.088327258322,69.39
