vehid,entry,mid,instspeed,exit,length
1673,497.0,501.53378985038864,14.112445921372347,506.6635802274093,112.45
5655,4009.0,4014.3953698729306,12.645448681981165,4020.136821982885,112.45
7647,5719.0,5723.569002408462,14.334301670385605,5728.670535200144,112.45
7640,6892.146302779146,6896.092807540963,5.0,6870.934665227711,112.45
