vehid,entry,mid,instspeed,exit,length
462,1354.0,1357.342404621064,14.439023779244573,1360.9962987720924,94.2
2517,2225.0,2228.529821386295,13.783075248685341,2232.4205376175337,94.2
2444,2255.0,2258.5275333812474,14.145633315189988,2262.4060956048697,94.2
2443,3143.0,3146.5528180338165,13.434880846882681,3150.80393968968,94.2
4560,3778.0,3781.5591729559096,13.668850227014541,3785.362523462597,94.2
4454,4254.0,4257.304625084988,15.169784211839321,4260.874960847576,94.2
4457,4789.0,4793.040726016663,5.0,4767.596598072679,94.2
