vehid,entry,mid,instspeed,exit,length
85,1625.8723364038344,1635.1786641610256,5.0,1638.163580796698,189.51
89,1716.0967567971943,1725.1917731334722,11.825500113166365,1758.6676941485791,189.51
83,1893.632146390542,1902.5320603723237,5.0,1879.9650217856213,189.51
91,1983.738022252896,1992.2803501489836,13.85139527183475,1999.2686881073987,189.51
2095,2632.3596099500605,2640.332465506331,13.696143397400224,2647.9123779256006,189.51
4075,4248.418778401571,4256.0193063458655,14.459659110717958,4262.929654613054,189.51
4085,4427.3117249056595,4434.451654351469,15.098708600819949,4440.866852120177,189.51
6082,6319.653160752586,6328.070460978768,12.483635978296522,6335.934922894781,189.51
