vehid,entry,mid,instspeed,exit,length
4114,4367.97329454258,4371.309076978585,14.108236729651567,4374.871499188996,75.08
