vehid,entry,mid,instspeed,exit,length
1813,700.3954429632878,703.2393142050219,5.0,678.9287976828635,90.67
545,948.8470461479436,951.5647413662995,11.927074034287092,957.7535670104004,90.67
538,1105.7077725879062,1108.1951967137131,12.881345698613881,1112.3754155959157,90.67
2520,1949.0555006538407,1951.3804928515776,5.0,1926.5253387765217,90.67
2449,1971.7007147924064,1974.2051414404684,5.0,1953.5660431224387,90.67
3817,2048.7379357794757,2051.411016040804,12.473683217237433,2056.933772079079,90.67
3833,2061.2983703848645,2064.248224673365,10.21806377408908,2076.1061235094767,90.67
2444,2272.690816867415,2275.124666181263,12.994467141983538,2279.213716686666,90.67
3832,2325.2617321194843,2328.247124287897,10.548168153152767,2334.347859642791,90.67
3807,2585.8743675155783,2588.4499581494515,12.696096774960814,2613.7560452363136,90.67
2442,3027.4527313130266,3030.087983351817,5.0,3005.800699142424,90.67
2456,3312.682977758893,3315.269241740346,13.043300763612471,3333.5342440465333,90.67
3825,3396.4075307838925,3399.070913242997,5.0,3374.823365914844,90.67
3828,3401.164972816931,3404.1582492770335,12.288611743920857,3426.4099388006753,90.67
2546,3519.507389354606,3522.0882597543473,12.480588250434277,3526.431307349509,90.67
3803,3586.9505675824303,3590.0149863498177,10.762076917292438,3595.894448414103,90.67
4532,3719.1967121826724,3722.275740407469,9.850742233590715,3727.5249911979463,90.67
5795,4028.8770323707904,4031.49473118384,12.23989454749966,4036.971449568355,90.67
4445,4062.7525859675397,4065.417354263801,12.112176291627133,4069.8617884381765,90.67
4444,4206.08951041016,4208.389926147245,13.996752147010948,4213.739244439281,90.67
5826,5028.319200837398,5031.126955066438,5.0,5006.889267691551,90.67
5802,5208.110132536562,5211.125352083264,11.425505109943499,5223.478433158342,90.67
4463,5223.036368952629,5226.113566768199,13.715875459027917,5230.032256538785,90.67
6461,5445.025096014866,5448.4184432148395,8.935402925474856,5454.942727980619,90.67
6463,5563.28700858976,5566.46036448328,10.045409711026,5572.702813795713,90.67
6442,5918.372710080039,5921.302353238705,10.617449021266319,5926.969063786959,90.67
6449,6681.963179202329,6684.358116777186,13.28813509232035,6688.3751183361965,90.67
7818,6819.554943585305,6822.3094531362685,12.116006773143514,6827.940027225064,90.67
7830,7080.743838347673,7083.129840369092,13.566036855845743,7088.581275994723,90.67
7806,7203.161775947877,7206.2287111113255,11.077496158942248,7211.094812250536,90.67
