vehid,entry,mid,instspeed,exit,length
820,273.6717511132441,286.5152141474141,5.0,265.75052012139025,249.89
1085,458.979655941439,470.01467976315496,12.846733725355278,478.96244407063176,249.89
1098,545.7802780007909,557.5729429443254,5.0,535.8875290663907,249.89
843,1533.5033580605664,1544.2962779393754,13.829587885028431,1551.721397930276,249.89
1096,1558.8850157283816,1570.090073541849,5.0,1548.9240951299319,249.89
3081,2253.8294564211456,2265.410188359366,12.582711778606807,2274.720352812354,249.89
3102,2343.5597407736786,2355.024921249596,13.09894007508735,2363.2488555275822,249.89
3097,2436.012671364682,2449.2739206458696,11.21977187725485,2459.89461300409,249.89
3091,2986.650091884608,2998.506018700775,11.939361290135546,3008.0802439037147,249.89
3927,3783.934654818859,3795.554254353418,12.18008497134832,3803.6734568706984,249.89
5083,4323.850276213842,4335.583181467209,12.56158710021045,4344.739259065308,249.89
5082,4434.037712108384,4444.21358933969,14.429071722125748,4451.514477243377,249.89
5110,5043.902565225179,5056.276709624345,11.739094009033698,5064.999255843741,249.89
5103,5314.038640258842,5325.430362749877,12.127806081867568,5333.647847105596,249.89
5091,5403.856438493287,5415.327781358755,12.819176056293164,5425.059930229341,249.89
4816,5506.821613958426,5519.378178560895,5.0,5498.55768610135,249.89
7088,5952.072716712355,5962.326708405709,13.83776473079793,5969.573746018724,249.89
7091,6753.720812461783,6766.036213834752,11.83726503935142,6774.6186268755055,249.89
