vehid,entry,mid,instspeed,exit,length
366,143.25830567283882,150.5226879943492,10.741249150374609,158.08299270072706,165.72
357,145.2084290068367,153.1664614251334,10.869219701585836,160.7761294546396,165.72
305,1218.9919732765559,1226.1130931504308,11.592174125141344,1232.61321861533,165.72
6303,7248.795059920877,7256.212711990692,5.0,7233.246467482582,165.72
