vehid,entry,mid,instspeed,exit,length
210,363.9775332890071,365.4893158799745,11.371452823257165,368.0510129013957,46.79
214,1469.5797071993404,1471.0455876503424,5.0,1443.9311798254723,46.79
4207,4503.589066716447,4505.107744525092,12.928484596414206,4507.787828983869,46.79
4214,4717.956268658126,4719.022736729276,13.432639052621488,4721.7232242874525,46.79
6210,5583.548623903274,5585.28263864552,9.224120449507058,5588.501105059258,46.79
