vehid,entry,mid,instspeed,exit,length
2446,2818.5384557678335,2824.5611616062874,12.471697841763556,2839.0,155.68
4537,4089.8441586033755,4095.2325813743037,13.65762763058172,4110.0,155.68
4452,4198.999715091237,4205.226450271994,12.080897260328392,4218.0,155.68
4457,5377.677112632061,5384.250752727433,5.0,5367.0,155.68
