vehid,entry,mid,instspeed,exit,length
878,758.472515587231,764.490210550714,11.695849731840188,769.980003621044,137.18
837,998.3706145229065,1003.3683339412427,15.996111102257268,1007.0487768650582,137.18
2620,2255.851633702045,2264.411323363,5.0,2240.801665056046,137.18
2843,2345.5954411420844,2351.1572563709333,13.624640761073529,2355.3729248084237,137.18
4618,3965.718056394415,3971.609472274092,12.893549372862584,3976.064965947517,137.18
4586,4327.598240658928,4333.587562500451,5.0,4308.104456023324,137.18
6923,6485.932545939986,6493.235245946352,10.30875124534528,6498.677291997398,137.18
6825,7212.312616325244,7218.326742382105,12.116960730831222,7222.89305954307,137.18
