vehid,entry,mid,instspeed,exit,length
1826,237.0,238.0069163215213,5.0,208.36823942082341,14.57
1396,1319.0,1320.0110133336048,9.485003816108533,1320.4845891515588,14.57
1814,1399.0,1400.178097811451,15.234135855014083,1400.47295329149,14.57
2740,2100.1449536538717,2100.5231679985422,12.922245354462358,2100.8707754241327,14.57
2744,2199.0,2200.006062960824,5.0,2170.402683457376,14.57
3808,2393.0,2394.321090244641,13.395862661729183,2394.6564078388815,14.57
3246,2936.822979929916,2937.1596595333426,14.122593425951143,2937.477722109035,14.57
3827,3117.6928702460978,3118.0644569058486,12.852788918391777,3118.4139428010135,14.57
3829,3566.2895321785395,3566.6067937148036,5.0,3536.898380925636,14.57
5260,4371.044855999511,4371.484655027126,11.11275435266475,4371.888863407691,14.57
5816,4389.0,4390.029315443988,10.112435575324888,4390.473507983664,14.57
5831,4559.278278278028,4559.6065467270455,14.888359125100381,4559.908250118451,14.57
4731,4681.0,4682.0883105777275,9.473719279345056,4682.56245049132,14.57
4736,5085.0,5086.37989234553,9.467071852201602,5086.854365182606,14.57
5580,5184.829283454495,5185.236048889727,5.0,5155.610683802964,14.57
7805,6084.679183695546,6085.016418807688,14.367921706362484,6085.329050553066,14.57
6053,6263.666396643234,6264.100922223432,10.677838023691477,6264.521594313656,14.57
7568,6431.0,6432.05939208102,10.433352260474596,6432.48992182145,14.57
7819,6464.854060727783,6465.257910445027,5.0,6435.627566465299,14.57
6772,6740.0,6741.046845361666,11.044237067116413,6741.453561408525,14.57
6738,6828.0,6829.4096932043085,11.19286872205721,6829.811008412416,14.57
6071,6885.647653656191,6886.015943697833,12.714430341428152,6886.369232702522,14.57
6072,7163.938207829744,7164.274297782801,14.544073010617334,7164.583143072372,14.57
7567,7252.089547171519,7252.487257261774,12.288796985996132,7252.852782743694,14.57
7817,7257.126156776284,7257.464876234402,14.428986706513639,7257.776184889118,14.57
