vehid,entry,mid,instspeed,exit,length
1164,951.1065143788152,970.1251069110448,11.625320526898035,990.0575105087058,465.33
3184,3339.6087414343265,3360.508074984258,5.0,3351.6084329294413,465.33
7178,5635.893115130321,5653.507233214628,12.946999404466526,5672.123834060548,465.33
7164,5775.5130241082825,5800.204679048515,9.41277194733143,5825.181521887328,465.33
