vehid,entry,mid,instspeed,exit,length
37,282.88256271281193,285.10904186992843,12.736701674639049,289.55325111563417,77.12
2024,2274.6994412802005,2277.0040704776975,11.742708085399322,2298.2487221906026,77.12
2045,2299.401977910527,2301.430295518375,13.238119397982983,2304.879567246255,77.12
4026,4782.691274443784,4785.094859295382,5.0,4759.579278825394,77.12
6044,7215.310315504963,7218.210697426308,9.937591364367773,7223.67693775498,77.12
