vehid,entry,mid,instspeed,exit,length
1460,98.099000280428,103.34432177433362,13.415319522671837,107.26939680314744,122.91
1375,106.28964596955137,112.1621035290731,11.646892842881277,116.63828704623624,122.91
1448,188.23280515690337,193.15571996983235,13.700964674808915,196.85575703134108,122.91
1377,1129.2300525375877,1135.5204103677165,11.271646637242453,1141.0049634406955,122.91
3392,1988.057033437883,1993.3143940717705,12.539025813469909,1997.4147944279455,122.91
3464,2658.619763347549,2664.4449404155957,11.483582532193994,2670.208126909206,122.91
3461,3108.538737473798,3115.1343405300177,5.0,3090.832839895768,122.91
3463,3288.920477487454,3294.275969423547,13.399456304297738,3299.469770636802,122.91
5385,4008.454288120333,4014.256989759475,5.0,3989.666515443511,122.91
5466,4866.027858929758,4872.047525540642,11.923326249711394,4876.551688160369,122.91
5394,4959.591713723327,4964.544872652468,12.454809762561524,4968.599513075164,122.91
7458,5538.724048057317,5545.203844105957,11.070728186812456,5550.879764881042,122.91
7381,5796.906709369922,5802.227834072705,12.461845634084254,5807.538085914788,122.91
7382,5943.957101334163,5950.344764297593,11.058610367443421,5955.011614562373,122.91
7367,5988.792041187202,5994.458809050261,13.300752647669627,6000.167778082285,122.91
7370,6123.745365607615,6129.261533803287,5.0,6103.220880791206,122.91
7461,6666.24145651839,6671.209930450611,5.0,6644.695162751784,122.91
7457,6978.735843395759,6984.140501234444,14.237276541544839,6989.5707537530125,122.91
7375,7023.297733672428,7029.084605708401,12.73722167720133,7033.232124393381,122.91
