vehid,entry,mid,instspeed,exit,length
2451,3243.9814901525215,3246.069024194363,11.287088751766873,3248.2295780000936,45.93
4456,3783.6160285303968,3785.5779578794427,12.094387111781876,3788.113804547499,45.93
4450,5404.098304764904,5406.316163596313,11.462192466927437,5408.865212617966,45.93
4455,5442.085105762876,5443.483328107283,5.0,5416.043333257029,45.93
