vehid,entry,mid,instspeed,exit,length
211,1488.2677126470967,1490.4204352942065,12.388016153170135,1492.1043694230236,50.36
2214,2074.0637350199577,2076.2815271291156,10.226100013331097,2078.3864925436633,50.36
2208,2208.889876508291,2211.0943475600025,5.0,2182.748148785189,50.36
2216,2382.3571650388385,2384.1501833032603,12.776582957726477,2385.9185932077685,50.36
6216,6664.04749959303,6666.233823160129,10.885188313018745,6668.357921453633,50.36
7399,6828.355062134032,6830.309513377371,9.580251321605802,6832.566818003151,50.36
7244,6831.81532565328,6833.54301006009,13.559011224233403,6835.187513878278,50.36
