vehid,entry,mid,instspeed,exit,length
7130,7129.61586837965,7135.388966134966,13.070971120432752,7177.315408160516,145.23
