vehid,entry,mid,instspeed,exit,length
1667,1219.0,1224.1245107113289,5.0,1199.802487748838,112.45
5657,3919.0,3924.3309064904834,11.908621355520937,3929.7784403754636,112.45
7639,6079.0,6084.488637231656,12.330824481124345,6089.960593961977,112.45
7669,6351.0,6357.044103742569,9.553626149974924,6363.521624082041,112.45
7662,6619.0,6625.024981038233,10.407395550496167,6630.901154904751,112.45
