vehid,entry,mid,instspeed,exit,length
358,680.1575513360427,684.1990707532575,14.28505980726095,687.9450779954643,106.74
322,2032.4843692089096,2036.3685398435864,13.721016898205749,2040.299990869219,106.74
2348,3109.7420488445428,3113.4747629473877,14.732540477228927,3117.1065735021393,106.74
4338,5089.80913505094,5093.648148666496,16.476685246423592,5096.7773794438635,106.74
4315,5629.572126125747,5633.577765978095,13.37725429603266,5637.361551255389,106.74
6363,5719.507757004325,5723.131373944157,5.0,5696.568877449668,106.74
6118,5905.299060335602,5909.331135901457,12.307792276945,5913.386346741713,106.74
6129,6766.121456693384,6770.420052698093,11.244660534746073,6774.80707862635,106.74
6304,7341.450567330543,7345.51561919854,5.0,7319.803412732305,106.74
