vehid,entry,mid,instspeed,exit,length
454,308.0,311.3035871964212,14.932162888331355,314.8254910301793,94.2
471,1350.0,1353.5139120143701,5.0,1327.44578857062,94.2
2467,3025.0,3029.0382347253835,11.576552387140877,3033.7178941076586,94.2
4636,4264.0,4267.530216051874,11.586114417726144,4273.221344798013,94.2
