vehid,entry,mid,instspeed,exit,length
1433,1504.0,1515.080593769565,15.281505296697176,1526.4310688317637,295.17
1598,1777.0,1790.0062813054312,11.73609633186379,1801.937036442094,295.17
1603,1984.1632030457451,1995.404991197051,12.723562036799427,2006.044258163356,295.17
5430,4787.447836899626,4800.030779184484,5.0,4782.871113068685,295.17
7281,5750.788190447705,5762.432697484004,13.499553393584845,5774.502374586972,295.17
7640,6329.0,6341.314067728436,13.230916998536067,6352.197132132212,295.17
7424,6473.0,6488.006529158283,10.272621159657856,6537.23327893998,295.17
