vehid,entry,mid,instspeed,exit,length
446,47.63955683322059,50.33193799892417,13.30716099347702,52.96190543579587,75.54
746,1171.0630348137322,1174.044208170846,12.33767531039469,1176.9733471775667,75.54
753,1854.473771879704,1857.2116607767634,13.451707649778724,1859.903170236396,75.54
2462,2848.754558600944,2851.2058616014574,5.0,2824.180539873909,75.54
2763,3601.5292604630704,3606.0436140285215,11.800635487903874,3609.1128294644386,75.54
4445,3753.3115174871537,3756.2199014627367,5.0,3729.0620208858572,75.54
4455,4051.1094261575067,4055.4112056044833,12.632835218274261,4057.994504418878,75.54
4759,4122.185233391842,4125.008452152505,12.700483684259446,4127.809733461903,75.54
