vehid,entry,mid,instspeed,exit,length
127,1806.0367270859426,1810.2315401810856,11.032001596024859,1816.8193863513447,116.11
2130,3607.0,3611.0554754998097,5.0,3586.119325732929,116.11
4129,3875.041638698608,3878.3793850875854,13.732859963105021,3883.368728792024,116.11
