vehid,entry,mid,instspeed,exit,length
51,686.9414239919453,690.0053575916108,12.17549826245464,693.1805073868377,83.15
2056,3573.3539025813725,3576.4472290651647,12.408335258369174,3579.465078068192,83.15
