vehid,entry,mid,instspeed,exit,length
115,142.5959290824358,143.43823530807336,10.717668817241373,145.88927322534028,35.93
65,1853.1405964979945,1854.0686065667837,9.280830225539727,1856.3975712592505,35.93
2043,2391.668369976952,2392.518966228027,5.0,2364.8540188697843,35.93
2031,2753.1187946332548,2754.0327976713556,5.0,2726.1657770267766,35.93
4054,4823.515130579307,4824.399737112251,9.798550796306612,4826.834890905789,35.93
4115,4912.73227523184,4913.5487384612325,11.16824040177888,4916.165085614209,35.93
6036,5722.4770292881585,5723.161946301979,9.934347399354122,5725.234265334013,35.93
6065,6353.239389833508,6354.192620976071,9.077743176260162,6356.738423907697,35.93
6030,6713.42200595717,6714.263768568965,9.8162460171864,6716.705292689111,35.93
