vehid,entry,mid,instspeed,exit,length
73,1461.5318427113707,1466.5171140137181,12.130504596551633,1472.1583343787565,124.84
208,1689.4531163245063,1694.2066599663137,12.2525737180821,1698.8165809531063,124.84
58,1806.1508241625716,1811.1205321917998,5.0,1818.0977516179366,124.84
65,1997.2777005399514,2003.0430731394165,10.52579854776794,2009.2615009515864,124.84
2077,2256.0456208686514,2261.451849399914,5.0,2237.5174194573806,124.84
2072,2705.724273373748,2711.1968877395793,5.0,2687.494068831686,124.84
2215,3041.7218428450396,3046.475531917531,12.551516569934622,3051.116198311717,124.84
2057,3153.4257342144674,3158.1522004816657,14.790545402776786,3163.4783859463723,124.84
2216,3222.888261516987,3227.2991679974325,13.16635301672694,3231.5308230768164,124.84
2076,3440.0893794928625,3445.1617366458577,12.14001620356719,3450.898842035602,124.84
2070,3698.059373078575,3702.529322008003,13.94941045497537,3707.5136830072456,124.84
2079,3702.2819140711135,3708.233330875435,9.740956316142132,3740.4018566276795,124.84
4069,3967.376529874457,3972.343798953745,12.210290527483151,3977.783672158345,124.84
4060,4507.573332848647,4512.412926553519,5.0,4487.290043429435,124.84
4059,4596.042256286315,4601.072509321376,13.188177071880059,4606.636922094245,124.84
4211,4647.209012574778,4651.071742217061,16.084394201824434,4654.85295685788,124.84
4053,4874.001207171276,4879.434810790497,11.728872599588737,4915.5324153467855,124.84
4064,4954.02331651286,4959.251616615788,12.616135883151097,4964.864687044743,124.84
4050,5319.154830742075,5323.384534901967,14.997328910888823,5328.3209822725785,124.84
6071,5943.955656759179,5949.117314442455,11.781465493940232,5954.829447608204,124.84
6055,6043.645180113265,6050.0620251006485,10.913242316083748,6056.322005433755,124.84
