vehid,entry,mid,instspeed,exit,length
1192,487.17299610047587,496.19594327821187,11.938644788021486,509.80151441419423,250.54
1196,1315.8509835018046,1323.2534467894188,14.973985189483537,1333.924228660429,250.54
7195,5524.448800643502,5533.422626201658,5.0,5521.110382465978,250.54
