vehid,entry,mid,instspeed,exit,length
25,105.87008755279278,110.22529712982696,12.309077044181313,114.55688219806845,112.4
66,1457.2730308767404,1461.0259982795076,5.0,1434.7332280170776,112.4
64,1735.904097217417,1740.09727441553,13.396520010190816,1744.2876386687985,112.4
5257,4192.0,4197.2127705018875,13.041096850302745,4202.735984503976,112.4
7252,5835.0,5840.406377895877,11.712818853682553,5845.715637350803,112.4
6058,6317.410280856744,6321.463096987891,13.147712175410053,6325.449066270814,112.4
