vehid,entry,mid,instspeed,exit,length
69,811.6522106422004,815.2318303667655,5.0,787.3592812691558,52.32
213,1261.4819897797797,1265.0807577462863,10.39905764930925,1267.2408896287643,52.32
210,1801.1712629212477,1804.4643045189744,10.747219483157949,1806.3925900767902,52.32
2073,2881.1806876860355,2884.4786184666923,10.407269550933373,2886.411321190588,52.32
4205,3871.4498455782164,3875.1248398279067,10.202874243607944,3877.2657413756765,52.32
6050,5941.2269271506975,5944.431287528839,10.868808400783603,5946.602755502132,52.32
6052,6211.602778428623,6215.393493171357,9.841515823444562,6217.543797008799,52.32
