vehid,entry,mid,instspeed,exit,length
6057,6896.978574699896,6900.039949523669,12.918332960501134,6903.136523713995,83.15
