vehid,entry,mid,instspeed,exit,length
800,932.0368636042316,940.3821918386341,5.0,918.058500791567,206.14
4819,4378.978012162259,4390.439420367184,10.415179914538975,4400.0199898345945,206.14
4809,4447.219710452238,4456.175333345666,12.81059633185604,4464.106261497686,206.14
