vehid,entry,mid,instspeed,exit,length
4113.0,4277.8941176661365,4281.104679128961,12.79656631069343,4284.904419059733,75.08
