vehid,entry,mid,instspeed,exit,length
2478.0,2523.3044779994443,2526.3484806669585,11.49053715687405,2530.895767009759,90.67
2469.0,2601.2093665012344,2604.371718962995,10.690837177194586,2610.140935156273,90.67
