vehid,entry,mid,instspeed,exit,length
3751.0,2086.0083973595124,2093.248152396973,12.807683629785911,2096.5421648266106,135.0
3758.0,2106.0594693375137,2114.2350709092857,12.111110618413749,2117.899086817466,135.0
7764.0,5946.852752458489,5955.0855794505815,11.623819361614286,5958.884130720086,135.0
7756.0,6860.044200985595,6868.245701192249,11.786278612420832,6871.910191054257,135.0
