vehid,entry,mid,instspeed,exit,length
2215.0,2521.21637864519,2524.4692046395335,10.465141481396182,2526.389083831237,52.32
