vehid,entry,mid,instspeed,exit,length
1274.0,693.7700951117932,697.5894237943387,13.549782321588618,700.065186553731,84.29
