vehid,entry,mid,instspeed,exit,length
476.0,1323.7477269891695,1326.4815016663215,12.788504136725892,1329.2686221936751,75.55
2490.0,2318.895994249289,2321.173987550629,15.911953638200998,2323.4708617077686,75.55
2483.0,3131.0,3134.5181929374266,12.609072786056654,3137.359947523115,75.55
4491.0,4474.448790114989,4477.029788823047,14.009797554144715,4479.623870346547,75.55
6210.0,5550.246729208219,5552.488958505091,16.11471383918935,5554.701697400398,75.55
6209.0,5623.00456051923,5625.505564311575,14.69804925725332,5627.95778227562,75.55
6466.0,6660.137615548706,6662.571877179836,14.659724294243656,6665.026429077879,75.55
