vehid,entry,mid,instspeed,exit,length
430.0,1623.4355660132505,1628.209455203058,12.905984151459933,1631.8126794361922,90.94
2410.0,2793.657871882615,2798.2795396503443,11.836373112083256,2801.970012639098,90.94
2414.0,2853.0,2858.364973147713,11.593111704736835,2861.1366729246965,90.94
2437.0,3154.1512389780937,3159.0406728556914,11.59333153024215,3162.986187158822,90.94
2408.0,3250.3677234613638,3255.166420875704,11.43561589218175,3258.7674223871495,90.94
4412.0,3933.0229082332216,3937.277172041279,13.07899138306474,3939.8029535502,90.94
4431.0,4413.516983403442,4418.241394389416,12.081150113061383,4422.409917219,90.94
4405.0,4431.0033427901135,4436.161801202742,9.993626346554391,4458.481534568537,90.94
4426.0,5202.08500330637,5206.222681668784,13.651831395673971,5208.666434051255,90.94
