vehid,entry,mid,instspeed,exit,length
2462.0,1819.380876636506,1820.0976061369363,6.4010444615490485,1821.0246151015283,17.94
2461.0,2973.2080053324657,2974.2818191473393,7.532603833850967,2975.0559924890485,17.94
