vehid,entry,mid,instspeed,exit,length
1159.0,101.76307390382149,122.27805562553591,10.699743853524685,143.69396187525965,465.33
5175.0,4418.099601148496,4436.356349473841,12.857320070121022,4455.154713034939,465.33
5146.0,4512.588624134881,4532.138892267608,11.617836662405772,4552.13997947851,465.33
