vehid,entry,mid,instspeed,exit,length
2209.0,2702.6563427735614,2707.4157519738214,15.763632753214512,2712.658596561888,123.08
