vehid,entry,mid,instspeed,exit,length
454.0,1681.0,1684.1599431535017,16.334215386020876,1687.446903164233,94.2
4538.0,4293.0,4296.409336881903,14.483763802654334,4300.165512954077,94.2
6641.0,5493.0,5496.391570149694,14.024576398599201,5499.966911034496,94.2
