vehid,entry,mid,instspeed,exit,length
2427.0,1862.4837957272903,1863.2345746697613,7.096172893350096,1864.263560899768,19.3
2442.0,3108.192569604098,3109.2155548952483,7.181962619241615,3110.2220485585085,19.3
4440.0,4021.457613283499,4022.328364250301,7.716900699447305,4023.265601999118,19.3
4431.0,4044.3174846285515,4045.087578798166,7.332976795473337,4046.1053185595097,19.3
4437.0,4943.278319407231,4944.084656702177,6.222975424126698,4945.25605776039,19.3
6407.0,5538.07166576382,5539.026171115388,5.897218708584322,5540.245043369201,19.3
6438.0,6528.21187617443,6529.136311921564,7.39799742432372,6530.1355373537235,19.3
6437.0,6888.201789419133,6889.184859858691,7.5733283217046665,6890.149093639207,19.3
