vehid,entry,mid,instspeed,exit,length
1852.0,849.7703152898822,850.0039355864725,9.93219780534795,850.192226451486,7.74
1845.0,1026.7683517835635,1027.006188236321,9.2940410653184,1027.2074077169657,7.74
1802.0,1160.8170711402945,1161.0674848193273,8.538078475051018,1161.286520299233,7.74
3848.0,2024.758545264618,2025.0389091090142,8.40709409588925,2025.261357209978,7.74
3865.0,2122.7764370063437,2123.0185847535936,9.653918162717007,2123.2123032091195,7.74
3829.0,2294.8236102701085,2295.049618901086,10.11231307280723,2295.2345560270223,7.74
3837.0,2990.7944421551674,2991.0242038932056,9.756170194976486,2991.215892033006,7.74
3857.0,3652.6971419521383,3653.0158202143634,7.759063934667943,3653.256846984087,7.74
5837.0,4181.82790231978,4182.067279951271,8.95275957103861,4182.2761699702,7.74
5842.0,4278.807464535322,4279.038263432606,9.391143050784985,4279.237402355967,7.74
5854.0,5349.807883152275,5350.035124393343,9.890611643216138,5350.224206947963,7.74
5846.0,5438.823382192462,5439.058337566688,9.335192588256044,5439.258670028882,7.74
7856.0,5621.707488490114,5622.034986271158,7.058052852795623,5622.299951999704,7.74
7857.0,6080.843422403703,6081.060878799242,10.21200116327656,6081.244010595484,7.74
7808.0,7238.787565520733,7239.026120495068,9.00113318117444,7239.233887903751,7.74
