vehid,entry,mid,instspeed,exit,length
47.0,143.18260624770798,144.07406440296805,9.005762047229357,146.27541601371271,35.93
38.0,952.6086947793301,953.4722421046308,10.090619768454319,956.030801745651,35.93
43.0,1580.6154004275834,1581.3970624680744,10.10117880195243,1583.986817809901,35.93
2035.0,1943.2589282186743,1944.1412849805374,9.20591322701636,1946.5799334871483,35.93
2058.0,3203.439706741272,3204.369793911678,9.967066743926638,3206.8247872861134,35.93
4115.0,4435.802212168677,4436.471128657826,14.054806054659368,4437.490351098247,35.93
6032.0,5722.493418910337,5723.259151793489,10.362360322382415,5725.360360806925,35.93
