vehid,entry,mid,instspeed,exit,length
1142.0,183.41829910763275,188.39681639875235,14.332906863753255,193.3817876475214,145.23
5132.0,4254.842586393539,4260.412257106879,13.123257676275133,4265.964474311077,145.23
