vehid,entry,mid,instspeed,exit,length
7596.0,5917.0,5929.348910048727,12.817081377006378,5943.3848071023685,295.17
