vehid,entry,mid,instspeed,exit,length
422.0,334.54167305711314,334.59502610297693,7.027449332756245,334.7265860792906,6.52
441.0,389.0788010866662,389.12453483910986,12.485144517134197,389.2373068709745,6.52
679.0,903.0,904.010323763276,10.090138973491214,904.1498634781422,6.52
414.0,1228.0,1229.0417543152296,12.78782321228625,1229.1518571131764,6.52
663.0,1775.0501142320597,1775.114628480043,8.850641934447445,1775.2737101744274,6.52
2415.0,2222.1407252825165,2222.1969170300245,10.161501179310225,2222.3354767851706,6.52
2424.0,2667.065619365086,2667.1129665370913,12.059696163206482,2667.2297170004754,6.52
2688.0,2883.0,2884.016711019499,9.265772468456658,2884.168665443171,6.52
2428.0,3296.021022265326,3296.063076565659,13.577505844846936,3296.1667756641095,6.52
2427.0,3566.0756673751353,3566.121780727474,12.382368221140165,3566.2354887912447,6.52
4442.0,3846.4203283713505,3846.4735088693774,10.736877798312351,3846.6046433706515,6.52
4677.0,3930.0,3931.0632903865626,7.687613217208419,3931.2464389237666,6.52
4410.0,4738.445635350099,4738.491439474612,12.46596271937308,4738.60438503261,6.52
6932.0,5556.025907445398,5556.091094239806,8.759327924569542,5556.251834324827,6.52
6430.0,6542.258394319608,6542.298286313978,14.313461073722547,6542.396653515877,6.52
6428.0,6635.045522362542,6635.093139722967,11.991267543370885,6635.210556427267,6.52
6408.0,6988.090554941902,6988.137960874929,12.044747821852273,6988.254856233483,6.52
6662.0,7114.0510151370445,7114.1117513924955,9.401180634757008,7114.261517168734,6.52
6421.0,7175.212528327194,7175.266197869733,10.639041839374276,7175.3985382756255,6.52
