vehid,entry,mid,instspeed,exit,length
456.0,238.74997778876008,241.52097340974757,12.57971695522553,244.26471324653315,75.54
735.0,1532.4486432944932,1535.1380869478292,13.102824354224929,1537.877454034805,75.54
2555.0,2251.331490505394,2256.1325212776087,13.05050853984657,2258.6394141016012,75.54
2456.0,2763.2162064381796,2766.4061800667964,10.651095694299146,2769.6113413428056,75.54
2452.0,3000.9373718862544,3003.2731369938124,15.35859808132354,3005.642603584242,75.54
4543.0,4141.505910138324,4146.120547604723,12.227612873163904,4148.979430710086,75.54
6448.0,6014.9576160376055,6017.524889306171,14.245023360023653,6020.118009360986,75.54
6458.0,6444.679253552652,6447.162694903375,14.510547333706848,6450.308956487242,75.54
6449.0,6850.646807953647,6854.312491301274,10.062649557377664,6857.788479522969,75.54
