vehid,entry,mid,instspeed,exit,length
6073.0,6993.186836756884,6995.196205523869,13.638167142108264,6998.460217179398,61.08
