vehid,entry,mid,instspeed,exit,length
1405.0,1858.7410177381291,1866.0635687962579,11.087716641144558,1875.0040491868647,179.92
3565.0,3572.640151822379,3578.392035091643,14.24869743889993,3585.9298958349395,179.92
6103.0,7309.842004985363,7316.345612141997,12.811694539301962,7325.355784522596,179.92
