vehid,entry,mid,instspeed,exit,length
1337.0,139.9304945508668,142.63278495729233,16.257232043806525,144.8777698386412,84.29
1198.0,486.6470213817414,490.24507979984406,14.078814080431181,492.8649263126119,84.29
1216.0,970.9719023283711,974.196395992307,13.32985420704587,976.9108054657536,84.29
5205.0,5178.453628341588,5183.223683620835,9.581197838721138,5187.182212744139,84.29
7293.0,6214.571532145598,6218.25579609075,11.056565081324434,6221.281054258048,84.29
7205.0,7179.210209509297,7183.068831894301,11.486909445856108,7186.019046093792,84.29
