vehid,entry,mid,instspeed,exit,length
595.0,95.66843275668687,102.19591806110559,11.228319566308029,107.23798087890569,137.18
855.0,185.75447802677385,192.4727656645377,11.715875768312339,197.37618848926166,137.18
4609.0,4599.037982506296,4605.365666571011,11.213680831632283,4610.159173833694,137.18
