vehid,entry,mid,instspeed,exit,length
1251.0,634.4723855930703,642.5311385679236,14.134241583824894,650.2544226380845,217.32
3286.0,2074.7477639016347,2083.0225455954824,13.678256681195306,2090.901279284098,217.32
5263.0,3874.407250751365,3882.2860596078,14.399122547425442,3889.6919606285624,217.32
5224.0,4146.611690504836,4155.41148093694,12.476159136059593,4164.775041076038,217.32
5217.0,4148.544539780104,4157.223798518598,11.194246293291647,4167.25339517936,217.32
5233.0,5404.408333638342,5412.219354452302,14.251729213903522,5419.730607716377,217.32
6040.0,5786.692132178515,5794.233370415111,14.504944680239538,5802.992333144482,217.32
7240.0,6214.611479183706,6222.551401807564,14.257816635683294,6229.948727014269,217.32
7237.0,6484.680008609188,6493.020044709721,13.115684312763651,6501.072378345051,217.32
6103.0,7230.712926495751,7239.062079871186,12.809785173480151,7248.512640562294,217.32
