vehid,entry,mid,instspeed,exit,length
1656.0,772.1169039667604,776.474362906671,13.161170369375208,781.8074215277527,112.45
5648.0,4553.0,4557.617764458103,14.165461763110079,4562.980753387529,112.45
