vehid,entry,mid,instspeed,exit,length
4218.0,3835.174428740558,3836.3390699606875,12.113059848558098,3837.3929048380874,30.92
4217.0,5185.086045003597,5186.3825416084965,10.560032011937702,5187.620587591477,30.92
6461.0,5905.05789207161,5906.069243635539,13.6291257405441,5906.994909870862,30.92
