vehid,entry,mid,instspeed,exit,length
196.0,211.59563167272375,213.493139616453,13.261305154998125,215.13532383049883,45.93
6214.0,7010.434904377006,7012.166309510524,11.314844192314101,7014.998104432802,45.93
