vehid,entry,mid,instspeed,exit,length
114.0,49.81878659594255,52.00393084737473,12.397238009051959,55.8876509973199,77.12
44.0,769.8758825566068,772.2050496609922,13.327646549400189,775.6015407512058,77.12
2082.0,3433.6412437998583,3436.1602391751826,11.139820485151283,3440.9165390883936,77.12
2106.0,3523.2555315288246,3525.4774220297177,12.158560469473684,3529.9909845405873,77.12
6072.0,5452.879005214411,5455.218596045787,12.569751276552426,5458.837671812171,77.12
6109.0,6042.871500353239,6045.246562250296,11.275455096525645,6049.924373366694,77.12
6107.0,6799.85028224051,6802.223056848639,13.450023056296045,6805.80631883875,77.12
