vehid,entry,mid,instspeed,exit,length
462.0,936.0,939.1082993277583,16.320301718603403,942.4560973821798,94.2
4453.0,4286.0,4290.120530475839,10.47410523329463,4294.992199585369,94.2
4537.0,4750.0,4753.428975290769,14.092331206124538,4758.362086448543,94.2
4571.0,4766.0,4769.495788948944,14.052392642519173,4773.280833849365,94.2
4456.0,4797.0,4801.123341438544,10.613514087872433,4805.898672083706,94.2
4463.0,4974.0,4977.549644724854,13.388072655692444,4981.4983316685775,94.2
4450.0,5172.0,5175.174158871377,15.444899886816142,5178.5864066528675,94.2
6548.0,7019.0,7022.412138291033,13.817392182959624,7026.249214450561,94.2
