vehid,entry,mid,instspeed,exit,length
1280.0,1752.4602123403938,1761.1328007032942,12.382045266140302,1774.5950070874353,250.54
3272.0,2222.404649685697,2229.5822820472204,13.879792429805251,2240.806009906137,250.54
3197.0,2488.4955667008344,2496.5898072632576,13.54881735126708,2508.7185471561043,250.54
3286.0,2835.8234008202694,2844.017470810001,13.745408973062629,2885.7283285713684,250.54
