vehid,entry,mid,instspeed,exit,length
4574.0,5187.976116065761,5194.2174189058915,15.78659569404313,5212.0,179.94
