vehid,entry,mid,instspeed,exit,length
1845.0,334.27628611254283,334.45871538885336,14.813373502738532,334.64114466516367,9.4
1849.0,1316.0552137880004,1316.2752203152054,12.28324014816413,1316.4952268424101,9.4
1855.0,1336.035538450474,1336.279125417721,11.094160900175266,1336.5227123849675,9.4
1833.0,1568.982678926345,1569.1980641502284,12.534933376455964,1569.413653090884,9.4
5845.0,4287.212200219633,4287.436154563002,12.06671398810507,4287.66010890637,9.4
7841.0,5817.089353889348,5817.303002321838,12.648784623934668,5817.516650754329,9.4
7845.0,6088.221210057522,6088.456700829982,11.475579189711341,6088.692191602442,9.4
