vehid,entry,mid,instspeed,exit,length
446.0,202.59029973591504,205.2144317573351,13.871358089263325,207.79769662642175,75.54
739.0,1422.6330255987891,1425.5041835293728,11.85705597942066,1428.3924940162406,75.54
2538.0,2251.498915558043,2256.0913771211062,11.815849535940652,2259.0311481437357,75.54
4440.0,4419.952897030267,4423.136066931117,11.346270665388907,4426.261334378299,75.54
4737.0,5118.224191374118,5121.102944965884,12.021379772768613,5124.015444499555,75.54
4761.0,5296.358749381547,5299.219927468323,12.875070433350507,5302.043755475933,75.54
6522.0,5591.491855725146,5594.071799876169,13.244458030349666,5596.709753162757,75.54
