vehid,entry,mid,instspeed,exit,length
1375.0,713.6498773067849,716.6774738314755,17.407748765762065,718.3576660873023,108.4
1543.0,1060.196640940115,1064.271065766237,12.94620233481916,1066.5352313259255,108.4
1379.0,1082.9931193344182,1088.2644868791358,9.157356881109804,1091.3772435666383,108.4
1384.0,1172.562092602598,1177.3063864936248,9.152466844437543,1180.1514338934774,108.4
1367.0,1342.8709178911104,1347.050272780678,11.309125434710024,1349.592215916681,108.4
3533.0,2380.0609887150094,2384.2122497858963,11.858452479801187,2386.670945175521,108.4
3381.0,2382.20111552653,2386.077601111549,11.303712575379565,2388.4852114759474,108.4
3536.0,2470.4496896556298,2474.2761500994206,12.541934894405548,2476.5568431013953,108.4
3518.0,2644.1727969576,2648.259085576239,13.442134680529,2650.4050876071674,108.4
3542.0,2996.075629997618,3000.4188443656353,11.091653838002316,3002.896129798898,108.4
3541.0,3525.573012407657,3529.3096194159607,13.796452025575071,3531.37053610049,108.4
3514.0,3543.793387502532,3547.237847371288,13.47508719373757,3549.3475910497627,108.4
3510.0,3619.9245217736407,3623.5396833387845,13.182939225636519,3625.710726256509,108.4
5517.0,3964.0913252091154,3968.423565995484,11.230293043902858,3970.946478701171,108.4
5370.0,3966.0286784300106,3970.3421721519608,11.191654461312675,3972.8862363512812,108.4
5523.0,4315.568613965559,4319.290888387687,13.426715648947996,4321.373883692083,108.4
5372.0,4407.715626024958,4411.176814845115,13.92775520465379,4413.231802319265,108.4
5540.0,4609.970518962032,4614.131921178612,10.655935515996594,4616.731443751917,108.4
5532.0,4668.125470260471,4672.420517971963,11.15893842598103,4675.018680374506,108.4
5528.0,4763.54818421564,4767.098077109602,12.569730094876896,4769.319846841094,108.4
5539.0,4944.872959614151,4949.132462818298,10.588214914560371,4951.772999833912,108.4
5360.0,5032.183619438584,5036.156555245475,11.194730723880262,5038.628792110971,108.4
5537.0,5550.256252668799,5554.136598913417,12.421244014556324,5556.439812582422,108.4
7224.0,5987.93724488387,5992.239215130098,11.140565227908754,5994.835966466996,108.4
7542.0,5990.451704358539,5994.389326875935,11.02616679991357,5996.8239581594935,108.4
7371.0,6287.796482487767,6291.115457901703,13.113278895918867,6293.167027980355,108.4
7545.0,6868.353722269945,6872.496743148957,12.027490335667538,6874.771043928444,108.4
