vehid,entry,mid,instspeed,exit,length
486.0,681.5391857728848,682.3263466509568,10.624692055176126,682.9557159366799,19.37
1815.0,698.4137436985095,699.2970764188806,9.771942420037396,699.9813676848711,19.37
2470.0,3412.411259018072,3413.2138550553004,6.3958713986213,3414.525293127675,19.37
3820.0,3495.3203420651803,3496.08861037302,8.280424937234391,3496.8961600942575,19.37
