vehid,entry,mid,instspeed,exit,length
399.0,148.81340777135765,154.34405822994475,10.830697970604602,159.88122896323839,124.29
360.0,773.8533347495766,778.5611129298321,13.108174655040544,783.2925305726691,124.29
331.0,1229.4712186224867,1233.481316412508,15.076087634144374,1237.459852661811,124.29
398.0,1699.9688682119765,1705.384666198685,11.351245476895592,1758.342676727942,124.29
135.0,1858.4381485608355,1863.4468753094525,11.542531755879619,1868.534163057537,124.29
2349.0,2669.8333684393556,2674.168297769709,13.294125176846942,2678.5056880811703,124.29
2314.0,3032.297608667877,3037.3942612773744,11.36238908220175,3042.550917742611,124.29
2330.0,3569.6398725238237,3575.1810675603188,11.10643575221045,3580.850462124196,124.29
4337.0,4914.212834395221,4918.581699107823,13.718796315601129,4922.987937311859,124.29
4334.0,4916.511641746118,4921.5827604039605,12.245906868819137,4926.744714000696,124.29
4147.0,4939.0949216928375,4943.321083444587,14.375016879364747,4948.83599008501,124.29
6327.0,5654.115012322173,5658.5549842656155,13.812091728913597,5662.900294324708,124.29
6375.0,6184.270095481075,6188.428735885986,14.157624429341476,6192.62394243363,124.29
6390.0,7076.3831730253105,7081.2863729007895,12.680005969567432,7086.060973228352,124.29
6126.0,7249.204511700514,7254.008633317999,14.24190428830013,7258.243416405905,124.29
