vehid,entry,mid,instspeed,exit,length
1195.0,141.62974653494766,145.5713542392962,11.940231729307397,148.65520574708708,84.29
1292.0,767.4334577264711,771.1323633993077,12.286577201732023,774.0695303382515,84.29
1280.0,1743.0,1747.156641615015,12.41237863350461,1750.1581218257288,84.29
3258.0,2141.1940233190817,2145.4130636779046,9.973998145365513,2148.809426659523,84.29
7320.0,5524.207558825002,5528.034391730116,13.64632290659837,5530.611294204531,84.29
