vehid,entry,mid,instspeed,exit,length
492.0,112.0,113.16272773335872,13.636417726738625,113.40298032511262,10.54
542.0,258.0,259.06819605422487,9.75855732257793,259.40392034141104,10.54
2504.0,2782.0,2783.305352348118,10.682577134325921,2783.612037210759,10.54
2484.0,3376.0,3377.147877347671,11.676129175788347,3377.4284656018576,10.54
6466.0,6968.0,6969.023219634352,12.111056030022349,6969.293731528027,10.54
