vehid,entry,mid,instspeed,exit,length
811.0,872.7787023641173,883.357266797009,10.141905575924769,892.2519774824273,206.14
815.0,922.0582001382948,934.2055135689767,9.58418646471272,944.2614231135416,206.14
2780.0,2428.46434257446,2437.398242203035,12.339141190662133,2445.51335004107,206.14
6813.0,5764.388725007756,5773.253351372408,12.206868967666297,5780.914272792187,206.14
6804.0,6558.417289785422,6568.1831537300795,11.7988813681952,6576.8315587418165,206.14
