vehid,entry,mid,instspeed,exit,length
123.0,208.16435326814525,210.12732576994995,12.668015376333537,212.94705202681482,54.65
361.0,509.0546452237277,511.4563959494823,10.426627160323946,513.6589949283729,54.65
119.0,653.4704000120807,655.385520560564,13.592265770322593,658.2435330241544,54.65
121.0,958.3008426551833,960.3186890295759,12.62396133846971,962.3101130933594,54.65
129.0,960.8317107676121,963.0996974831588,11.19379811409804,965.2363435493476,54.65
127.0,1502.4838470631205,1504.5787766955839,11.933531840615634,1506.5857896083246,54.65
117.0,1679.8405896842949,1682.3218802591587,9.964410553350525,1684.6800504814455,54.65
118.0,1681.7362222284346,1684.2628512050771,10.404580472723985,1686.7044294257748,54.65
358.0,1768.1069551633188,1770.1391958327197,12.864815557373412,1772.0672513806064,54.65
314.0,1857.4406078800703,1859.2553223411503,13.57011408576524,1861.0376656591925,54.65
2305.0,2761.716241539093,2764.0242349103232,11.162023829139816,2766.259164708694,54.65
2357.0,3030.4257045997247,3032.5004253739894,12.688663094176759,3034.4296922100034,54.65
2122.0,3033.9939004710204,3036.118804974514,11.84620276303335,3038.0957415228336,54.65
4137.0,4075.1361749943358,4077.112602824857,13.129129756526858,4079.8944872277607,54.65
4336.0,4922.057634051463,4924.432662161791,10.200624440612629,4926.724680838195,54.65
4342.0,5189.837594508209,5192.088690871613,10.294940539271083,5194.334960580932,54.65
4119.0,5247.139275048282,5249.483661202552,10.606853809566667,5252.458785062631,54.65
6113.0,6366.123304650294,6368.453812281453,11.039085663873694,6370.738631588892,54.65
6115.0,6540.447226125631,6542.377274186902,12.852216507487856,6544.211073414267,54.65
6123.0,6956.0172881389835,6958.11367835688,13.033413512526915,6960.7618438972,54.65
6338.0,7173.119385675046,7175.2666713235585,11.003122158553149,7177.36191579485,54.65
