vehid,entry,mid,instspeed,exit,length
491.0,31.066555015768763,31.074824424881854,12.047329242603128,31.083156205623585,0.2
527.0,194.10302257807976,194.11079918155073,12.810772029076333,194.118634439687,0.2
542.0,254.18624428679703,254.19277694413245,15.25019438677687,254.19935887372804,0.2
575.0,421.291574532613,421.3010224378913,10.544590710176362,421.3105416035499,0.2
441.0,462.58849280021485,462.59549975605336,14.217913816392265,462.60255956152616,0.2
468.0,523.0832132082382,523.0914618601638,12.077645550601986,523.0997727271579,0.2
471.0,764.0642686798886,764.072454308654,12.170634301133616,764.0807016771386,0.2
445.0,1537.0056774904012,1537.014612540778,11.149830166337894,1537.023614983351,0.2
2433.0,2207.057960709829,2207.066177036337,12.125162519028564,2207.074455334102,0.2
2527.0,3246.2444821844947,3246.2529934585227,11.704980230150358,3246.2615689284335,0.2
2561.0,3427.2283992531297,3427.239513790074,8.963422833309682,3427.250712157889,0.2
4605.0,3765.070127630696,3765.079983465602,10.10815371596117,3765.089913637678,0.2
4577.0,4195.99709540312,4196.005987778701,11.117709570164342,4196.015016230572,0.2
4540.0,4477.052324013485,4477.060475931431,12.220963813539303,4477.068689334835,0.2
4552.0,4790.364493408626,4790.372943676839,11.789483093389098,4790.381457680801,0.2
4484.0,4942.389807346089,4942.400358298927,9.442208277389497,4942.41098883183,0.2
4422.0,5092.0856073912655,5092.093913277869,11.994420219971065,5092.1022818112315,0.2
4442.0,5214.049569494304,5214.057800849346,12.103024801406907,5214.066094288995,0.2
6420.0,6287.190735342095,6287.199736060476,11.06848253741391,6287.208804666352,0.2
6499.0,6963.11073876379,6963.119190220405,11.787825315100688,6963.127705421733,0.2
6561.0,7014.316055501612,7014.32545485295,10.5990605780329,7014.334925098453,0.2
