vehid,entry,mid,instspeed,exit,length
3172.0,2278.3294885444734,2296.1933182533994,13.326593791971144,2314.9450452775513,465.33
3145.0,3155.419638679037,3173.118733994498,12.780595945392136,3191.1232606704107,465.33
7177.0,6667.392366948538,6689.32784386426,10.58680391584933,6712.165594467203,465.33
7152.0,7119.015038035115,7136.286033962325,13.36345791730195,7154.179067658079,465.33
