vehid,entry,mid,instspeed,exit,length
1285.0,832.0879466180509,841.4039258842143,12.82522598046763,850.5180809604361,232.08
5423.0,4420.038182743804,4429.185418920961,13.35896016998901,4437.864961801718,232.08
5206.0,4903.663792988843,4912.262620684504,13.470241083163755,4920.644754990186,232.08
7265.0,5593.340412145023,5602.109211160201,14.85744273559957,5609.88712895636,232.08
7272.0,6146.985583217613,6155.263024605371,14.460921639194257,6163.354677073721,232.08
7188.0,6421.149767006906,6431.015474863817,11.092625983483893,6440.793249512503,232.08
7263.0,7249.232356466659,7258.390768079844,13.517345661435373,7267.0166930178275,232.08
