vehid,entry,mid,instspeed,exit,length
440.0,338.8321792280833,341.4234446443793,14.048278827632824,344.0224854372557,75.54
752.0,1333.3706965342474,1336.148377759094,12.709875874790185,1338.918087816624,75.54
2456.0,2619.3382502219347,2622.117942798461,12.921954428560568,2624.8408873795693,75.54
4728.0,3871.015299936556,3874.3658120395407,10.683373414711838,3877.6644199821967,75.54
4734.0,4230.641468154811,4234.547607579104,11.235562424040143,4237.842384741343,75.54
6449.0,5770.077185661823,5773.040096318528,12.376571239138055,5776.054025512302,75.54
6450.0,7168.703944102989,7171.566851929985,12.287604427404396,7174.380148763781,75.54
