vehid,entry,mid,instspeed,exit,length
211.0,1398.2081888819866,1399.132554323655,6.578427671604823,1400.1073825370613,19.3
452.0,1848.0699292748802,1849.0519879922629,5.923283746894387,1850.135384516581,19.3
2745.0,2038.4105880147847,2039.0928240198566,7.327590324766702,2040.0003841368361,19.3
2470.0,3018.2692735565734,3019.256933666627,7.987155877575501,3020.076369387917,19.3
2210.0,3288.23289499062,3289.2048667896274,7.369329660137774,3290.083136495602,19.3
2772.0,3479.441140663809,3480.1399913705086,7.350114725993129,3481.035075895195,19.3
6467.0,5898.373357949565,5899.362534581757,8.047944099249202,5900.4279137502945,19.3
6212.0,6258.109480362133,6259.132534820001,7.103379538443881,6260.051955409994,19.3
