vehid,entry,mid,instspeed,exit,length
208.0,164.08470750685916,167.02478921755826,13.670044862619187,169.9538549628698,83.15
206.0,371.3920075985559,374.5021162152084,13.239472384751082,377.50778944091394,83.15
63.0,595.3812330431418,598.4159750120217,13.09113181274732,601.4635933481698,83.15
214.0,1001.6869748333975,1005.1960971189396,11.034224888555089,1008.7827204663797,83.15
53.0,1045.8746355967162,1049.2759128672624,11.678548601200266,1052.663175843528,83.15
66.0,1135.2247049242187,1138.5434680823837,12.166066927301808,1141.8842267339842,83.15
211.0,1240.3721714201884,1244.1852280979588,10.747835145885317,1248.0217776180345,83.15
73.0,1857.9031192127468,1861.1379486373692,12.213769045836141,1864.331552652994,83.15
215.0,1866.7591002590655,1869.4563483518941,14.514990644146723,1872.1346764318228,83.15
2060.0,2306.5834712689134,2310.2927751645816,11.185873969966174,2313.9803844011635,83.15
2057.0,2311.7784623306907,2315.2067968383326,11.200298646393342,2318.574731457115,83.15
2062.0,2574.8751755715557,2578.061659565182,12.7635077229489,2581.2648866517643,83.15
2052.0,2758.2845678419076,2762.159125107029,10.473064288240888,2765.9429109538996,83.15
2061.0,2844.6456582299966,2847.412530949127,13.44859785874864,2850.1855164240974,83.15
2055.0,3657.293219462936,3660.4871749805484,12.629542557683765,3663.659897767233,83.15
4051.0,4015.158003532094,4018.405154377747,12.390085299617246,4021.6302507398323,83.15
4071.0,4375.783928089958,4379.2064533064795,12.216642489850972,4382.571621045922,83.15
4070.0,4466.297759674303,4470.225894177433,10.469578535124164,4474.128620109374,83.15
4215.0,4576.126187732019,4579.379875034433,11.749889175017763,4583.853305483816,83.15
4207.0,4759.211024599148,4762.215346335807,13.278463225817552,4766.553081535245,83.15
6209.0,5860.534274969084,5863.409005169892,13.594504043447637,5866.355106752381,83.15
6059.0,6086.982170021051,6090.286384789462,12.344879779970167,6093.554222905894,83.15
6213.0,6648.699090697446,6652.110149751013,11.573733118106304,6656.7659963165415,83.15
6051.0,6896.339044168584,6900.067031811369,11.097610829340786,6903.776794602774,83.15
6072.0,7075.035890681021,7078.036231177346,13.961616782024599,7080.967516294601,83.15
