vehid,entry,mid,instspeed,exit,length
2052.0,2791.5236179800468,2795.0607642314676,10.421520637676057,2797.419849189786,52.32
6055.0,6124.199349737906,6127.095079612268,10.5042720450628,6129.488752300407,52.32
6074.0,7111.156525163051,7114.400889765984,10.852370321630248,7116.419447086064,52.32
