vehid,entry,mid,instspeed,exit,length
2761.0,3495.0,3496.2166724399644,7.11270173594381,3497.8015181258456,16.73
6754.0,6384.0,6385.112873503189,6.244814957399058,6387.0630993859995,16.73
