vehid,entry,mid,instspeed,exit,length
86.0,159.97560624281485,162.309604400858,11.103371116911525,164.19476425611128,43.24
243.0,1198.0724181566136,1201.0270380137652,7.841056828349035,1202.8638956878788,43.24
45.0,1595.2193011305992,1597.188750890274,10.415893001993805,1599.163989349817,43.24
193.0,1659.6662209328867,1662.0688910308834,10.001745143536658,1663.9753335410164,43.24
2237.0,2000.5004909824372,2002.2054713407802,14.11084516281371,2003.3472784372243,43.24
2223.0,2724.185158444789,2726.31520120665,11.530669900284993,2727.6206383012477,43.24
2208.0,3004.331008341807,3006.285124247218,12.407767103473583,3007.4767437513933,43.24
2085.0,3035.241870347391,3037.232886950029,7.584102029163498,3063.030534813189,43.24
2031.0,3302.4216462609497,3304.1098509598864,10.171515743733691,3305.960507111155,43.24
2228.0,3367.0305137131577,3369.242808980914,10.624982169228376,3371.3130052418446,43.24
4031.0,4214.397252027012,4217.188521394312,6.658590116886689,4233.396666384883,43.24
4083.0,4387.0696084065785,4389.148624565901,6.851495377256287,4415.914384509503,43.24
4238.0,4629.4541189557995,4631.2450590374865,9.925142957313188,4633.659008814575,43.24
6271.0,5724.169668697655,5726.217693434636,9.806345923052623,5728.1192068642185,43.24
6080.0,5919.435372832158,5921.429855060699,11.47664034163409,5923.391915652412,43.24
6255.0,6050.296779164144,6052.3371776670965,11.372347959964808,6053.5996268860035,43.24
6206.0,6239.005656416141,6241.028164133016,11.277173404308135,6242.330332155915,43.24
6079.0,6455.148307269271,6457.074753745454,9.057764350284565,6459.05925305669,43.24
6237.0,6515.447344167549,6517.155188352369,14.0598546912158,6518.553538065096,43.24
