vehid,entry,mid,instspeed,exit,length
2216.0,2523.6039076540683,2525.2278131405888,12.061078978594995,2528.0698719423012,46.79
4218.0,4181.4299947663485,4182.511881790261,14.252610099518744,4185.051742245301,46.79
6208.0,6125.590023655659,6127.1119533192505,10.928737110781592,6130.4901247255475,46.79
