vehid,entry,mid,instspeed,exit,length
538.0,204.64972071713,209.0134070414479,12.02365448074107,212.5494921518046,99.12
526.0,530.7188836645804,535.0671201729511,12.434932975436057,538.4947346669686,99.12
527.0,803.7014729175137,808.0348237861422,11.464401124578778,811.7568268538487,99.12
450.0,1052.5756302812517,1057.216953858762,11.13898237179663,1060.9636939942784,99.12
542.0,1201.6503811728571,1205.31590843847,13.50200887778497,1208.4734777703775,99.12
2542.0,1875.6750153159653,1880.2811356214866,11.358684170782212,1883.9638174660352,99.12
739.0,1881.902872192223,1886.2603747323228,11.5152262388756,1889.9184475334152,99.12
2464.0,1898.2069851880533,1902.5520758891696,12.651570295892343,1905.8955178831313,99.12
2458.0,1901.7913882885398,1906.011032279331,13.118706256465266,1909.1537437484453,99.12
2453.0,1941.4257135883272,1945.5903072620451,12.873232556792809,1949.0105980146866,99.12
2540.0,1985.8864392479693,1990.265390240633,14.140090623152668,1993.448984705091,99.12
2529.0,1990.4329481789832,1994.3480486605727,13.449113690765843,1997.646302864627,99.12
2748.0,2419.7515821079865,2423.509132705023,13.801905499921626,2426.6836118041856,99.12
2547.0,2444.961570422416,2448.319725589788,15.747068464854465,2451.034522599501,99.12
2462.0,2626.748141492196,2630.632304194045,13.85538013188003,2633.843388958053,99.12
2530.0,3436.312340170083,3440.247286820851,13.12930021325161,3443.4447210903595,99.12
4532.0,3751.9215204580364,3756.0304607641588,12.59825142807903,3759.4113869935177,99.12
4548.0,3876.6126897051736,3881.007230232462,11.89338009254771,3884.5369017932035,99.12
4762.0,4781.046937081991,4785.225115529126,12.711245992843587,4788.7509647392035,99.12
4457.0,4959.780754956392,4963.244598334462,15.114887038600436,4966.055328754029,99.12
4538.0,5199.078004677747,5204.133278406498,11.019344220993531,5208.1814078174775,99.12
4463.0,5262.06809866996,5266.024967348294,12.572851740449678,5269.307280776657,99.12
4462.0,5358.765948477676,5362.519694505665,13.61325807778663,5365.653301845673,99.12
4533.0,5384.980094068748,5389.307043403739,12.998997400808744,5392.591931902446,99.12
6520.0,6003.63358117848,6008.420603528163,10.132104010972567,6012.366557405626,99.12
6543.0,6561.1508391585385,6565.599066684734,12.56887895995789,6568.873926136953,99.12
6519.0,6635.654925872251,6639.488415344773,15.301170458430322,6642.338261653242,99.12
6734.0,7300.465074678213,7305.159108361193,11.003674896679474,7309.013964689589,99.12
