vehid,entry,mid,instspeed,exit,length
64.0,451.4192064314242,455.0950315397864,9.748968197732156,457.31130922611715,52.32
212.0,466.6164513258448,469.02688861508074,10.61387470012428,471.4065323236399,52.32
54.0,811.7663458131894,815.1288411294814,11.496566124004506,817.1175607206624,52.32
55.0,1621.452974082235,1625.1898327990918,10.949311766187552,1627.4089294565165,52.32
207.0,1711.4737060948657,1715.0745083548463,11.089331078202024,1717.01842592803,52.32
72.0,1981.6081841479909,1985.0967574779143,11.370983328693875,1987.1478702969257,52.32
2057.0,2251.2601744940894,2254.4718251055374,11.290801906868863,2256.4584297080933,52.32
2215.0,2431.4599166227936,2435.031166907863,11.947874432284982,2436.9013448540127,52.32
2067.0,3421.303683078301,3424.5016914545163,10.750648957088883,3426.4036655596706,52.32
4067.0,4951.266323175867,4954.43963481974,10.529389007276817,4956.4230478431855,52.32
4207.0,5401.623007461491,5405.235872025031,10.404202794586844,5407.326026035858,52.32
4218.0,5422.300573508404,5424.175856515223,13.666598002463378,5425.99871790708,52.32
4065.0,5581.448584009117,5585.164547514436,10.213166072367086,5587.221304886846,52.32
6071.0,5761.279710295409,5764.491022365436,10.701313989144449,5766.531823275229,52.32
