vehid,entry,mid,instspeed,exit,length
50.0,1412.1694734347896,1414.1310096903867,13.81668805043058,1416.915936214609,61.08
