vehid,entry,mid,instspeed,exit,length
60.0,592.7080107769566,593.4799173671736,10.820859734272455,595.8437006975031,35.93
61.0,683.7260757946486,684.494628684487,11.193900059822578,686.7654230106012,35.93
41.0,953.5696557948132,954.4449341128203,10.804897178627733,956.908242404025,35.93
2074.0,2033.578309309653,2034.4522436422078,10.06068102152328,2036.8846498802343,35.93
4051.0,4732.394615361013,4733.175475723796,9.142856037312757,4735.389849157472,35.93
6073.0,6443.198852833413,6444.104835496842,9.081767879225659,6446.3828569701245,35.93
