vehid,entry,mid,instspeed,exit,length
564.0,367.7722215854761,373.6164257936174,13.529506897642687,377.8716388652876,137.18
568.0,635.9988129715728,642.0600467145883,11.901422696957225,646.7634710213763,137.18
2845.0,1925.7471011443229,1931.4005615747944,13.636434515514678,1936.7476434418684,137.18
2630.0,2286.6751408026985,2292.4791597128774,12.964961026421918,2297.6739197353672,137.18
4593.0,5139.2468245493665,5146.061205530338,11.181323486081306,5151.026730031383,137.18
6574.0,6939.41866658195,6945.15301185206,14.0837387124634,6949.304762690604,137.18
6578.0,7117.729480461582,7123.316014979136,12.878844153028062,7127.577273761982,137.18
6901.0,7119.95892022399,7125.135653014876,14.51943683782435,7129.288684222961,137.18
