vehid,entry,mid,instspeed,exit,length
254.0,742.7778293716729,752.1693009046164,13.0450440946374,759.3064706783764,214.88
778.0,1493.0674555161627,1503.2568104790587,11.879285309689688,1510.0062780904163,214.88
503.0,1759.1369136491637,1769.0435613947939,13.275535243482135,1775.1498909551894,214.88
2517.0,2118.9096157297145,2128.489587697709,14.467114466286963,2135.7286812171974,214.88
2783.0,2478.941521826696,2489.080096809577,13.027754642514465,2495.27729365021,214.88
2270.0,2899.4416207584372,2909.4263986674437,12.942464462744823,2916.766645562127,214.88
2505.0,3649.0731601640286,3659.185287884128,13.32701322192192,3666.1017449170945,214.88
4500.0,3986.670874713912,3996.5823305097056,13.48918832550025,4003.5952014976224,214.88
4784.0,4188.690839901267,4200.237523546279,11.295783749698089,4207.681780554279,214.88
4522.0,4281.343048799701,4294.19655755411,9.840640932129158,4329.554683017908,214.88
4514.0,4785.436902533295,4795.311765905831,10.777580198085742,4802.929768620711,214.88
4512.0,5450.7113351153985,5461.370947494414,11.502455812998962,5468.414637056489,214.88
6500.0,5810.9664076534855,5822.429896657376,10.935937943602294,5847.346945435689,214.88
6510.0,5898.512284821715,5909.493315939536,12.233001679486563,5917.093942914591,214.88
6777.0,5900.68899244865,5911.325656701511,11.334570229951867,5919.3585865054,214.88
6509.0,7248.751108009383,7259.038967602279,13.097240082143284,7266.417892287007,214.88
