vehid,entry,mid,instspeed,exit,length
3247.0,2797.089425262663,2805.0578427230917,14.025235926702749,2812.565617540367,217.32
2047.0,3089.0684826466304,3097.582189089399,12.588211307378462,3106.7955569362357,217.32
5215.0,4056.2549538243343,4065.1755038652623,12.568359394378126,4073.594824529573,217.32
4042.0,4351.539886702663,4361.33332939192,10.834226042397365,4371.77881505208,217.32
