vehid,entry,mid,instspeed,exit,length
303.0,210.85024519516767,213.50919039874432,11.955706072990157,217.3237103498596,75.37
338.0,273.4646837807016,276.2539436985187,12.676914246515492,279.5386399652787,75.37
315.0,903.8327272218702,906.4523855114479,13.963766405475283,909.3611067594662,75.37
527.0,994.2386414205345,997.0718415097637,12.360973746935192,1000.5434827787764,75.37
273.0,1174.216722774785,1177.1044025789845,11.853172775244712,1180.5266102117114,75.37
290.0,1401.3648805024557,1404.0749067725742,11.601664859609214,1408.7541690317203,75.37
282.0,1673.6913563973153,1676.5900746222458,12.800298985811521,1680.786964145148,75.37
529.0,1747.8236811859676,1750.1771656533326,12.33679330015325,1754.8044617128712,75.37
2297.0,2305.5228967925705,2308.2986937381174,10.99470995432334,2312.842277084948,75.37
2312.0,2707.921225641028,2710.3766403951913,12.654696995504528,2713.4377606984476,75.37
2336.0,2882.485776358641,2885.1060326939896,11.476526754156946,2888.5822935727915,75.37
2288.0,2992.376775278876,2994.3539144794872,14.839820282905027,2997.0858588868937,75.37
2356.0,3246.140994502857,3249.029987984116,11.778194110016965,3252.3479863026178,75.37
4311.0,3873.4812041926175,3876.367186067749,12.896169016371768,3879.522180483507,75.37
4294.0,4413.962395003377,4416.586824472113,13.747082472587566,4419.644783691182,75.37
4337.0,5043.70372332244,5046.47572724064,12.371375239787112,5049.75676374276,75.37
4533.0,5583.661039708355,5586.419201734534,13.090505740796216,5589.436414457544,75.37
6296.0,5763.410948263413,5766.274721502614,10.83586410131775,5770.021170967633,75.37
6310.0,5943.63697774833,5946.463245929119,13.600619540508859,5949.344277257955,75.37
6360.0,6853.513393949513,6856.123735943096,11.436993118110555,6859.866416304292,75.37
