vehid,entry,mid,instspeed,exit,length
82.0,1476.0548961973714,1482.4977911786054,12.761435429991069,1489.8551749919882,174.39
2109.0,3513.4203599385996,3520.3662743741434,12.843460626636547,3526.9686562179577,174.39
4101.0,4775.655701209119,4783.451768361763,11.502071010109074,4791.205911047158,174.39
6091.0,7383.351987000358,7390.034120626514,13.460294120118574,7396.513750831857,174.39
