vehid,entry,mid,instspeed,exit,length
2449.0,2823.9419650498457,2825.6019803111835,12.590211843984246,2828.094913966233,45.93
4448.0,4234.002354202115,4236.035585616996,11.157380511630292,4238.199213577947,45.93
6446.0,6393.598925104512,6395.540394697526,12.85813927405897,6398.033234806182,45.93
6447.0,6431.386437056161,6433.02370714046,12.178117712382395,6435.151030896747,45.93
