vehid,entry,mid,instspeed,exit,length
447.0,652.0259377526045,654.3538926459676,11.841930873157104,655.5725957513278,46.79
4452.0,3978.3448360477905,3980.5349401025856,12.835798157945268,3981.70406197687,46.79
4445.0,5237.010726950051,5239.041553839042,12.93191565261456,5240.174476007965,46.79
