vehid,entry,mid,instspeed,exit,length
104.0,1728.1362358181448,1732.3063470639268,13.334201264434826,1736.5333263635368,112.4
7258.0,6535.0,6540.240836585808,13.117151714036378,6573.355807818371,112.4
6009.0,6766.759962845076,6771.351755794951,12.30386702715789,6775.8707464223135,112.4
