vehid,entry,mid,instspeed,exit,length
55.0,1261.2688035549133,1264.3936251249092,11.123086365827868,1266.2972110775322,52.32
2211.0,3601.4613508586663,3605.0164577571754,11.078321441467633,3607.0508863825607,52.32
4214.0,3964.2486840234847,3967.0701116405603,9.770070398440659,3969.4800813548086,52.32
4052.0,5041.557236663439,5045.23621488482,11.014537889584599,5047.552524094976,52.32
4213.0,5493.845044633299,5496.519035728311,10.751094805511856,5498.449645264473,52.32
4073.0,5581.242875214285,5584.504786519022,11.275732253867066,5586.379448007703,52.32
6212.0,6931.1558961438195,6934.422265753962,10.392336778231206,6936.451982184014,52.32
