vehid,entry,mid,instspeed,exit,length
828.0,95.00904518473847,105.08109839792944,11.299282192696804,113.99403089543605,193.06
830.0,108.74386511433353,117.33563609748539,12.235955690415826,124.09773323497521,193.06
864.0,110.4251310657461,119.06271251220282,13.101194727066403,126.07074560957427,193.06
862.0,320.83869408362636,331.43747776168226,10.552242318855916,355.90603073830647,193.06
532.0,1010.1061269090222,1019.1920095837451,11.960917388977837,1025.9316526066286,193.06
882.0,1039.9844527517955,1050.1120948150171,10.949378577887533,1058.6855522024566,193.06
569.0,1447.3630209336793,1458.251027728557,10.145587861931913,1468.7439845987242,193.06
589.0,1822.33260544512,1833.391575848542,10.366176632012868,1860.0068447081937,193.06
2545.0,2797.059243139116,2805.154258441478,13.114762877746216,2812.459084832388,193.06
2811.0,2812.5895145504433,2822.2520605676427,11.439166645576776,2829.5069654798363,193.06
4797.0,3979.0981959841693,3988.1401236123643,11.328188628669212,3995.841270141835,193.06
4617.0,4518.4047564356815,4526.623360179042,13.300597840471852,4533.912154361737,193.06
