vehid,entry,mid,instspeed,exit,length
2207.0,2838.3570567785455,2840.560017985287,12.666645171747279,2842.2174995091486,50.36
2219.0,3382.660972119511,3384.5360051542,12.423733882762095,3386.269940098211,50.36
4212.0,4504.266184648755,4506.444718021598,10.2541756087657,4508.547081309429,50.36
6207.0,7159.598421140626,7161.3351071003835,12.950435693768744,7163.021856197953,50.36
6049.0,7415.260941674293,7417.219150003378,12.239309014055323,7419.04729697547,50.36
