vehid,entry,mid,instspeed,exit,length
1243.0,562.7338831037073,570.5368384419156,12.487342101359733,576.4481982252036,181.82
1260.0,833.7879437915138,841.5955476104112,13.799142132217188,847.5041791254731,181.82
1242.0,925.5305749430211,934.5052123076542,10.661454100345352,942.2456668865418,181.82
1241.0,1020.8726324695011,1032.0637787510989,9.390778954135845,1041.197356094403,181.82
1220.0,1560.9859586613431,1570.1918373746203,11.109539223429062,1577.8563673610456,181.82
1253.0,1649.654174437732,1659.210786583221,9.98930068101583,1667.8146849030165,181.82
3260.0,2542.517290981842,2550.1391613945934,13.048859924910218,2556.076964772514,181.82
3407.0,2602.0,2610.5310437383573,12.530606767035733,2617.93344355452,181.82
3403.0,2781.124407240544,2788.4206094309666,13.869319112390421,2794.139974870998,181.82
3217.0,2814.2231338060556,2822.413976822841,11.876388365731785,2829.5503394452408,181.82
3244.0,3081.6845838150534,3089.1193980752496,13.68939768870929,3094.815527881355,181.82
3246.0,3083.8657631446067,3091.4483687787438,12.802733865693673,3097.349866539316,181.82
2047.0,3155.853061979377,3164.294938231064,12.435426955785793,3170.38327830411,181.82
5188.0,4165.759748668003,4174.399020319875,11.622211394944308,4181.865352970312,181.82
5274.0,4613.303883055118,4621.458126302362,12.902516222380525,4627.674611410957,181.82
5223.0,4615.063509670884,4623.238369578043,12.13121020529433,4630.726314658546,181.82
5400.0,4908.048642388771,4917.119995980699,11.49349551059451,4924.910251047082,181.82
5247.0,4976.368554832017,4985.438561464813,11.330606070659519,4993.7797900014675,181.82
5259.0,5063.210840305708,5071.043587186391,12.281202849399968,5077.084159510941,181.82
5290.0,5243.944646651867,5252.298020045195,12.14202586153426,5300.0,181.82
7256.0,5698.111016942711,5707.534875260375,11.215144719458648,5715.711570190035,181.82
6098.0,5853.8081039765775,5863.183982204627,10.13952144350888,5870.545634471568,181.82
7404.0,6167.0,6176.141414459941,12.551541559909742,6213.88799178424,181.82
7269.0,6598.6409223959445,6607.109360806563,12.38566245155046,6665.519183232685,181.82
6063.0,6934.007265549977,6942.439962657818,12.356744162537101,6948.861472226339,181.82
