vehid,entry,mid,instspeed,exit,length
1642.0,1580.1677966354366,1584.2842894561481,14.514574201726717,1589.2738337314327,112.45
5653.0,3921.0,3926.2743972713824,12.454233279309829,3931.770500866789,112.45
5646.0,4640.088956071081,4644.475359565764,13.737836856738618,4649.843289787406,112.45
7663.0,6169.0,6174.341594321009,12.283035136866621,6179.680237406426,112.45
