vehid,entry,mid,instspeed,exit,length
1167.0,95.82269558524442,117.17843509494972,11.021339180951133,139.06479249301375,465.33
1159.0,420.3554266687359,437.58005091007834,13.661268379902742,456.01748144827303,465.33
1161.0,1359.595207877272,1379.144063534115,11.51030254507471,1399.5478218335422,465.33
1179.0,1633.3464240240899,1652.1477831297725,12.846660581866844,1671.7612378150436,465.33
3155.0,2804.4073628296724,2824.5315016583227,11.13575518046307,2845.685568085862,465.33
7156.0,6161.994169501998,6180.4318007085985,12.600935415431824,6199.497950989369,465.33
7163.0,7117.82028983786,7137.336600260495,12.044784330022146,7157.168066414277,465.33
