vehid,entry,mid,instspeed,exit,length
70,1547.300834179496,1551.1664367766175,14.110147909165569,1555.0082255878367,112.4
2028,2810.7652829649346,2815.3186639616238,11.690464914545089,2819.995363009596,112.4
2020,3441.4145803974966,3446.1870186289466,5.0,3421.6369352381575,112.4
4074,4156.424300920949,4160.060014346932,15.130138601917462,4163.700391531952,112.4
