vehid,entry,mid,instspeed,exit,length
3393,3029.0528861531516,3036.046414222154,11.182538086275086,3044.7747731697905,179.92
