vehid,entry,mid,instspeed,exit,length
460,413.32988465417566,414.2667625595299,10.215837686054236,415.1737713004791,23.02
2452,1934.0138239258763,1934.6214093931483,13.80741882642064,1935.3196167442768,23.02
2205,3741.8122990971383,3742.4964867433246,5.0,3713.233971176892,23.02
6749,6812.745084775273,6813.427212264316,12.968745016193559,6814.1620502412725,23.02
