vehid,entry,mid,instspeed,exit,length
211,1623.547937793157,1625.1805628404666,11.782904441632407,1628.0926610034153,46.79
4207,4062.033883975043,4063.3748465157605,11.230539355295326,4066.212821616856,46.79
