vehid,entry,mid,instspeed,exit,length
2215,2126.7755923043896,2130.098807717353,14.144330291083982,2133.3868249344787,99.04
2221,2562.2287865879985,2566.410352629838,5.0,2540.642446312996,99.04
4217,4997.764385889429,5002.361040280993,10.141546992514728,5006.924736981673,99.04
4216,5525.265378590517,5528.529580751526,13.723732783391714,5531.893360775803,99.04
