vehid,entry,mid,instspeed,exit,length
60,567.4260828570465,570.0079045744806,12.177246436268927,572.5833064049194,69.39
65,925.6946612283112,928.1170254498612,13.745834570580367,930.4050857840161,69.39
2055,2279.392331654038,2282.278112225037,10.797515197699088,2285.1597143140407,69.39
2073,3265.837199687597,3268.365563701571,12.885444404258356,3270.740589753319,69.39
2213,3540.479168436208,3543.3891565211484,11.646785528165967,3546.2429169232973,69.39
4062,5246.726445341344,5249.372968907686,5.0,5221.921953794662,69.39
6211,6704.719797292837,6707.203375996823,12.871222535832336,6724.0,69.39
