vehid,entry,mid,instspeed,exit,length
2059,2368.2173176415713,2371.0144294053143,12.431217668881988,2373.5665426897785,69.39
2221,2549.3107663293536,2552.2000744343964,11.710702358178436,2554.9409314833365,69.39
6215,5791.867486113865,5795.0578865554935,10.710142086300962,5798.063589708984,69.39
6066,6237.76268621212,6240.524857654454,5.0,6213.251133303894,69.39
