vehid,entry,mid,instspeed,exit,length
209,205.60105296104945,208.13902950293718,13.757118905674695,210.69217673622535,76.63
53,1817.7098490063256,1820.1767202112665,5.0,1792.6074309967316,76.63
2073,3258.772145950216,3261.6004248405666,13.36005971589709,3264.404446177421,76.63
2058,3263.6943339535715,3267.3033433465507,10.696646962184913,3270.7937895498976,76.63
