vehid,entry,mid,instspeed,exit,length
207,591.7574075628847,592.4436656804126,12.862667609773258,593.1559944561216,23.02
2465,2121.8117496286604,2122.4962121623953,5.0,2093.257498665744,23.02
2215,2211.631043069623,2212.255148647926,5.0,2182.9045011928615,23.02
2459,3405.432965359653,3406.3680246017043,10.31849315370171,3407.236720177709,23.02
4466,3741.7697382441006,3742.44940073992,13.051151824392122,3743.1427807088107,23.02
6463,6353.161790530292,6354.075690097404,10.399042018258122,6354.97950711538,23.02
6461,6531.691355619978,6532.381381994036,12.38919984513334,6533.134077812882,23.02
6214,6623.194487970349,6624.006293552549,12.643924348169676,6624.749641178488,23.02
