vehid,entry,mid,instspeed,exit,length
2207,2963.497276434201,2965.4407142255172,11.29875841584187,2968.2239933808373,45.93
6218,6287.525645014218,6289.285973236894,11.658216656869465,6291.876269080496,45.93
6214,6452.6416918114155,6454.505921636356,5.0,6427.301955456341,45.93
