vehid,entry,mid,instspeed,exit,length
739.0,408.3659810016576,411.03215288643236,11.53959770804287,415.3457662978506,79.0
753.0,498.30812992129745,501.27227849396104,11.222606803764807,505.70532354754266,79.0
738.0,1398.3871451122134,1401.1109632764674,13.593546869286149,1404.8255584841263,79.0
2739.0,3198.4999456637406,3201.312260804995,13.240762943491013,3204.882777190238,79.0
4763.0,4547.75916918178,4550.406688923314,12.834548286966358,4554.145733784844,79.0
