vehid,entry,mid,instspeed,exit,length
3832.0,1939.2057222432352,1943.372373251067,10.591952814239502,1950.3562889270065,125.75
5758.0,4162.632501223136,4166.192640029086,12.319463182784487,4173.824211284904,125.75
5808.0,4729.208082803666,4733.349666333939,10.137953535574333,4740.615434881276,125.75
5814.0,4913.990368311283,4917.4371064793895,12.128645667712881,4923.943678611892,125.75
7816.0,5809.256425160361,5813.039818754535,12.649141433719473,5819.587982506417,125.75
