vehid,entry,mid,instspeed,exit,length
1199.0,1223.1340295151858,1228.4931679280064,12.966225968723093,1233.838535188358,112.4
83.0,1278.1599010152881,1282.3791516348235,13.318845827682738,1286.5568883537508,112.4
2084.0,1908.2712196071432,1912.5720281828492,13.068099281612772,1916.7344550245148,112.4
2100.0,2717.032815577144,2721.2541992203014,13.475916562305207,2725.427827136602,112.4
2016.0,3078.6960770745986,3083.322739856432,12.113643609762232,3087.992975251628,112.4
7248.0,5738.02989805202,5741.475582541153,15.421565981430586,5765.901653972399,112.4
6098.0,5957.299715783161,5961.340138846538,13.685843214234424,5965.434584361114,112.4
6071.0,6947.361811081693,6951.4225582979225,13.455151259415912,6955.415283509877,112.4
