vehid,entry,mid,instspeed,exit,length
848.0,48.66873022230426,56.07185211314879,14.461376588922844,61.5937868117465,193.06
859.0,198.8842972527586,207.4662497583375,13.084295855369133,214.99062877986142,193.06
874.0,320.6042015088375,331.2659020698377,10.712942523997967,360.10782188321963,193.06
592.0,381.3735873028023,390.3122289530067,11.845190498259262,418.5077466785315,193.06
2819.0,2302.8594728692756,2312.5095438781923,11.460135433614619,2320.649256302027,193.06
2608.0,3607.173612789486,3617.0799406829874,10.879024033351264,3624.4300001230768,193.06
4531.0,4055.380739199687,4064.2095697317677,12.411456422864049,4071.7885187510533,193.06
4820.0,5006.089584060912,5013.102075637279,15.128977105066094,5043.176834023596,193.06
6825.0,5636.49139870525,5643.5020561786705,15.423579778599404,5648.656943247185,193.06
6786.0,6172.392756138954,6180.254324426122,13.709889578349644,6186.109003118859,193.06
6895.0,6323.166941576808,6332.184969004773,11.894882055761762,6363.442795834601,193.06
6800.0,6802.372963035067,6810.132345128751,13.941031520286687,6816.986763855205,193.06
