vehid,entry,mid,instspeed,exit,length
509.0,49.15041656009413,49.45975217695484,10.591036151404326,49.76908779381545,10.54
511.0,1119.0046415869306,1119.301981859859,11.018301250688262,1119.5993221327876,10.54
2522.0,2871.0,2872.1249179834927,12.701693488028766,2872.382850888595,10.54
2514.0,3540.058222295547,3540.300482888778,13.523390896512403,3540.5427434820094,10.54
6493.0,5589.021904951179,5589.268242127779,13.299595076548252,5589.514579304379,10.54
6500.0,7173.0,7174.101234799052,12.397205403772498,7174.3655028009425,10.54
