vehid,entry,mid,instspeed,exit,length
806.0,150.6970179629912,161.0454653435129,10.800078054612717,169.8313540494918,206.14
788.0,484.8511496807299,493.3837901355944,13.732919842319092,500.8931192649724,206.14
2811.0,2810.848958699154,2820.3552044574653,11.818551967821495,2828.13868212868,206.14
2806.0,3032.9517522594006,3041.4029088473894,13.270445912206668,3048.9614974238866,206.14
4791.0,5163.634798692613,5172.253631915364,13.516991842986966,5179.658722646193,206.14
6807.0,5742.47020345546,5750.240152484093,14.886052050979647,5757.249984525065,206.14
