vehid,entry,mid,instspeed,exit,length
467.0,353.88312283928025,354.510585386024,13.25921537735967,355.1308875416557,20.43
1565.0,494.29302203610433,495.1160084911651,11.927381362200506,495.8047815897733,20.43
56.0,500.47616755168394,501.3237743770186,10.538147884331185,502.08456291968156,20.43
1239.0,770.2273022441206,771.0572128443739,10.988006086867557,771.8048698218253,20.43
763.0,1157.2785264073455,1158.0464056542257,11.753469714670395,1158.7453702679577,20.43
1406.0,1670.5106443579498,1671.3012211842395,10.822646814123356,1672.0622548332112,20.43
2737.0,2461.926855326424,2462.583838431082,12.6356778614737,2463.2357950949227,20.43
3557.0,2738.6846023390945,2739.2943510746095,13.891781035719152,2739.8857266079553,20.43
3810.0,2921.3375262916193,2922.167146261011,11.157116113607467,2922.903470893243,20.43
2218.0,3119.5198972095372,3120.104995468312,13.753296359701418,3120.702325679504,20.43
2759.0,3279.286229615504,3280.1369428509793,11.328751237595034,3280.862111869773,20.43
5579.0,4621.323788062604,4622.112915134303,12.011479157760137,4622.7968658210775,20.43
5567.0,4629.96545990575,4630.591869332358,13.232073637793441,4631.197261155989,20.43
5814.0,5084.49252500949,5085.361262945776,10.303172832416534,5086.1388724581975,20.43
5259.0,5439.750300804845,5440.383950506334,13.519761611542203,5440.99159875156,20.43
5401.0,5718.346034235924,5719.227025849043,10.310317751073454,5720.041409911181,20.43
7391.0,5982.328644786493,5983.131800046525,12.025195914454546,5983.814970572607,20.43
6764.0,6381.238987505186,6382.098224705008,9.067653486430919,6383.004258665898,20.43
6751.0,6468.7133825901565,6470.109257400302,7.068843903733593,6471.247760811358,20.43
6061.0,6790.2831885969745,6791.044968555607,12.473793388219464,6791.703570086308,20.43
6745.0,6822.8470591622345,6823.506721727299,12.762123228883363,6824.160728390354,20.43
7244.0,6968.246777283181,6969.018313373148,12.42399118049799,6969.679554941962,20.43
7829.0,6975.726144521221,6976.333642297893,14.17035843636819,6976.913391882635,20.43
7402.0,7242.775097165084,7243.424620468314,13.014706750291154,7244.055724481895,20.43
