vehid,entry,mid,instspeed,exit,length
1161.0,115.33915487492182,134.2229959993989,12.559129185661062,154.02967827227928,465.33
3185.0,2705.773137727716,2724.564200242796,12.950541816743307,2743.878752632658,465.33
3171.0,2707.8285222416157,2726.368894286833,12.239659064278506,2749.753957071591,465.33
3175.0,2799.6649082903373,2820.330186993396,10.839749907492726,2842.016993013625,465.33
3170.0,2975.992053347773,2992.4434119999146,15.248656721784267,3008.9139345937833,465.33
7179.0,5452.151616417963,5469.056860936369,13.796243486756612,5486.798554850832,465.33
7173.0,7121.255284984088,7138.398449013818,12.808031731118419,7156.659425343108,465.33
