vehid,entry,mid,instspeed,exit,length
46,646.4398463959509,648.3927436191937,14.463526003038563,652.6018945825525,77.12
87,1634.439411309387,1637.1434179059265,5.0,1612.1185568948015,77.12
2044,2284.5480774078706,2286.3894565545575,14.542977032661462,2290.6649159329754,77.12
2048,2897.6930823422763,2899.6413247902633,14.053189585919121,2903.8368681090483,77.12
2112,3435.4467257658025,3438.217200596058,10.049811154108584,3443.4058220365437,77.12
4090,3885.5361683955452,3888.086967248703,10.96904944338321,3892.8958355145733,77.12
4110,4153.888516583206,4156.270867322157,10.737108735500879,4160.979813683746,77.12
6029,5772.162869848351,5774.443640390903,5.0,5748.993804854509,77.12
6110,6709.822242049182,6712.200072058463,14.255115187065687,6715.142167149206,77.12
