vehid,entry,mid,instspeed,exit,length
1261,1732.4919972778277,1741.3560308909298,12.624787705048279,1750.2435208823715,232.08
3200,3316.2005853744686,3325.4526072595463,12.259506302266827,3334.3503530497414,232.08
