vehid,entry,mid,instspeed,exit,length
2450,3592.246141062047,3594.2218658058046,10.335078467417272,3596.312281248613,46.79
4446,5174.2751809364245,5176.486255149217,11.664853107907737,5178.586996458195,46.79
6449,6342.142506403463,6344.182643623696,5.0,6315.988998051276,46.79
