vehid,entry,mid,instspeed,exit,length
448,1678.9507314137236,1681.2481260957163,5.0,1655.7884750331411,90.67
4477,4389.3795445635005,4392.085964532136,12.085391860782018,4397.55336718492,90.67
6490,6505.141828141227,6508.08517494443,11.283298665584711,6512.84194369279,90.67
