vehid,entry,mid,instspeed,exit,length
1564,577.2413557808594,586.1854899177046,12.15559321294296,593.907922330757,216.85
1410,651.8247002633386,663.2740706081072,5.0,643.197588766378,216.85
1569,1355.561128487041,1364.4935575365134,12.611075574613542,1372.119375476472,216.85
1574,1461.656649605584,1471.4237624561777,12.008455752883174,1479.8021957077106,216.85
1415,2177.062208517345,2185.4640220978436,13.648681443989805,2192.744993275055,216.85
3553,2898.2023773751557,2907.271951078423,11.104601038079291,2915.159360096373,216.85
3403,3262.683380140845,3273.0251437768366,11.188286486038018,3281.9980236772312,216.85
3408,3439.5870148391195,3449.3035242070373,12.127532847640742,3457.6170562471007,216.85
5566,4161.662926225193,4171.39595097832,5.0,4149.555611589432,216.85
5256,4251.464469402453,4261.455054390557,5.0,4240.149889259038,216.85
5398,5598.822110772772,5607.527170451501,13.039071265078734,5615.0740551775725,216.85
7418,6575.44572318862,6584.162599142753,12.924664765725531,6591.627820666756,216.85
7402,6678.197242006564,6687.085782990719,13.54532065960955,6694.6550409758665,216.85
7573,7412.360926238573,7420.495398008641,14.345816872561057,7427.43872956944,216.85
