vehid,entry,mid,instspeed,exit,length
4648,5328.0,5329.251026091493,11.222827222358701,5329.542947604333,10.54
4518,5333.0,5334.154772166886,11.14476371106801,5334.4487384443255,10.54
