vehid,entry,mid,instspeed,exit,length
52,1910.3333661777071,1913.3215443516103,12.80318121523329,1916.2267343974524,76.63
2050,2811.191509985181,2814.241219329721,5.0,2787.273894080662,76.63
2068,3441.3225031949455,3444.12293866093,13.189463749011399,3446.911588797285,76.63
4211,3804.5575048329547,3807.4838315969273,12.115267163110383,3810.4422286201134,76.63
4206,3806.3535693470067,3809.282896081029,12.311322507707091,3812.224000897221,76.63
4051,5512.042561911354,5515.2859202560185,10.544124892296036,5518.663732418504,76.63
