vehid,entry,mid,instspeed,exit,length
211,920.2836995519018,923.2469346078377,12.783280581724197,926.14705825409,76.63
2064,2811.7921351596383,2815.118542325817,11.069515872024184,2818.2792091190645,76.63
