vehid,entry,mid,instspeed,exit,length
457,92.08856529910241,93.06888761989164,13.466808667062784,94.00609504869836,30.92
752,157.09436631753948,158.38989323895177,10.879028006282171,159.6044658195891,30.92
467,268.0,270.1354481926296,5.0,241.28024962421358,30.92
465,617.0284688460672,618.1259205792467,12.033332828978914,619.1715939101073,30.92
466,1594.3784678132256,1595.463361703565,12.09118392080494,1596.4811392541603,30.92
4750,4656.373962719752,4657.431965598572,12.569727983803348,4658.4269714587945,30.92
6744,6638.0,6640.225180645039,8.524703407376144,6641.653536352569,30.92
