vehid,entry,mid,instspeed,exit,length
43,1848.9335357524646,1850.0176163188758,12.425001912628503,1850.8947512343113,25.8
2081,1939.0481395505458,1940.200096672497,10.367571229466414,1941.263091920498,25.8
2029,2031.0472417637438,2032.1240185109225,11.62694289163459,2033.051517733422,25.8
4048,4638.823362050866,4640.007779828086,5.0,4610.928992914945,25.8
