vehid,entry,mid,instspeed,exit,length
1850,242.10232966845814,242.2779253086771,14.069163400100827,242.382374749175,8.94
3838,2390.16773611732,2390.3485214345383,13.665289817795463,2390.456057847231,8.94
3839,2573.036912538067,2573.226080124544,13.05976251322826,2573.33860255701,8.94
3841,3105.996017452701,3106.1577291446165,5.0,3076.2539283090005,8.94
7851,5982.296781347881,5982.499513138161,12.185971184763785,5982.620103957155,8.94
7839,6083.451243225251,6083.616689025211,14.932284501564423,6083.715101042827,8.94
7850,6911.246078990449,6911.46166981909,11.459131959168351,6911.589909571512,8.94
