vehid,entry,mid,instspeed,exit,length
2526,2525.268768675482,2526.2807654544827,7.51900752891883,2527.055482465239,17.94
