vehid,entry,mid,instspeed,exit,length
591,1750.0,1754.1418333539932,10.375259540807043,1759.24826222904,94.2
4413,4140.0,4143.575235266548,13.517691093602462,4147.604719053076,94.2
4427,5303.0,5306.582144023402,5.0,5283.1795717537925,94.2
6551,5955.0,5958.50894932996,13.411836714214488,5962.411496366425,94.2
