vehid,entry,mid,instspeed,exit,length
2197,2192.2192100468724,2195.4176056510064,12.799217172758732,2200.5829272957258,97.45
