vehid,entry,mid,instspeed,exit,length
52,277.8004123286239,280.6453308579544,15.179083716286742,283.50669886868343,89.5
63,1807.991194099115,1811.0878313349017,14.067154526196239,1814.2219033903639,89.5
2064,3338.479825784311,3341.537125654936,14.067457451371526,3344.6681176105085,89.5
4219,3893.3978020776954,3896.0817943087623,16.430995928012916,3898.733327056969,89.5
4055,4418.166320038677,4421.374485264637,13.182975934563878,4424.511183403977,89.5
4208,4441.649564124578,4445.0315473590945,12.888574742415594,4448.394653442184,89.5
4059,5588.017911202574,5590.658092425531,3.441655428598729,5563.265135359936,89.5
6056,6218.262879976308,6221.170286868404,5.0,6194.159123149122,89.5
6063,7208.931613774672,7212.241441703576,12.340042600020528,7215.622172574267,89.5
