vehid,entry,mid,instspeed,exit,length
50,1402.467888133376,1403.276080499901,9.791297048569692,1406.1458551741728,35.93
2046,2392.651106317193,2393.484568255904,10.506022328705681,2395.9383555550144,35.93
2038,2482.5827815015155,2483.3529676211433,10.592922806962665,2485.664237105929,35.93
2065,3292.740576053376,3293.5235722007938,5.0,3265.9328814405603,35.93
4055,4192.730648745197,4193.502523884854,11.285540073583524,4195.713359157274,35.93
