vehid,entry,mid,instspeed,exit,length
54,1910.4573239103718,1913.424859762899,12.050135247166493,1916.381047665517,76.63
2055,2989.241845147877,2992.0462651787147,12.845838467103022,2994.920095484762,76.63
6055,6412.268129194035,6415.425800194516,10.820698703905538,6418.7114933098965,76.63
6067,7127.915432586789,7130.37326249299,5.0,7102.8847505953745,76.63
