vehid,entry,mid,instspeed,exit,length
4467,5311.412532015453,5312.2065297870695,7.3852742825582025,5313.010887528731,17.94
