vehid,entry,mid,instspeed,exit,length
212,1173.4454038784188,1175.0875095879885,5.0,1148.0987934824016,46.79
4211,4233.837762770892,4235.449492836538,9.168255714607744,4238.736090751118,46.79
6219,6213.562831280388,6215.160290150315,12.58658143577733,6218.04030772679,46.79
