vehid,entry,mid,instspeed,exit,length
7310.0,7113.774532110549,7117.017036678384,11.314715716411355,7122.673598692242,93.12
