vehid,entry,mid,instspeed,exit,length
4559.0,4678.573026116564,4684.4702617526,16.44264112971202,4702.813076654333,179.94
4577.0,5530.115438023213,5539.21819341499,9.749309001038899,5583.675778919738,179.94
