vehid,entry,mid,instspeed,exit,length
6110.0,6716.081373863587,6718.367078918468,15.800025033961694,6721.981101856469,75.08
