vehid,entry,mid,instspeed,exit,length
448.0,1678.9507314137236,1681.2481260957163,14.332691722363734,1685.7884750331411,90.67
4477.0,4389.3795445635005,4392.085964532136,12.085391860782018,4397.55336718492,90.67
6490.0,6505.141828141227,6508.08517494443,11.283298665584711,6512.84194369279,90.67
