vehid,entry,mid,instspeed,exit,length
549.0,957.3083193695619,960.392220558551,11.771661818518826,963.4407323107853,75.54
448.0,1719.512488763765,1722.1115798823473,13.46483200699345,1724.67462529951,75.54
4730.0,4935.304459065964,4938.46130280476,10.70880502197946,4941.584261482728,75.54
6739.0,6030.985359727632,6035.265261093317,12.903307722812741,6038.004670098145,75.54
6457.0,6807.073078130986,6810.2623413382025,11.820660555149932,6813.415751449332,75.54
6462.0,6913.956645183891,6917.064758769491,11.777660572313938,6920.472405064246,75.54
