vehid,entry,mid,instspeed,exit,length
1260.0,1797.5451226401103,1801.1881326047899,15.635627936882203,1803.4958437251134,84.29
7190.0,5456.135964115887,5460.208894776526,10.344602361542568,5463.616355995817,84.29
