vehid,entry,mid,instspeed,exit,length
1320.0,929.0,934.3089094200133,14.277970781740684,940.5603336137104,134.68
1321.0,960.0,966.1619051338412,11.689502769829627,972.0299282794226,134.68
1254.0,983.0,988.5507420581831,13.050270688958813,993.7272014763963,134.68
1260.0,1780.0,1785.1047504716441,15.319086043720096,1791.6563130418099,134.68
3337.0,2690.0,2695.077722060971,15.120195785474639,2699.656538828474,134.68
5247.0,3814.0,3819.4557965814665,13.831755301312707,3824.4898138376566,134.68
5304.0,4344.0,4350.248680087857,11.147862950358757,4356.083994349372,134.68
5250.0,4550.0,4555.460941068424,13.34082796033314,4560.484087137691,134.68
