vehid,entry,mid,instspeed,exit,length
1375.0,277.7105221435253,278.0819720429343,12.670280385043863,280.34049620723454,47.91
1382.0,547.2851899591487,547.5866518036114,16.238358410526082,549.3278966463058,47.91
1535.0,722.6183595008514,723.0617551329881,11.755698961739276,725.7706026637569,47.91
1537.0,812.4027937147681,813.0186967277851,9.830100209118134,816.002894094896,47.91
1517.0,1173.4425919849948,1174.0864755895268,9.5699044572878,1176.5861075158516,47.91
1527.0,1448.868397469749,1449.2392363814167,13.47481787491393,1451.39375755905,47.91
1548.0,1621.908982877651,1622.3256756131595,11.718751320798036,1624.9537864395784,47.91
1371.0,1891.8958504572468,1892.3764672109796,10.55085068949977,1894.991696409614,47.91
3543.0,2215.7952269771786,2216.194478251945,12.21307931484878,2219.5020849037223,47.91
3222.0,2504.112530105664,2504.5016732298086,12.579550231646273,2507.7541348544314,47.91
3523.0,3183.2033814498327,3183.5856981979136,12.804161737747293,3185.80836878228,47.91
3546.0,3273.610813934664,3274.084237742197,10.55016419466538,3276.823566672395,47.91
3224.0,3358.018385404415,3358.426094834287,12.006701633115735,3360.6798383910914,47.91
5521.0,4237.214328974178,4237.555128914444,14.363985726246916,4239.565100986252,47.91
5539.0,5043.6826907816285,5044.310645330206,8.855919142130213,5046.929473450685,47.91
5522.0,5468.277221311872,5468.622615789136,14.172911843486087,5471.76213292819,47.91
5510.0,5566.147142370581,5566.499214067467,13.904115328766059,5569.886424422577,47.91
5537.0,5647.705594778205,5648.085314203665,12.97292172416427,5651.752627600439,47.91
5513.0,5732.774998587175,5733.1176214164225,14.02305011092484,5736.621440405558,47.91
7525.0,6032.929735306951,6033.340965099723,11.867822752478373,6036.033507894948,47.91
7375.0,6350.744668425741,6351.17734643326,11.607313214335605,6354.8350147806095,47.91
7234.0,6879.249443972974,6879.599447755451,13.986264499310002,6882.952862233173,47.91
7516.0,7065.861037818652,7066.2447047161395,12.466809016619305,7069.756019990144,47.91
7518.0,7533.601168060724,7534.1434473070885,8.94471168112233,7537.816139995868,47.91
