vehid,entry,mid,instspeed,exit,length
217.0,182.57015721066028,184.58102177036508,12.162842719202404,186.1417545232704,45.93
200.0,702.5847467398419,704.5260876537628,12.145382326688189,706.9867896488539,45.93
212.0,1043.4502980053308,1045.2163799734528,12.713892015438343,1047.7509962574484,45.93
198.0,1525.651315974814,1527.377447805566,12.625767874764147,1529.9010283278792,45.93
2209.0,2479.723967461949,2481.5966091493956,12.678104975099062,2484.673097596245,45.93
6219.0,5791.662943982064,5793.553344623905,13.137674632262993,5795.02435778814,45.93
6202.0,5901.57620768388,5903.358230458325,12.27210564234742,5905.948326576187,45.93
6213.0,7164.557748711631,7166.423226329905,12.642890538329148,7169.358885622951,45.93
