vehid,entry,mid,instspeed,exit,length
1287,419.2042325157024,428.0115760143839,5.0,410.7838104813273,250.54
5340,4073.756608291459,4082.2389511725655,11.557128311752725,4095.4341101615355,250.54
7204,6283.428952846186,6292.508907734643,10.953157100083985,6305.2248139725525,250.54
7340,6352.61708409756,6360.247512917712,14.533627155425116,6371.5528364172105,250.54
