vehid,entry,mid,instspeed,exit,length
2458,1931.1216859695096,1936.6131113325357,13.852209293774042,1951.0,155.68
2530,3465.867231506514,3471.3644516479485,13.746624514997892,3487.0,155.68
