vehid,entry,mid,instspeed,exit,length
1140,104.10890110244605,111.41763472505436,15.416492967006121,118.78985608836736,224.19
1682,139.37249235789713,148.28734816314216,12.578119786522024,158.74552584183775,224.19
1646,206.33192140297828,214.510808784401,13.959583712922502,223.68446102043222,224.19
1145,1057.6240644633917,1067.2172629251204,5.0,1046.8203186229255,224.19
1688,1775.9726128456548,1785.1088086788286,5.0,1765.6738213071542,224.19
3136,2145.601647088974,2155.3965871903165,11.388212019212505,2165.2058917268328,224.19
3135,2554.1749703441283,2563.171688086945,12.437652477924756,2571.7818000409843,224.19
3132,3181.2857802001654,3189.2794646313873,13.024622856400438,3199.034397800193,224.19
5696,4834.626454108031,4843.46431392838,12.856362219664529,4853.688157040453,224.19
5639,5254.930378884701,5264.379094147813,5.0,5244.021894105105,224.19
5133,5480.044455794165,5489.177006014106,11.735839266133707,5498.409259222814,224.19
7660,5989.835867097247,5999.017039077576,11.734626758697107,6009.42861528983,224.19
7118,6021.922441494753,6031.003646657376,12.859951446858437,6040.075169622155,224.19
7683,6416.212406495881,6424.380273337008,13.49012512598001,6432.752368568587,224.19
7661,6962.546369285596,6971.337038631339,12.521601617471823,6980.3620822317025,224.19
