vehid,entry,mid,instspeed,exit,length
1172,365.22179701275854,386.378180690878,5.0,378.8485771455039,465.33
1166,1740.6348047413396,1760.5277599597387,11.580604924260312,1781.4329945066581,465.33
3179,2999.014653032194,3016.257571563866,13.663934781717105,3034.616085719035,465.33
5151,4181.371799087908,4200.347739812191,11.77937863501826,4219.785950109624,465.33
7166,6514.714198544615,6531.453101123583,13.4012254313736,6549.15518336328,465.33
