vehid,entry,mid,instspeed,exit,length
1604.0,951.0,964.0774544350439,12.021858213074495,976.9922501072294,295.17
5594.0,4121.0,4133.114026229423,13.009544050037526,4161.671620904001,295.17
5603.0,4328.0,4346.09093602825,8.673792997722863,4361.435716748612,295.17
5614.0,5300.109027316962,5313.180678065356,12.113205418191797,5349.37332953448,295.17
