vehid,entry,mid,instspeed,exit,length
1245.0,592.0,600.0123426574042,12.771927783134352,626.4828481554518,176.71
1402.0,690.0,696.3264540960876,16.16457108758628,701.8274295534966,176.71
1278.0,726.196111091712,733.0293744092758,13.81483752493037,762.1905854977235,176.71
148.0,874.4177825588482,881.1770240474143,13.120302953603758,888.9313589474024,176.71
1297.0,992.9587391973088,1000.2646426829237,12.295502534540836,1008.8703721820144,176.71
1403.0,1055.098716920638,1062.1738446672528,12.467132106136408,1069.2421909765121,176.71
1275.0,1533.9765051070478,1541.45276744199,12.209832355275081,1548.8020193323796,176.71
1415.0,1685.0,1693.0651540807253,11.267655479147436,1701.52228666769,176.71
1273.0,1714.8728049764509,1722.1195231013353,12.750625691551011,1730.3556438957166,176.71
1266.0,1848.0,1856.3572784177788,11.372960985284369,1863.6839335256973,176.71
3277.0,2353.590752328853,2360.031018249975,16.224137673560335,2365.499686504253,176.71
3260.0,2605.0,2612.1333761044125,13.765093438061188,2625.601283562011,176.71
3266.0,2643.840789728902,2649.26041522424,16.133414739867018,2654.655886341914,176.71
3239.0,3288.0430453771073,3295.202041428606,13.721536855742839,3303.6210975562185,176.71
3265.0,3470.0,3477.6113602798905,13.308552575461967,3483.939264132578,176.71
5274.0,3907.2254075741153,3914.2215869189126,12.905179880379409,3921.9340734428697,176.71
5291.0,4326.424517080886,4334.28661084586,11.721932698911818,4342.8858799724185,176.71
5279.0,4773.0,4780.104264246802,14.188354971797354,4786.492349927949,176.71
5265.0,4863.769299708866,4871.302429741448,12.06898801755328,4879.770348934683,176.71
5266.0,5317.044839563934,5324.408623036953,12.773014995826529,5331.122467451666,176.71
7275.0,5493.833043865048,5500.528990812572,14.56783635970234,5507.725656694505,176.71
5256.0,5538.016747381559,5546.254483028115,11.424007221749534,5553.884680664422,176.71
5263.0,5542.0,5550.077870055908,12.712925174328355,5557.535886145026,176.71
7263.0,5807.0,5817.430153951173,9.442104601168472,5826.780263157981,176.71
7261.0,5898.043123962036,5906.0015057477785,10.960360042527439,5914.559650599988,176.71
7417.0,5912.0,5919.379383711101,12.738758351498712,5939.86110181063,176.71
7420.0,6003.0,6009.611729958272,14.327492417970747,6015.456679280803,176.71
7267.0,6216.94121591613,6225.150935626617,10.945954435016606,6233.265942265402,176.71
