vehid,entry,mid,instspeed,exit,length
1297.0,1038.9807769962283,1048.488355929332,11.585689195625712,1058.1977907964226,232.08
3205.0,3456.6736589012285,3465.1237398949293,14.252448160639178,3473.3539605571623,232.08
5284.0,4626.95447272482,4637.474464963713,10.658790555209697,4648.055550829478,232.08
7204.0,6972.150761872397,6981.340960431615,12.03925790340723,6990.617920358656,232.08
