vehid,entry,mid,instspeed,exit,length
2216.0,3378.1825659155234,3383.513255657139,12.83194470054904,3388.652600734829,119.21
2208.0,3468.095017788004,3473.3726863230986,12.877981284531044,3478.5616306368265,119.21
2219.0,3558.1837133281615,3563.226882987971,13.125074093080618,3568.685697139136,119.21
4214.0,5087.760487297563,5092.470739392283,15.605995218913018,5097.494837629249,119.21
