vehid,entry,mid,instspeed,exit,length
536.0,228.18757200979928,235.4077904477336,11.965694383492417,240.91743026020703,160.38
541.0,606.7506990295037,613.4605187709968,12.959729052896279,618.8390437481593,160.38
543.0,1083.7319886115056,1091.0593851746025,12.015892655355154,1096.6144506221804,160.38
555.0,1578.8766013509373,1586.0209963553173,13.724391312477586,1591.2002952078929,160.38
534.0,1590.9948110850885,1598.2008691394733,12.049150696109342,1603.9072288952025,160.38
527.0,1848.8788526334233,1857.0927748640065,10.303636784140336,1863.4458623535575,160.38
2553.0,2254.5505464808343,2261.558251348551,13.213811123068119,2266.6699160946964,160.38
2533.0,2467.606032918424,2474.191926231102,13.023926550731606,2479.533712077459,160.38
2539.0,2614.3519126508527,2621.4011136589156,13.670254967939812,2626.583741701931,160.38
2449.0,2658.5811067528357,2667.2269627571095,10.33284281609092,2673.9244814830563,160.38
2531.0,2757.676150222528,2764.2594765783815,13.74564021364847,2769.5084748339814,160.38
2544.0,2805.6389306006267,2811.109705667129,16.322294674788367,2815.3742394058363,160.38
4524.0,3848.869807923785,3855.2459927086497,13.370405570521148,3860.435329249592,160.38
4548.0,3918.316125099066,3925.5299184484606,13.201838559851195,3930.94330234161,160.38
4451.0,4234.526644599389,4241.37550199274,12.570685184885981,4246.7521235577115,160.38
4539.0,4774.340061831743,4781.1855483016425,13.999609491956003,4786.359337280615,160.38
4543.0,4818.667188218757,4826.0192258898915,12.236215669022315,4831.471563175176,160.38
4551.0,4891.222742851851,4898.26713519694,12.03355790955784,4903.874957156512,160.38
4447.0,4913.2626184519695,4921.358865201904,10.944335885856356,4927.883339834773,160.38
4530.0,5223.627267750939,5230.429030600347,13.340335146577035,5235.706782508,160.38
4542.0,5253.621875362537,5260.245149843616,12.649353437387086,5265.62950778846,160.38
6555.0,6623.3179160130185,6630.5869407356395,12.13781306869788,6636.177137406061,160.38
6530.0,6664.2998984661335,6673.146334297459,9.869822333025006,6679.966763699952,160.38
6547.0,6724.392494023516,6732.145121566646,11.213485690798972,6738.207422420549,160.38
6526.0,7204.006292614303,7212.4204391762405,10.348722092720747,7219.029312479887,160.38
