vehid,entry,mid,instspeed,exit,length
2529.0,2438.13271547059,2444.3491322561736,12.815108075861195,2449.198224791278,160.38
2547.0,3426.287175884663,3433.0558512996804,12.784730964615248,3438.406732893014,160.38
4449.0,4614.38638195806,4620.488051332198,13.916060384263295,4625.337003753887,160.38
