vehid,entry,mid,instspeed,exit,length
2218.0,2098.535306405715,2102.019084279616,13.02854918483213,2105.377512633865,89.5
4057.0,3968.2590842799127,3971.5976829004444,13.376372554302769,3974.923814009336,89.5
6076.0,6667.526342330513,6670.11816159347,17.047673008820677,6672.680919976866,89.5
