vehid,entry,mid,instspeed,exit,length
1259.0,1551.2729403564717,1560.4524313950558,13.028101301085716,1568.1210563374034,216.85
1415.0,1895.6013217479713,1905.376620792019,12.010946918149646,1913.696007318844,216.85
3578.0,2619.3713132911853,2629.118404212239,10.315741686338876,2638.7670295460043,216.85
2073.0,3096.6600761527584,3105.3060349392767,12.989124012857097,3112.6637240150617,216.85
3416.0,3255.0,3262.560450724429,16.815034751414252,3268.4451120009967,216.85
4759.0,4910.0,4920.39390263758,11.538053737582775,4928.745232556281,216.85
4059.0,4969.0,4979.357348734927,11.609006965466063,4987.551307125241,216.85
