vehid,entry,mid,instspeed,exit,length
1290.0,135.0,140.20433467397555,14.5799652893594,144.8120149924156,134.68
1336.0,391.0,396.0651800656322,15.16764132211895,401.9999338830942,134.68
1292.0,1577.0,1582.505934334147,13.367377453361458,1587.7512317586636,134.68
3233.0,3209.0,3214.51019119267,13.353692254919277,3220.7855745091465,134.68
7241.0,5726.0,5731.178105100649,14.372532510215295,5735.98447759607,134.68
