vehid,entry,mid,instspeed,exit,length
89.0,1272.630080192265,1275.5166167433063,12.846113273896883,1278.269001441764,77.93
2038.0,2006.4535956900297,2009.0658997821747,14.285813435991923,2012.577701729691,77.93
4037.0,3880.2707188015693,3883.222823234595,11.433362831420672,3887.054095920227,77.93
4116.0,4057.323873095241,4060.350218446151,12.59847948872122,4064.1856543069707,77.93
4058.0,4169.730204129454,4173.082936209693,11.642537298350124,4176.941436392858,77.93
6069.0,5764.869522648739,5768.280268917327,10.579744946274015,5772.511624230034,77.93
6030.0,7115.089663154079,7118.356526862942,11.671766051798045,7122.023099033563,77.93
