vehid,entry,mid,instspeed,exit,length
740.0,408.1004255439487,413.140317335197,12.757302291530584,415.7740830313076,90.94
211.0,814.0221327603435,818.5567880258843,12.380781200241449,821.9604591585979,90.94
207.0,842.25387646314,846.5651985209373,12.760469432006511,858.2254340432644,90.94
2213.0,2613.9704203511683,2618.393315845363,14.354025136538711,2621.973206807194,90.94
4741.0,4010.0,4015.2986140758353,12.54367001920274,4017.9433082263367,90.94
4207.0,4954.1034886762045,4959.089294799715,11.580267348078909,4962.791513290026,90.94
6211.0,5764.001385539265,5768.234778238438,15.800228619664356,5771.754386594292,90.94
6212.0,6393.523738140804,6398.428427829797,11.05824082908275,6402.523062340941,90.94
