vehid,entry,mid,instspeed,exit,length
4465.0,3847.0277331910493,3848.4167912498865,9.893461691213243,3849.687968535133,30.92
4458.0,4310.251239367162,4311.400096557608,11.610890105606702,4312.48871631246,30.92
6211.0,5814.639469131924,5815.4771670902,15.692874350381912,5816.282825651697,30.92
