vehid,entry,mid,instspeed,exit,length
4115,4466.876466991973,4469.3941778301105,13.137197403749234,4473.631289644157,74.65
