vehid,entry,mid,instspeed,exit,length
534,305.8215602049094,308.1489282065893,15.363963548958433,310.3809056328971,71.43
523,367.28371786487224,370.40307861812767,12.40137336833936,373.2474037077702,71.43
554,412.97825442547173,416.07642110925866,13.013318806062028,418.61083475824256,71.43
460,1405.0509184556036,1407.521382559225,5.0,1380.109451883246,71.43
531,1533.9584521588345,1537.2857586857822,10.268063594503763,1540.5515535326983,71.43
527,1671.7704877672484,1674.5083731915638,13.801222116515675,1676.8935043349943,71.43
3026,2415.0,2418.243603603005,12.708048528478406,2420.8051590778,71.43
2545,2575.029191893983,2578.272072405583,10.453284582883187,2581.598222656573,71.43
3805,2703.402231981542,2706.4329364863775,13.414308534659275,2708.8815920444185,71.43
2530,2860.9736513178773,2864.0376402907,5.0,2837.0524275994567,71.43
4461,3892.9771039894185,3895.473969866594,13.416384969545055,3897.9902306203026,71.43
4537,4234.000830471785,4237.157677235798,11.75827966703278,4239.989755627061,71.43
4552,4478.720579307467,4481.37218564987,5.0,4454.013505497428,71.43
4533,4730.340535639166,4733.306427293684,13.829055759252679,4735.800343491045,71.43
4544,4736.6616912001455,4739.567795175072,5.0,4712.388899405765,71.43
4450,5313.790320129087,5317.206030161427,5.0,5290.413700674794,71.43
5031,5391.0,5394.540127750855,11.209180133996593,5398.856698544782,71.43
5824,5403.474055270572,5406.5172979447025,12.311939293269731,5409.175942217086,71.43
6544,5746.523671057612,5749.272073032318,12.224680542709107,5752.967417527513,71.43
6443,5834.999137349434,5837.1902059173035,14.675572977567784,5839.480893723992,71.43
6522,5843.66928200184,5846.166387076963,13.06228958668341,5849.933867863034,71.43
6535,5878.289479558738,5881.045394265739,11.520814980170266,5883.92275307546,71.43
6538,6888.017001387023,6891.177650535916,13.707948895997637,6893.566438170629,71.43
7799,7113.317087593226,7116.1053896085905,14.656784824408494,7118.355442169605,71.43
