vehid,entry,mid,instspeed,exit,length
137,349.0678981817093,353.5279481397089,13.671145079913972,359.0345244920331,124.29
403,504.53934863681894,510.0491123053251,5.0,485.6257598999291,124.29
398,685.9847364527157,690.5162107861147,12.780702135222173,695.0342648339355,124.29
149,1583.815089917126,1588.4680554495917,13.096493765849202,1593.2835066859361,124.29
369,1939.2924672951615,1944.264408721755,15.402287276979374,1948.257772474758,124.29
2367,2230.393185524466,2235.4092991773714,5.0,2210.600790564157,124.29
2358,2232.2927410026055,2237.3557107717,12.670982670331831,2242.484703357381,124.29
2335,2759.5703765703497,2764.1253357622113,13.860196890012354,2768.6709982989814,124.29
2387,2845.4508049426904,2849.64326386959,14.118666613512866,2853.6961479964043,124.29
2403,3658.0614377820025,3663.01629186557,12.13848930492968,3668.107829047287,124.29
4352,4013.9784537409764,4019.1770036077583,12.14763654477343,4024.3596497652875,124.29
4131,4313.92149227804,4318.374310191232,5.0,4294.176798342776,124.29
4336,4555.004941591904,4560.448000691133,10.822617877589,4565.861978505329,124.29
4346,4556.948737995136,4562.368363761995,11.802327233673607,4567.678441462374,124.29
4401,4831.851330614329,4837.25649905355,11.022046646276786,4842.502868383435,124.29
4309,4914.898429476394,4921.069759667684,9.702569836298485,4927.330664327734,124.29
4343,5393.478166270556,5399.01291772728,5.0,5375.18643340561,124.29
6395,5748.25980100033,5754.456404646727,9.203240416588937,5761.497274144884,124.29
6398,6274.731888464809,6280.046535616745,11.950759465341237,6285.3311892902475,124.29
6360,6805.749735743128,6810.324824091541,13.965848479632264,6814.796839751563,124.29
6359,6994.802616016268,7001.238675529453,9.438716599356832,7007.720975933175,124.29
