vehid,entry,mid,instspeed,exit,length
1284,1590.7314438986145,1594.5320203008919,13.129700678115324,1597.3381789614223,84.29
7282,5643.0,5646.616556529631,15.611805838173945,5650.198618548238,84.29
