vehid,entry,mid,instspeed,exit,length
355,279.99047008024337,286.3264300503789,12.61244849543675,318.0130031337298,157.95
388,546.0621896471876,553.0079709434395,11.380570199974104,560.3370335646318,157.95
366,1088.1740097061258,1094.3257640107292,13.058838392382333,1101.5168056208404,157.95
364,1533.4437233479182,1540.1601783733463,5.0,1517.68184823467,157.95
336,1716.014325303147,1721.561585502833,16.369641072452016,1727.5617289640318,157.95
337,1803.7517332504146,1810.1783514369035,5.0,1786.9354304185788,157.95
358,1809.2601066692337,1816.2657721440928,11.460224318284874,1848.0773724649293,157.95
352,1900.846477359789,1908.243161303415,11.13155012381165,1916.0437536410568,157.95
2380,2077.565407444906,2083.5248141339116,13.273642901324196,2118.265585443515,157.95
2398,2256.9439562528482,2264.496982569267,10.282201861289627,2272.4928466942515,157.95
2337,2975.955607022164,2982.1919280255656,12.630687547882435,3018.0570086205666,157.95
2388,3342.4358258062207,3349.544861829155,5.0,3347.910995286492,157.95
4272,3788.0142100929033,3794.392332769238,5.0,3771.707127636284,157.95
4332,3881.8044973120845,3887.3598005747267,13.638784008457637,3920.252560786073,157.95
4311,3963.7506580721406,3970.4064164245096,12.54214690753906,3977.481102537487,157.95
4361,4417.311891918824,4425.0481233913215,10.475800193967588,4433.286252009255,157.95
4277,4425.835965492064,4432.303916371398,12.519793840718965,4458.338541908798,157.95
4314,4955.5489992727225,4961.586604690656,13.337207994781892,4968.073076700759,157.95
4338,5140.037429325132,5146.235083954531,12.993116151993489,5153.281146853503,157.95
4383,5313.813478092974,5320.306455243747,12.725415497726612,5327.308440674187,157.95
6308,5590.675957928099,5597.205722614919,12.19252588095036,5628.0219551446535,157.95
6350,5766.219440610142,5772.24149354379,15.544961772312528,5778.338873990498,157.95
6305,5943.691085907519,5950.351694773215,12.048411695309632,5957.748115389141,157.95
6322,6036.024428156976,6042.02487835005,13.526205053258773,6048.731081469245,157.95
6381,6303.477965241181,6309.384619850093,13.749883589939493,6315.754945094201,157.95
6330,6663.383532744441,6670.534507457642,11.32866606457198,6678.141140250242,157.95
6346,7117.523522947533,7123.105720886944,5.0,7099.437460653323,157.95
