vehid,entry,mid,instspeed,exit,length
142,240.43587844711936,245.00039308322232,5.0,222.6194557162371,128.91
154,330.81913658843877,334.4197818026414,13.1444293340294,340.43904006577736,128.91
139,1228.9550523533599,1232.1861999044797,14.344701113344694,1237.5693285573423,128.91
389,1231.9844225882496,1236.2726004263625,10.223025336433677,1243.6329709563083,128.91
147,1498.0189874037599,1501.3218698852868,14.26898713459297,1506.908838592203,128.91
146,1680.9014703429464,1684.5835040723925,13.04975867157257,1690.727669746011,128.91
381,1863.1694701675435,1867.0841222787124,11.286551566163519,1873.8588192611137,128.91
2141,2311.2684217344863,2316.105723349191,8.996510880988906,2324.2052204935217,128.91
2143,2489.824422788384,2494.064581264778,11.386336974152215,2501.134134414659,128.91
2139,2578.3865453092726,2582.133528467003,11.86286602442011,2588.6885625622344,128.91
2364,3054.1921515342888,3057.610853514646,13.860700258826167,3064.525157031385,128.91
2151,3384.94011827619,3389.035012306191,11.315142182559828,3395.8953077788265,128.91
2384,3397.7868939747955,3402.409410371563,5.0,3380.4334702092456,128.91
2374,3399.8256077486553,3404.38614584738,10.744793578597541,3412.367890020451,128.91
2388,3479.1902601423394,3483.1234764572973,11.376182178885552,3489.842760915906,128.91
2386,3567.4698331163563,3570.382208130175,15.90277004751164,3575.267925535075,128.91
4153,4200.034048961436,4203.045847450026,15.965105701525186,4208.057103514288,128.91
4152,4564.070925805434,4568.15795022941,5.0,4544.872213242897,128.91
4134,4930.242514523216,4934.497658034025,10.72773964241046,4941.648205464859,128.91
4339,5179.03075223193,5183.14446749152,12.821357037289848,5189.406335875737,128.91
4137,5463.137602252771,5467.074765353067,11.19454873019994,5473.76751492991,128.91
4406,5550.406560738643,5554.453295867541,10.978549918420713,5561.227038856439,128.91
6350,5840.262890675716,5843.261090862059,5.0,5819.855318762929,128.91
6391,6358.1651774752645,6361.562121689436,5.0,6337.183053059376,128.91
6400,7170.244158146798,7174.518641122617,10.978495067632323,7181.695205328528,128.91
6131,7263.9374487549885,7267.500817360865,13.216837550441205,7273.38647197174,128.91
