vehid,entry,mid,instspeed,exit,length
72,291.88561276103894,295.2801360358652,10.755304386104418,298.61891597070314,76.63
209,576.8309884864622,579.5418301960283,5.0,552.3104361731317,76.63
52,832.224218752478,835.5243948015657,11.16196749670845,838.8798150829298,76.63
6068,6946.942340918251,6949.135521588162,16.321446135530977,6951.365621572756,76.63
