vehid,entry,mid,instspeed,exit,length
463,85.0,86.30456171774588,12.486381957260905,86.88276127161956,20.43
764,437.83715021822724,438.48721137115666,12.872150322260435,439.04858310643624,20.43
73,852.3191385553212,853.1023760057718,11.724647608197321,853.7181403953247,20.43
1259,1035.3466311534849,1036.1461058534755,5.0,1006.7423013659668,20.43
760,1066.9266794147545,1067.5769196435476,12.844016007725942,1068.1312456220164,20.43
1838,1852.9883850620301,1853.6103527829612,13.235524295780214,1854.1565468670233,20.43
57,1929.2341110228808,1930.0910214307148,11.106117455962517,1930.7410794285536,20.43
2461,2252.0,2253.529319605342,10.95998084521205,2254.186945384917,20.43
3256,2297.8549867606007,2298.507744312603,5.0,2269.061173476494,20.43
3831,2764.2719591887044,2765.0739062928055,11.705503828237692,2765.6906777349514,20.43
3807,2933.206574715069,2934.0263813652605,11.357586922787018,2934.66204636402,20.43
3580,2940.841135652804,2941.5042457134455,12.471867231514288,2942.0817783728817,20.43
3817,3294.837013582327,3295.539698527423,5.0,3266.1527856530925,20.43
3036,3716.886673558361,3717.513096261264,13.510246864555143,3718.0496196463064,20.43
5832,3827.9410539315045,3828.5815339675014,13.015506780551071,3829.122888063218,20.43
3025,3909.27735117926,3910.1191311606826,11.083169219407043,3910.7705351349664,20.43
5549,4272.394233618151,4273.209753463794,11.29456705790866,4273.848965258294,20.43
4739,4437.926458418009,4438.579669234673,5.0,4409.140750928149,20.43
4069,4553.42164789363,4554.267551597464,11.155438323911945,4554.914735533008,20.43
5556,5531.30727349733,5532.062984114936,13.008167076851786,5532.617990860661,20.43
7558,6070.50688010461,6071.342845566977,11.101387143819784,6071.993180555177,20.43
7389,6171.226065368161,6172.008659291174,10.280300171778604,6172.710936496756,20.43
6452,6273.372608206534,6274.140723350494,9.937625790628166,6274.867216843939,20.43
7237,6614.3594109182395,6615.181950611064,5.0,6585.814133041305,20.43
7802,6982.713366793928,6983.372631065606,12.095724817674785,6983.969504802898,20.43
7799,7068.27980487888,7069.126290874648,10.827719489443567,7069.7930629021475,20.43
7412,7138.951852440956,7139.602422426574,5.0,7110.166261729878,20.43
7231,7421.9625811583865,7422.602387526329,12.958627036327316,7423.170405470419,20.43
