vehid,entry,mid,instspeed,exit,length
89.0,273.95288009019174,280.6334531920134,14.001784026448803,286.4486042183789,174.39
2092.0,2089.412831489059,2095.4384012257938,14.68839868352807,2101.3278704383647,174.39
2104.0,2181.0642457434838,2188.5135739991447,11.502158639701966,2195.8956315108867,174.39
2085.0,2822.407402886999,2829.521369154439,11.991192867962685,2837.1731535079243,174.39
2094.0,3245.794461249888,3253.267415884657,12.106807995848149,3260.3085310630513,174.39
4079.0,5133.947978424146,5141.108433426521,13.212201094770984,5147.561621332215,174.39
6084.0,5610.311135351675,5616.549445496877,14.0059562079416,5623.66506156689,174.39
6104.0,6579.477989671318,6586.485914849217,12.563988693609287,6593.442406023148,174.39
6083.0,6842.565210173248,6849.069212446364,13.219680128635819,6855.615220585731,174.39
