vehid,entry,mid,instspeed,exit,length
1814.0,1043.6396549206067,1048.3615690141341,9.79240384018218,1056.6608442355189,125.75
1757.0,1116.8261582005443,1120.4117628702909,11.543836712158589,1126.99161058649,125.75
5814.0,4278.8782079302455,4282.405633736645,12.146035471724806,4288.623877781622,125.75
5812.0,4459.587910278282,4463.318913697007,11.93302324522083,4470.023418957676,125.75
5755.0,4522.180540882826,4525.1440395218615,13.297523175473168,4532.567120011056,125.75
5850.0,5179.014644319722,5182.411814015691,14.621699038212864,5187.592037473698,125.75
7759.0,6776.280196114902,6780.2128476975295,10.786597607696333,6788.47827132615,125.75
7822.0,6979.584622942449,6983.500833156654,12.29180796160619,6990.07411837778,125.75
7821.0,7249.1740881239175,7253.142857911005,11.037119487173056,7260.262573296168,125.75
