vehid,entry,mid,instspeed,exit,length
544.0,1264.2069169787121,1271.1466503961958,12.583618311078425,1276.4969652546486,160.38
2534.0,2076.301835696004,2083.3627618817804,12.011281192385795,2088.8880977943422,160.38
2540.0,2434.12764935242,2441.339392690684,12.728525218875482,2446.859510795397,160.38
6547.0,6306.212422252879,6313.46202072273,12.371910155918437,6319.0380264219475,160.38
