vehid,entry,mid,instspeed,exit,length
65.0,458.3922302249913,461.505930872402,13.105486542386783,464.72827238706395,89.5
55.0,1087.9332073119322,1090.6534388076393,16.00553772628872,1093.403798738534,89.5
2209.0,2189.657077632323,2192.627213905195,15.18095806702522,2195.6168698316947,89.5
2073.0,2708.0308187673186,2711.072186781813,13.279317891735493,2714.216513001301,89.5
2212.0,3253.122318230467,3256.5304344574433,12.32152776344942,3259.999301555625,89.5
2070.0,3698.0076856772057,3701.1677165626697,13.064222955933145,3704.4449265567864,89.5
