vehid,entry,mid,instspeed,exit,length
67.0,1988.1111239460172,1991.420903849045,13.686211706802968,1994.6693727768477,89.5
2215.0,2797.451634316663,2800.364949724644,14.859788064710587,2803.151115136078,89.5
2052.0,3878.4278263518227,3882.2310452567967,11.698137049604528,3885.943817802628,89.5
4212.0,4063.8197393924297,4067.4434693827584,11.91052316300036,4071.0594196945153,89.5
4062.0,4959.427174140735,4963.303661819296,10.330178647926076,4967.2428704712775,89.5
6206.0,5498.730999437969,5502.126950580461,13.063380530935943,5505.454229080816,89.5
6209.0,5683.095354241775,5686.2131617137475,13.229886642896789,5689.377956692147,89.5
6217.0,5976.732858275966,5981.384085617657,9.449114337431489,5986.049279910239,89.5
