vehid,entry,mid,instspeed,exit,length
1850.0,118.86745898630225,121.1320389698836,11.914669978446959,124.27975546768819,69.11
3858.0,2388.4169065550127,2390.1042313846806,15.31807436371256,2392.4727440427114,69.11
3839.0,3470.650365578408,3473.0531035021268,11.291078076493793,3476.3606575233657,69.11
5848.0,5531.755890826059,5533.544422504442,14.557548874673135,5536.121584536682,69.11
7854.0,5994.6986655290375,5997.136779370245,10.36436824917635,6000.5188449352945,69.11
