vehid,entry,mid,instspeed,exit,length
2122.0,2482.1051529027577,2486.3076082088573,11.98895291763259,2490.465437822582,106.74
2125.0,3381.825796475639,3387.131243011944,9.90900090467898,3392.2433838411175,106.74
4355.0,5539.754050365253,5543.514264726475,14.24135379079556,5547.03533108416,106.74
6310.0,5809.589713778956,5813.348888772605,15.334164448546622,5816.616082092179,106.74
6351.0,5991.790918175519,5996.278398035805,11.267052740130255,6000.728385092543,106.74
