vehid,entry,mid,instspeed,exit,length
2086.0,3573.4848270531425,3583.414107306412,12.037628623111804,3594.1767045166225,244.92
4076.0,4657.757143104547,4668.2187092931745,11.460948625343327,4679.6579208446565,244.92
6091.0,6100.373505577763,6109.383410373872,13.824956199606842,6118.941330690888,244.92
