vehid,entry,mid,instspeed,exit,length
410.0,19.49943231212434,19.50701396249379,12.956864104263051,19.514868145856227,0.2
414.0,143.49992336002754,143.50867964043056,11.218737751812446,143.51775067754085,0.2
560.0,436.0631281760662,436.0712860094799,12.04172830479989,436.07973708758936,0.2
491.0,461.2572230099563,461.2655224315526,11.836296347079898,461.27412018742933,0.2
633.0,1037.009146313948,1037.0160006477493,14.331723019202554,1037.0231013701357,0.2
409.0,1397.363738328388,1397.371104665207,13.335585371570541,1397.3787357952729,0.2
570.0,1413.6414736260763,1413.6481789823488,14.65014080265679,1413.655125372001,0.2
551.0,1664.5492416643672,1664.5575543685627,11.817383514629826,1664.5661658845004,0.2
2649.0,2485.5537197565204,2485.5611507705707,13.21951659034927,2485.5688489027816,0.2
2508.0,2618.0126165778647,2618.0205480629575,12.385374539304092,2618.0287646563397,0.2
2603.0,2650.040211570537,2650.0494848919193,10.593228625727807,2650.0590915557677,0.2
2557.0,3550.421711408588,3550.43124062073,10.308765515819463,3550.441112373688,0.2
4567.0,3967.066653575989,3967.0758386309676,10.695027275741523,3967.0853538555534,0.2
4562.0,4638.049452833753,4638.057044981916,12.93894842610789,4638.06491004043,0.2
4586.0,5004.026308437191,5004.035165719231,11.090807887819377,5004.044341388624,0.2
4583.0,5088.317316067598,5088.327909937273,9.27276024138236,5088.338884618363,0.2
4580.0,5106.294935730167,5106.303057925849,12.094563755212723,5106.311472085181,0.2
6546.0,6261.348200644647,6261.356358046818,12.042364892181599,6261.364808678183,0.2
6641.0,6290.08065261413,6290.089241658761,11.437175814647118,6290.098139448576,0.2
6420.0,6311.21930420261,6311.2284949979,10.688347462426577,6311.238016169142,0.2
6476.0,6399.426971754118,6399.434081474003,13.816917561556117,6399.44144676268,0.2
6526.0,6526.065006278816,6526.072557382045,13.009279644066245,6526.080379920207,0.2
6543.0,6977.05226751499,6977.060072374943,12.58631341346179,6977.068157791469,0.2
6608.0,7060.014675839812,7060.022750474529,12.16580278477039,7060.031115363248,0.2
