vehid,entry,mid,instspeed,exit,length
2158,2569.271304526517,2572.3841181211264,13.379263331493982,2577.123349821078,93.12
4154,4818.3899880997,4821.519149224879,13.08524866111425,4826.904940162575,93.12
