vehid,entry,mid,instspeed,exit,length
1487,184.03861143918485,188.4793835524882,5.0,163.71811304716618,105.03
1494,272.07789462081485,276.18201507713934,12.83378241444273,281.4765783479838,105.03
1373,316.4955226273802,320.57174171607954,12.714205814202822,324.6128535383107,105.03
1484,366.6837411208634,371.3578876423439,11.886091491551765,376.914404774407,105.03
1480,635.6404939413918,640.2160349952662,11.150278714224324,678.5455699828533,105.03
1493,1893.6838559845673,1898.1422850613703,12.938977364569322,1903.028563690579,105.03
3493,2433.3967311313413,2438.076192379051,5.0,2413.814263994739,105.03
3488,3063.610047713479,3068.4825959826194,10.80147793957438,3074.4635978772976,105.03
5482,3963.827949286004,3968.029350632572,5.0,3942.9084844848335,105.03
5489,4233.804044595837,4238.0629980148815,12.141374007016724,4243.473676733214,105.03
5502,4773.501283663484,4778.156130552658,11.978916222350511,4784.450438354247,105.03
5485,4866.446810170524,4871.015435812713,12.245994984939427,4876.511581494072,105.03
7499,6303.91948745025,6308.312249979606,13.438595699493305,6313.965156773446,105.03
7486,6753.538394840017,6758.547330358447,11.115991030952019,6764.39530167126,105.03
