vehid,entry,mid,instspeed,exit,length
538,311.5727376502743,314.4152483981377,11.91878500537595,317.2978779604876,71.43
1003,435.0,438.48758238449483,12.602155776835374,442.6426767673038,71.43
532,678.2139919715519,681.4412031081381,14.057461079535713,683.6743643926517,71.43
531,873.2515891928133,875.5252719155917,14.189886290645976,877.8904032303675,71.43
445,1128.07489695445,1131.3344668895372,11.878887716840351,1134.0763043761233,71.43
467,1301.8468988637942,1304.4709010639876,13.736459933316697,1306.9701083728035,71.43
537,1444.0926845324332,1447.1139727661148,13.8575010183437,1449.576481213356,71.43
524,1670.2122239226042,1673.0811207736717,12.512910127598452,1675.8137017137217,71.43
2452,2030.2993112701106,2034.1491036273073,8.366736861246725,2038.1162927283046,71.43
2469,2073.246219448266,2076.2668166749313,11.376207621145738,2079.289049471793,71.43
2768,2325.0,2328.27030462475,13.565240971705848,2330.7874350664592,71.43
2460,2452.5833018749627,2455.423851490216,5.0,2428.2404668963254,71.43
3814,2704.100054925216,2707.0055995900007,13.15186848653293,2709.524350328791,71.43
2546,3107.9205329084816,3111.137826097596,13.20721971695598,3113.737269202553,71.43
2556,3134.5627821319504,3138.1358616360553,5.0,3112.577027326184,71.43
4768,4385.12001077287,4387.4786023819015,13.974228140810943,4389.934880047077,71.43
4464,4430.92044547637,4434.005234343356,5.0,4407.217514286998,71.43
4753,5108.0,5111.346435980966,13.123221151954832,5113.938896360878,71.43
6468,5574.724557852483,5578.3584483671675,9.689008525194028,5581.866898212507,71.43
6469,5853.817529786143,5857.237709949828,5.0,5830.56505472069,71.43
6760,6016.0,6019.546716198236,5.0,5994.175112524575,71.43
7808,6757.109653640727,6760.429127209208,12.32939040994136,6763.122677654082,71.43
7033,7367.0,7370.523893729618,13.258309623911922,7374.142376098367,71.43
