vehid,entry,mid,instspeed,exit,length
447,810.8478786250022,814.2324642137843,5.0,786.8871118838305,75.54
449,1090.2299639665575,1093.372942743952,11.984869294405408,1096.430711174734,75.54
2451,2766.085189125133,2769.0191353044984,12.930035159072117,2771.9339843868406,75.54
2738,3387.878613302974,3391.1660808279175,5.0,3364.36176195538,75.54
4451,3975.2483370740288,3978.3215543255546,11.497939684787413,3981.4246747042575,75.54
4733,4031.8166539736467,4034.5671086073867,13.539743776495273,4037.368084772254,75.54
4446,4829.649650454794,4832.232248535135,13.378987513296748,4834.809889235242,75.54
6450,6849.546693332986,6852.440484269108,12.167835540168248,6855.3723635557435,75.54
