vehid,entry,mid,instspeed,exit,length
57,1081.339228371183,1084.5249409869348,11.221699616754536,1086.4340282919388,52.32
2060,3061.31454451002,3065.1521783351673,5.0,3037.2118701646154,52.32
2217,3331.551252891743,3335.311710072299,9.602851857756136,3337.420903062577,52.32
4061,3871.1931441309575,3874.3715140000368,10.741634020139234,3876.3830638587683,52.32
6076,5851.158104697752,5854.404242389121,10.850144847855201,5856.451230931143,52.32
6067,6211.320821906341,6215.00214566451,10.782481549144823,6217.053759297575,52.32
6057,6481.663375513622,6485.421228736058,9.933067623085444,6487.439835017032,52.32
