vehid,entry,mid,instspeed,exit,length
1402,1424.5558670236096,1431.5041604234448,12.912651892297639,1440.689841948896,179.92
1610,2042.894741231965,2049.4547597982896,9.942106291101886,2059.9614526216337,179.92
3567,2673.9065062677314,2680.459531784053,5.0,2658.201760233199,179.92
5245,5348.168336047281,5354.491292253395,13.090999150901142,5362.215055128931,179.92
