vehid,entry,mid,instspeed,exit,length
894,96.07293644548545,101.5391301910356,14.268199661304047,105.58241166733292,137.18
525,727.9684846963511,734.4125542094947,12.282413080403648,739.2317879037228,137.18
568,1271.8213982211714,1278.4956913981175,11.953029964488206,1283.451739318985,137.18
2664,2885.74389091618,2891.4292855817835,5.0,2865.7841758821164,137.18
4846,4596.3222204420335,4602.262783772633,13.32624369191414,4606.557545616245,137.18
4880,5047.558149236521,5053.42909475136,11.821766456106031,5058.06152763294,137.18
