vehid,entry,mid,instspeed,exit,length
85,1766.285187373558,1775.2703461209724,5.0,1754.818729087017,244.92
2094,2587.899902363238,2597.0836345441694,14.05876494182828,2606.818124506223,244.92
4085,4653.3619868766655,4663.399625638701,12.39631980493501,4673.77525919224,244.92
