vehid,entry,mid,instspeed,exit,length
2947.0,3134.6159219607357,3135.0004155342685,8.541613186450457,3135.172457537733,8.94
