vehid,entry,mid,instspeed,exit,length
807.0,737.7916932809115,747.4610295105451,12.383468425007782,757.7809014487582,245.41
2812.0,3525.5058377318787,3533.1184693728624,15.230345108679067,3542.797963814732,245.41
4788.0,5055.163995365223,5064.311089809079,12.313376869264069,5074.324145466846,245.41
4809.0,5239.954754257221,5249.101599154524,12.710525267423684,5258.8638107371235,245.41
6808.0,6768.177276299159,6778.224191283647,11.0548572686807,6815.822487854872,245.41
