vehid,entry,mid,instspeed,exit,length
545.0,96.28635307472642,103.35937291700562,12.170701494503607,108.86756378438189,160.38
447.0,1804.3593094123178,1811.031603589545,14.435749885660076,1815.8877296361984,160.38
2539.0,2796.179315213892,2803.4352434096645,12.582736505836456,2809.121039590347,160.38
