vehid,entry,mid,instspeed,exit,length
3755.0,2798.626710935745,2806.4814898807203,11.052880120835553,2810.2700234486606,135.0
3756.0,3607.9709330809583,3616.3276996699765,11.20704114115892,3620.2428590272784,135.0
7757.0,6451.914482738436,6459.428167657686,11.570043970313996,6463.134102036574,135.0
7756.0,6580.702062615677,6587.45035027571,12.969778959399271,6590.835121606561,135.0
