vehid,entry,mid,instspeed,exit,length
63.0,284.60187732527993,285.3560439899997,14.58581142415978,286.0687714405385,26.82
71.0,559.1311744607161,560.2149691038461,10.09910589520267,561.2234540418291,26.82
212.0,668.2347391340168,669.1756962880302,11.820944473030742,670.0617933406444,26.82
67.0,736.4766687812956,737.3748855800422,12.659488898284614,738.1882466771095,26.82
2063.0,2266.2872829234316,2267.180524915766,12.455975044865063,2268.019494790907,26.82
2214.0,3632.901139575501,3634.0101366963545,10.985047261670704,3634.961396039117,26.82
4054.0,4155.489698266322,4156.363220915473,13.158206128613951,4157.152220159359,26.82
4206.0,4362.161223117611,4363.228477612715,10.479242334684479,4364.216835609932,26.82
