vehid,entry,mid,instspeed,exit,length
1975.0,997.8724334256759,1002.2723648317742,12.535006151175908,1006.0972270856288,104.47
3963.0,2345.869701882316,2350.1393776405116,13.775755600079165,2353.4898372759053,104.47
3982.0,2435.8597920011116,2440.3677733296986,15.136633823834813,2443.5112920838574,104.47
3116.0,3333.957335900207,3338.3874199324755,12.217894348274292,3342.0085934589897,104.47
3954.0,3789.8847269826574,3795.078343289309,10.587098278459425,3799.5468551323333,104.47
4863.0,4148.44591016589,4153.309057251413,12.641119300544924,4157.034821065406,104.47
5133.0,4595.313986977804,4599.600961712647,13.62792655388701,4603.01333920949,104.47
5139.0,4829.521428909726,4834.315134300527,11.12698751630259,4839.559008412803,104.47
4860.0,5323.213514041335,5328.33214095237,10.545946483963471,5332.824103436948,104.47
4868.0,5587.403259021678,5591.576543137815,12.943281358959982,5595.111066296838,104.47
7123.0,6126.799029579932,6131.064024479214,13.11327417010261,6134.714282587703,104.47
6873.0,6485.425188552506,6490.0768312492855,12.314625641141895,6493.9174302200245,104.47
