vehid,entry,mid,instspeed,exit,length
1290.0,21.406522988551206,25.171715842738436,11.688020254769286,28.209366735406757,84.29
1204.0,141.4527174297244,145.3090018749474,12.124040634306507,148.1491800755403,84.29
3205.0,3407.5901951363485,3411.079933116924,13.038643298121805,3413.846158681942,84.29
