vehid,entry,mid,instspeed,exit,length
110.0,323.2137044233962,324.0967622185858,8.69010347266955,326.54267007528745,35.93
112.0,410.4165232782328,411.1642371537781,9.195346296975664,413.63968839759997,35.93
55.0,1132.566199005511,1133.317802854508,9.700404788078382,1136.387180084971,35.93
43.0,1402.5455887920775,1403.3620181145604,10.367989908190633,1406.0257685178015,35.93
49.0,1672.5621837759134,1673.3369034538673,9.429609494000495,1676.0856998808608,35.93
2029.0,3022.633335039516,3023.4636033150337,10.290431350533558,3025.8921061394517,35.93
2060.0,3562.304214272552,3563.0108642252308,9.205048512339541,3565.351336905685,35.93
