vehid,entry,mid,instspeed,exit,length
108.0,183.78013444668565,192.04346780773662,13.058901729628383,198.10970407529535,181.82
1289.0,1012.7125713078146,1020.2433969785494,13.197635247959393,1026.1836543562274,181.82
2052.0,1931.183558146427,1938.482558470052,14.69092946507244,1945.8358803981134,181.82
5280.0,3895.3993534884953,3904.2632500635814,11.58930633631985,3912.2575219215796,181.82
5285.0,4437.319471500324,4447.246370573897,10.236508379408505,4481.59981814691,181.82
4020.0,4503.967972303741,4512.19809155651,12.964841462665067,4518.123776370297,181.82
5252.0,5244.594457611763,5253.35471252452,11.911932095309355,5260.885574559731,181.82
5243.0,5331.189067017244,5338.347286783751,13.564466083866815,5343.972891988483,181.82
7254.0,5607.919876532422,5616.172290357783,12.710255070032249,5623.587445548355,181.82
7297.0,6144.082853984683,6152.541565020122,11.420481304752048,6184.0,181.82
