vehid,entry,mid,instspeed,exit,length
3668.0,2390.1415575926926,2394.502040567885,12.482171857787796,2399.89323191523,112.45
