vehid,entry,mid,instspeed,exit,length
200.0,526.0244713678688,528.0413686108436,10.975176282217069,530.8083464685162,45.93
6218.0,6098.458303448482,6100.089713047019,12.065477094098664,6102.788571524016,45.93
6214.0,6533.498317224917,6535.253066333894,12.427515726721584,6537.935573217417,45.93
