vehid,entry,mid,instspeed,exit,length
143,498.5152619909777,501.59939777253504,13.214119581511552,506.5976361269622,93.12
135,1129.0535270520293,1132.2227631648773,12.018988170847937,1137.6391107259008,93.12
5304,4145.794760050805,4148.616132910311,13.104330604298532,4153.8332049155215,93.12
7302,5499.605322287887,5502.493569884766,5.0,5477.918447166776,93.12
6153,5541.9946518564175,5545.387862427173,13.426390568107774,5550.285782177854,93.12
