vehid,entry,mid,instspeed,exit,length
524,1783.2725998036058,1788.2540540439888,15.017244587093797,1794.7664091298652,155.68
4546,3755.4666282268054,3760.397536828424,15.459775432260512,3767.3227661930596,155.68
4446,4343.261238058329,4348.450290980311,14.377751019569594,4353.924563921439,155.68
6519,5602.57958703874,5607.630529537963,5.0,5582.9116509967225,155.68
