vehid,entry,mid,instspeed,exit,length
475,30.269083948550072,33.231113588460495,10.393895293386679,38.17692766038074,90.67
474,1042.9437272347607,1045.2642420934906,5.0,1019.9685239408905,90.67
4485,4126.435633964955,4129.0100178333905,12.405323206093382,4134.213858312702,90.67
4476,4233.17193196213,4236.440843860518,11.821015318070348,4241.0576001521895,90.67
