vehid,entry,mid,instspeed,exit,length
1760,1358.848108552708,1366.5192021990263,12.819896895031345,1369.8898447882839,135.0
