vehid,entry,mid,instspeed,exit,length
66,1989.412997677548,1993.4846092540488,10.465901878057728,1997.4792920417513,89.5
2205,2618.146300246045,2621.1852791842916,13.775954415143465,2624.297861198006,89.5
2050,2708.2548106234544,2711.210884284613,14.69768651701176,2714.0893920639887,89.5
2214,2984.3376682538974,2988.350657448489,10.73859412365955,2992.389084957083,89.5
4051,4327.998867535274,4331.444049796298,5.0,4304.969974053156,89.5
4061,5137.943901408163,5141.460362546665,12.734475835888258,5144.961323474056,89.5
4214,5245.559292218245,5250.12870969343,9.165279510754534,5254.755604547873,89.5
6067,6488.664136080053,6492.450750209421,5.0,6466.210708473019,89.5
6051,6939.0532677066785,6943.3200452274305,10.546036468043058,6947.459990096016,89.5
