vehid,entry,mid,instspeed,exit,length
1377,543.1855355741249,543.5567734701036,13.186276321757935,546.094854668942,47.91
1535,813.5421853872887,814.1623241260678,5.0,786.7068990215538,47.91
1518,815.7984293876593,816.2953576978501,10.672150176017578,818.6927948215508,47.91
1546,1069.7359276959942,1070.129808919677,12.823825254927636,1073.8167047414327,47.91
1527,1420.787170844563,1421.1473301422423,13.781862478662633,1425.157182558652,47.91
1216,1442.0104034229282,1442.4284175226992,5.0,1414.8504779205005,47.91
1532,1601.29338546063,1601.6417722564895,14.051179710771963,1604.8877920126588,47.91
1530,1861.1267556382886,1861.4797758992556,5.0,1834.842082529719,47.91
3233,2916.807612032461,2917.1379415720885,14.853659519902319,2919.0932913939637,47.91
3529,3097.8002001467903,3098.226000918494,11.480865616935633,3101.679805854625,47.91
3530,3284.0975361444594,3284.47349661976,13.020638601877645,3287.917603816142,47.91
5515,4351.784720887581,4352.18212188901,12.794195232014811,4354.440177022169,47.91
5547,4686.105667296413,4686.517562228241,5.0,4658.963875048842,47.91
5532,5673.908023953034,5674.321316379762,11.97408822032148,5676.790435945148,47.91
5545,5736.196947902576,5736.58470831546,12.624407533127046,5763.1412187929345,47.91
7526,6033.429825680518,6034.047757233814,10.128594010100986,6036.479354635804,47.91
7379,6121.895115494327,6122.326309940738,11.632331843583202,6124.914515977629,47.91
7211,6526.064016274614,6526.472160324319,11.993916072079022,6530.248107068108,47.91
7387,6613.150959638702,6613.490452366123,14.41929408822639,6617.222625053979,47.91
7515,7065.019075013409,7065.402483857436,12.767690557312454,7068.984781904257,47.91
