vehid,entry,mid,instspeed,exit,length
475,24.0,25.132869338119388,5.0,-4.909748691940926,5.37
502,253.0,254.01801764826075,10.875012581134246,253.0,5.37
620,338.0,339.105769755226,10.110704799909943,339.0811099314045,5.37
431,350.198454750574,350.3024381948454,10.52751789694417,350.2787547205908,5.37
622,1566.0,1567.0482325891162,10.618918182765118,1567.0247529657886,5.37
2550,2180.0,2181.0820872775735,10.050588038456317,2181.0572799530546,5.37
2545,2731.0,2732.003371020578,10.686043580767384,2731.0,5.37
2440,3279.037228419205,3279.136617446545,11.014169268425169,3279.113980405748,5.37
2438,3515.0,3516.0431782478627,9.508633449683343,3516.0169570037274,5.37
2525,3561.9662962985744,3562.0424640593055,5.0,3532.0246186306813,5.37
4502,3790.000365482507,3790.0865100335195,12.70756603498436,3790.0668895807603,5.37
4565,4242.022194948605,4242.122602234632,10.902471462599783,4242.0997332732295,5.37
4552,4330.161255840566,4330.256744747757,11.464028678943674,4330.234996006014,5.37
4511,4913.003084674739,4913.115457155892,9.741598292768074,4913.089862978059,5.37
6498,5569.091093596516,5569.186844897532,11.432613018715912,5569.165036392454,5.37
6578,6328.934659282772,6329.01290603297,13.99019854229892,6328.995084398894,5.37
6511,6387.103192866456,6387.212111495825,5.0,6357.187303974084,5.37
6467,6872.945080856127,6873.098795652885,6.022270366933956,6873.057394622396,5.37
6504,6935.18939544072,6935.3002786694315,9.87243592447656,6935.2750236866705,5.37
6477,6986.518218136273,6986.6006020698005,13.287634174371375,6986.581838142693,5.37
6569,7115.0,7116.100181247413,10.180105072982286,7116.075689535659,5.37
6516,7147.0,7148.034388451551,5.0,7118.011986253557,5.37
6415,7150.273799469051,7150.369105128773,11.486070960958248,7150.347398123834,5.37
6539,7196.0,7197.037102512991,5.0,7167.0116391842275,5.37
