vehid,entry,mid,instspeed,exit,length
605.0,900.0,903.4141428298326,14.666439927277214,907.2455576446441,94.2
6536.0,5829.0,5832.31510681829,14.776671291119145,5836.89222109114,94.2
6457.0,6022.0,6025.20328240303,15.42111727730331,6029.793726809477,94.2
6456.0,6909.0,6912.294391421984,14.64459264338039,6917.315725735493,94.2
6447.0,6995.0,6998.5190452619245,13.96776508810103,7002.385843013475,94.2
