vehid,entry,mid,instspeed,exit,length
563.0,46.0,49.47283105498099,14.024082514460911,53.247711064185445,94.2
2455.0,3060.0,3064.15860995877,10.784069379571863,3068.9281821039795,94.2
