vehid,entry,mid,instspeed,exit,length
2088.0,2278.9060744463027,2285.490613452136,13.463164453605504,2294.617641743574,206.08
3273.0,2941.683789027642,2948.366217249475,14.12183533425824,2957.534608564306,206.08
5267.0,4834.842105875321,4841.483424448152,13.76201207599127,4849.43488064025,206.08
4081.0,5248.7581190461915,5255.099950351076,13.942993267388545,5263.905925418356,206.08
6083.0,5972.05952887823,5977.600025758603,16.677737243797864,5985.568748077127,206.08
6074.0,6869.62459765682,6876.100762623472,14.527455558837467,6884.637205892973,206.08
