vehid,entry,mid,instspeed,exit,length
410.0,509.08351437005865,510.239692469959,10.676859646340354,511.0733245588372,25.01
413.0,861.0,862.4686601048152,14.31290105850113,863.0991402497365,25.01
440.0,870.0,872.0542262437776,12.529187031501532,872.764465327784,25.01
423.0,1115.040155745869,1116.0981143744705,12.232100803065405,1116.8256033368218,25.01
422.0,1126.0,1127.517261016133,13.308043279567812,1128.1763417672023,25.01
418.0,1221.0643640332548,1222.2024333104039,11.98687722963481,1222.944805001556,25.01
420.0,1396.057326742649,1397.139278691837,11.687292434559776,1397.9006798778196,25.01
441.0,1563.0,1565.2461674550827,8.832980559709114,1566.2622181587487,25.01
432.0,1768.1265913408963,1769.253205012762,11.40051149199866,1770.032179277942,25.01
429.0,1861.0,1863.0159359079291,9.851929368855105,1863.919182164315,25.01
2429.0,2395.0,2397.067409401483,11.234145983247823,2397.8595228682184,25.01
2433.0,2570.0,2572.0684867995183,12.412053230973243,2572.785428481527,25.01
2414.0,3380.0,3382.000914200862,12.52593450550956,3382.7113377079218,25.01
2443.0,3390.030468267602,3391.159305605101,11.061187843544024,3391.9638049451783,25.01
4411.0,3841.0158069524878,3842.085489190923,11.114666186462678,3842.886117673264,25.01
4439.0,4009.0,4011.092445533531,12.36165536029558,4011.8123101520823,25.01
4438.0,4099.0,4100.595832323695,12.448518398496898,4101.269416940299,25.01
5849.0,4288.423854207738,4289.442928803594,9.90578874628111,4290.287925024471,25.01
4416.0,4345.0,4346.590563305657,12.898218980844245,4347.284985376058,25.01
4419.0,4642.0,4644.047714501574,12.63645646632675,4644.751924447163,25.01
4413.0,4916.0,4918.086117861397,10.940814308473623,4918.8994685014595,25.01
4421.0,4918.0,4920.030038225899,11.225115594055236,4920.822788932654,25.01
4429.0,5015.0,5017.170050720547,9.487810541971104,5018.113371931488,25.01
4408.0,5435.0280831809605,5436.119732193813,11.944882284528338,5436.864713861161,25.01
6403.0,5633.0,5635.056182679676,11.451721503593292,5635.833246487751,25.01
7837.0,5639.279570034816,5640.309548529906,10.32274714388198,5641.16335131488,25.01
6399.0,5809.0751339997605,5810.207432190974,11.711160309370289,5810.967281606876,25.01
6401.0,6691.055248594407,6692.064994871827,12.781637950248294,6692.761205979922,25.01
6416.0,6719.0192980413085,6720.134480484745,11.970271986983878,6720.877881998952,25.01
6423.0,6963.0,6964.5109030505055,13.218403007594832,6965.175256333379,25.01
