vehid,entry,mid,instspeed,exit,length
3150.0,3522.186059734948,3540.1235993122586,12.416976633371709,3558.8888887454114,465.33
7167.0,5593.319947363025,5609.568516822831,13.789886722273081,5626.892661827966,465.33
