vehid,entry,mid,instspeed,exit,length
759.0,410.60347799395544,413.0521073425617,12.52299488577886,416.9483132424119,79.0
741.0,1758.3145185636054,1761.0652791683056,11.952659759192482,1765.2326960488906,79.0
2756.0,2657.432378408343,2659.182789114526,14.73199551161244,2662.3592986558024,79.0
2740.0,3111.0845671361158,3113.050225914522,13.49073834058311,3116.5905450708447,79.0
2751.0,3648.5631393111216,3651.5261918663714,11.85015799385837,3654.98593366753,79.0
4762.0,5268.271858340931,5270.3842038453895,12.33882838011024,5274.267286579588,79.0
6733.0,6528.2605186555975,6531.002302744442,12.100742808185505,6534.953342634698,79.0
