vehid,entry,mid,instspeed,exit,length
100.0,1734.38335874878,1746.2286961261161,8.595517564662762,1755.173350154367,189.51
2083.0,2974.244735251543,2984.0348383070486,11.054520712505278,2991.8248074567837,189.51
2088.0,2985.707328519317,2993.3293409947505,14.150835126448571,3018.3367437564207,189.51
2105.0,3620.762309906201,3629.048286360581,13.650149010732553,3648.839070294683,189.51
4094.0,4071.3699220513295,4081.2651752830884,10.509456502748858,4089.4672761194074,189.51
4106.0,4973.352049227697,4984.2994773878845,10.225976192414475,4992.846971005903,189.51
4087.0,5149.667210070476,5157.259320718924,14.143981789955703,5163.972279783394,189.51
6076.0,6150.804478247608,6158.514219954684,13.763941395517522,6165.109277836934,189.51
6083.0,6573.480653123816,6583.066759992264,11.172352147961465,6590.847415737113,189.51
