vehid,entry,mid,instspeed,exit,length
550.0,378.1995936996287,379.0869152203296,12.79560269987537,379.9116522595038,27.18
543.0,674.2296898635507,675.4323756034171,9.63124777575588,676.5251070792151,27.18
448.0,829.3710515225528,830.2612753169215,12.889606127917427,831.0811305501273,27.18
552.0,1035.4979776887862,1036.353077852747,13.301449583344864,1037.1447583030017,27.18
534.0,1059.1953508385113,1060.1863428621527,12.121898059162207,1061.058239820807,27.18
547.0,1189.3873774258582,1190.2387316206114,13.465105087947732,1191.0231003401927,27.18
537.0,1402.1888622100917,1403.322080745589,10.529128230054598,1404.3289124135333,27.18
449.0,1574.4167311222795,1575.2953154065076,13.974139042874777,1576.0502457144817,27.18
2531.0,1935.6777474136036,1936.5963101760635,12.670698706327792,1937.4099896774505,27.18
2532.0,2492.1344856643477,2493.055610766421,13.718570726583863,2493.824860544366,27.18
2439.0,2808.1796227695195,2809.104075673915,12.188707915728042,2809.9698776570376,27.18
2517.0,2851.4194184178873,2852.28697139461,13.76417213357293,2853.0525634126952,27.18
2545.0,2881.173698621369,2882.132611206264,12.239036374538575,2882.9948529026033,27.18
2533.0,3438.334456094798,3439.250380110382,12.257845541147443,3440.1116140741356,27.18
4536.0,4157.307991769231,4158.177143070033,14.104871862302533,4158.925324803846,27.18
4523.0,4246.457643360803,4247.265851077036,14.044355023598548,4248.017170859755,27.18
4525.0,4336.399759264543,4337.172218485084,14.543228720210916,4337.897848789618,27.18
4530.0,4517.328830547468,4518.215402412788,12.993943397430105,4519.026670603159,27.18
4549.0,5131.081416566948,5132.04314296699,12.606372288245371,5132.880259882455,27.18
4532.0,5195.285703959634,5196.237549835026,12.19045815616473,5197.09894299483,27.18
4457.0,5197.0,5198.554893474502,12.27470572145266,5199.418150260376,27.18
4542.0,5331.571063168185,5332.49068880425,12.24315694889301,5333.36308177717,27.18
4447.0,5509.345755311544,5510.341509861408,11.193177148480638,5511.289870348084,27.18
6524.0,6229.106140290405,6230.068004228625,12.735823000847365,6230.89661243749,27.18
6525.0,6316.715062541949,6317.507132794354,14.374943963651978,6318.237499687657,27.18
6540.0,7118.271350348053,7119.435274464016,9.923168026416766,7120.450488303345,27.18
6521.0,7172.176685035274,7173.083916935301,13.136389891383482,7173.887258460059,27.18
6532.0,7220.23797501717,7221.249380139624,11.271375800438902,7222.19340424274,27.18
