vehid,entry,mid,instspeed,exit,length
752.0,154.21309197135957,156.433618952474,15.187657033183767,158.69457562714715,71.43
738.0,1597.7768547589797,1600.514417464477,12.772902814797988,1603.2415662702183,71.43
2730.0,1973.2358472065825,1976.1077004703504,11.603744195669847,1979.786829840371,71.43
2761.0,2841.516013370007,2844.5256819369133,12.144647966503301,2847.322878006289,71.43
4751.0,4910.768595704579,4913.591114523615,12.260509669697692,4916.384195650227,71.43
6740.0,6731.2049458618185,6733.356609665818,15.64642852591479,6735.521063268133,71.43
6751.0,7251.1273930286425,7254.263448051192,12.912742279881451,7256.824183695657,71.43
