vehid,entry,mid,instspeed,exit,length
530.0,247.17075317597735,253.4438117787947,11.157757591928624,269.0,155.68
551.0,757.6627717234237,763.3130161637937,12.937742071200091,778.0,155.68
4531.0,4380.529771135144,4388.106277067116,9.591018556391026,4406.0,155.68
4537.0,4735.727622976332,4742.089976970674,11.47235481542511,4756.0,155.68
