vehid,entry,mid,instspeed,exit,length
5213.0,4383.105931073226,4387.078051028432,13.30721744458831,4403.0,112.4
