vehid,entry,mid,instspeed,exit,length
4067.0,4383.87398663456,4386.011863848407,12.980372286905421,4389.25325555449,61.08
