vehid,entry,mid,instspeed,exit,length
53.0,1540.0,1550.0411874887775,11.930172878823466,1558.0110098193948,216.85
1566.0,2078.002744987783,2086.436083055554,13.51122098220561,2093.736115284084,216.85
4207.0,4055.9227302640447,4064.096827811687,14.393828102132685,4071.0165317817277,216.85
5253.0,4071.23414494125,4078.3478669390647,15.798580428542342,4084.450344572425,216.85
7579.0,5973.0,5982.0383798671355,13.961851910145404,5989.164595820481,216.85
6063.0,7118.879851996559,7127.145716550568,13.835054555249132,7134.249156718974,216.85
7238.0,7131.0,7140.017192410327,14.12510052434922,7147.089372629224,216.85
7236.0,7490.0,7501.462965908591,11.18928274231335,7510.49165871415,216.85
