vehid,entry,mid,instspeed,exit,length
862.0,329.26195634121,338.1384292374076,13.377185394568148,346.07481416253205,214.14
836.0,421.1438476006152,431.3911920947157,11.384076986204366,440.48038477633617,214.14
850.0,599.2730943129227,609.1427248596514,12.523009533821735,617.7567126323625,214.14
877.0,779.1905960052217,788.13459255403,13.328570114447764,796.130782254028,214.14
833.0,1282.2463299444819,1292.3127647641784,12.353705646183816,1300.8702639000658,214.14
2832.0,2598.105680977958,2607.05072457927,13.809190325583174,2613.6082658321893,214.14
2816.0,2951.987652024406,2961.099499429069,13.969167083129763,2968.851221347556,214.14
2860.0,3215.020574554732,3227.277493258468,10.521176058242581,3236.9691190227763,214.14
2866.0,3305.1688388966195,3314.5547733363005,12.635901378441464,3322.8419330598003,214.14
2859.0,3390.083099677619,3399.1266706106376,13.20681689289884,3406.8822220215643,214.14
2863.0,3408.398312101756,3419.343600375261,10.17562611361186,3427.836480063883,214.14
2829.0,3661.516472632763,3670.620175752536,13.50608982660528,3693.337454457529,214.14
4824.0,4110.815009819651,4120.00339477177,13.531362438028218,4127.849464151862,214.14
4871.0,4384.315140855727,4394.36258659574,11.343649025672066,4415.7099208052605,214.14
4827.0,4740.558999560899,4750.2975574698075,12.443203256858304,4758.776213535741,214.14
4861.0,4742.332177210346,4752.148445858606,11.624474259431029,4773.223597816901,214.14
4864.0,4744.400849910169,4754.315087579575,12.523595759371137,4775.854452406957,214.14
4853.0,4801.847793547445,4812.383697966455,11.107635647262162,4821.461964488338,214.14
4833.0,5099.841511083016,5109.384783845134,13.015528123603914,5133.136449037986,214.14
4876.0,5158.740988647658,5169.076922460014,11.390293979061822,5223.465907614169,214.14
4850.0,5503.813413520067,5513.25129884135,13.36912107027781,5520.141643273959,214.14
6826.0,5855.662330067113,5864.203899523337,15.111972723554238,5870.143284517341,214.14
