vehid,entry,mid,instspeed,exit,length
114.0,593.186507155843,594.0310082297402,9.121317394879366,595.9898175334422,35.93
52.0,1222.6201933070543,1223.4404679248537,9.684076029539293,1225.8045186974844,35.93
51.0,1402.5315414498973,1403.2760854646826,9.625160909053546,1405.9781219491347,35.93
30.0,1492.6070519294326,1493.3567137121868,10.631774440732375,1495.6491022702035,35.93
2067.0,3292.6320940561613,3293.484615206012,10.27509412344159,3295.673303761944,35.93
2063.0,3383.501651428716,3384.3733870707165,9.95473210105679,3386.658967584029,35.93
6044.0,6082.3921388212375,6083.138101371283,9.112456131265278,6085.9017847798705,35.93
