vehid,entry,mid,instspeed,exit,length
210.0,1573.421435968062,1577.1658632544622,12.34162472433199,1580.865760634389,99.04
2205.0,2832.806719659392,2837.055461775201,11.018067778389574,2841.3617727976102,99.04
