vehid,entry,mid,instspeed,exit,length
1859.0,1480.8250347107921,1482.6341117707236,14.558674003537817,1485.1565601997142,69.11
3842.0,2112.542544088404,2114.35964359214,13.640130051305599,2117.003185171268,69.11
3844.0,2475.1322978763324,2477.122767329839,13.07927910122291,2479.9614820865077,69.11
3845.0,3277.7442537929533,3279.49633222741,14.466087540835879,3282.055289379756,69.11
5851.0,3917.097420407111,3919.243400141095,12.361277623897541,3922.280842564575,69.11
5833.0,5449.022461119281,5451.099106043882,13.068072654682712,5453.9527607209575,69.11
7841.0,6882.3876536185635,6884.11582276378,14.417333329295953,6886.672504075633,69.11
7840.0,7071.063932313594,7073.163127781245,12.475880857332802,7076.161265094663,69.11
7850.0,7229.15938289687,7231.353822706176,11.253701645966249,7234.567589857861,69.11
