vehid,entry,mid,instspeed,exit,length
508.0,62.0,63.12901135523137,12.208300604964737,63.39736850067678,10.54
513.0,239.0,240.23176728599927,13.663372613939211,240.4715459112082,10.54
505.0,1030.0,1031.123351775419,13.09813239244739,1031.3734778699588,10.54
499.0,1212.0,1213.1084047421546,12.743508010883136,1213.3654913071955,10.54
2484.0,2645.0,2646.0619896539565,11.353474291761056,2646.3505519580494,10.54
2479.0,3385.0,3386.007447587455,11.018902482504267,3386.3047716364053,10.54
6551.0,5538.0,5539.110791157847,10.33213528752325,5539.4278780532395,10.54
6478.0,6109.011615339762,6109.247024741512,13.916966258480945,6109.482434143262,10.54
