vehid,entry,mid,instspeed,exit,length
51.0,1645.1631260693446,1647.4464285804825,13.98198065726963,1649.6989175373922,69.39
2068.0,2281.247341522574,2284.332595673258,10.43591500143925,2287.278365343986,69.39
2054.0,2729.3628451307145,2732.0413408950785,11.509887753555557,2734.7277632927467,69.39
2047.0,3361.193985461592,3364.2636176261876,10.864240694567686,3367.1484030698757,69.39
4072.0,5065.955931426335,5068.44572577601,12.940695521262068,5070.854500011328,69.39
6208.0,6416.088359447446,6418.599099883167,12.655836232646267,6421.056079842961,69.39
6201.0,6436.10299070022,6438.44140033886,13.636411716996129,6441.640319326306,69.39
