vehid,entry,mid,instspeed,exit,length
51.0,1638.6748804717768,1641.23425997393,14.310890191104594,1643.8149655495797,76.63
4218.0,5173.948575416256,5177.133722202456,10.939566273760295,5180.3997421260465,76.63
6201.0,6429.59268683353,6432.2201793646,14.343614450190671,6434.779943319955,76.63
