vehid,entry,mid,instspeed,exit,length
1240.0,1358.3783104973093,1366.473445963605,12.846890881082993,1374.4255435163923,217.32
1253.0,1444.981526358516,1453.4080890158934,13.56308879636123,1461.64739640378,217.32
3253.0,2614.2462108530867,2623.3878106851175,12.137756258708503,2632.26882838599,217.32
3275.0,2974.5124337873162,2985.30565716858,10.142463410166542,2996.043776021562,217.32
4083.0,4351.125258957748,4360.0544493389325,11.539410711108662,4369.954036630626,217.32
7256.0,6126.398450422191,6134.442288985337,12.751292477722759,6142.885673900304,217.32
6051.0,6511.622482992426,6522.2656873363985,9.90368368429071,6534.073273730539,217.32
