vehid,entry,mid,instspeed,exit,length
3666.0,2929.0,2934.5345839554775,12.58926435466804,2940.192575646385,112.45
3640.0,3380.047191035918,3384.3971479807756,13.059673455583894,3389.7869559917403,112.45
5655.0,4819.0,4824.40345436428,11.473618598507,4829.975139371217,112.45
5661.0,5539.0,5544.297187075115,12.420791729284813,5549.724059303735,112.45
