vehid,entry,mid,instspeed,exit,length
5421,5040.935559710079,5051.201463130922,11.779166112891982,5061.239007060149,232.08
5282,5420.180848316944,5429.410049442401,5.0,5409.935063777276,232.08
7293,5966.6717339305005,5976.282530098713,12.424278788934123,6006.5012433885,232.08
