vehid,entry,mid,instspeed,exit,length
1840,1037.170948168631,1037.3433828325844,5.0,1007.5158174965379,9.4
7862,6890.063875464365,6890.242082145601,15.164375370647027,6890.420288826836,9.4
7848,7176.261736057423,7176.50119935566,11.28520749412352,7176.740662653895,9.4
