vehid,entry,mid,instspeed,exit,length
762,451.4867863473817,456.0576619846536,11.301405411176887,459.1050308018704,75.54
450,779.2329961109373,782.4713579635527,11.780885075679988,785.538684700483,75.54
2441,1866.3910228084678,1869.1753047237023,5.0,1841.8781358729416,75.54
2459,2141.2861741496095,2144.1656443889874,12.307391774467007,2147.5515404285347,75.54
2440,2341.461169063937,2346.3584616716585,5.0,2319.5756520614327,75.54
4452,3835.9505577647046,3838.5945289122565,13.342160681680816,3841.20040552206,75.54
4447,4569.619118306998,4573.290410548527,9.638446382383872,4577.014618360743,75.54
6445,6624.396864026965,6627.068116371325,13.546787912917436,6629.743206940476,75.54
