vehid,entry,mid,instspeed,exit,length
1828,204.79243494099293,205.02886558979185,9.566009914083049,205.22436424942643,7.74
1834,384.8034496673906,385.0399541969468,9.611916395182332,385.2345191556257,7.74
1853,473.76824859926097,474.01703857308377,9.788097311622954,474.20810145861856,7.74
1805,1430.8093860701292,1431.0243448896242,10.383685073901509,1431.2044487836604,7.74
1846,1759.712995168877,1760.0456142140467,5.0,1730.3057154602743,7.74
3802,2108.840938894927,2109.051894639726,10.742913194357604,2109.2259761092882,7.74
3811,2840.68080804588,2841.002541215031,5.0,2811.2444045374614,7.74
5808,3998.8381947165885,3999.060175864415,5.0,3969.2470370002798,7.74
5807,4524.8528904359555,4525.057646182132,10.136485056114138,4525.242142297492,7.74
5851,5444.798018203303,5445.027640995508,9.488692452577679,5445.224732652298,7.74
7804,5805.789204730998,5806.066069813915,8.070817082179625,5806.297786391953,7.74
7812,5989.747405851647,5990.074424448709,6.898799274555115,5990.345506711263,7.74
7808,6696.822052524794,6697.042305331405,10.573261152167898,6697.219180005107,7.74
7848,7156.7738759840395,7157.017378647185,9.371567646198795,7157.216933533502,7.74
