vehid,entry,mid,instspeed,exit,length
35,52.389816057157105,53.16829478164976,9.006993704447865,56.09579693551729,35.93
4024,3832.5729234934893,3833.391521075377,9.895146440561485,3835.584098818154,35.93
4108,4462.696378010153,4463.505759075745,5.0,4435.812311880006,35.93
6043,7072.698283821592,7073.426743266477,11.073907048895542,7075.534324244198,35.93
