vehid,entry,mid,instspeed,exit,length
766,151.12052424235674,152.00258957279252,5.0,122.80857821999189,23.02
212,861.7432815494019,862.4522670597,12.331252012262963,863.179539992084,23.02
464,939.5688810113367,940.1977227014207,13.25571685396482,940.9067625255433,23.02
218,1493.2549841728853,1494.1119484641579,5.0,1464.9047495758161,23.02
208,1851.78055201404,1852.5144233339813,12.034503779507066,1853.290821698977,23.02
2458,2395.2437943531286,2396.0619512749854,11.993682633908385,2396.8455997534084,23.02
6466,5541.806910225965,5542.509573277824,12.554965093646485,5543.226799544538,23.02
6467,6746.868680758687,6747.585698093252,12.147988592195851,6748.364048692159,23.02
6465,6982.217460449742,6983.050076560201,12.041431505692671,6983.830617573311,23.02
