vehid,entry,mid,instspeed,exit,length
4454,4281.090193994243,4282.110928176571,15.638646285614497,4282.987660151885,30.92
