vehid,entry,mid,instspeed,exit,length
1053,1059.520377190415,1063.6247718856212,5.0,1037.6878730392664,117.49
663,1458.0868148424927,1462.0402073782834,15.679376534375253,1465.787248472109,117.49
3045,2312.0279426852844,2317.2912651868805,11.32686712529769,2322.30360239283,117.49
3046,2377.59607677745,2382.0516644110057,12.75237972768212,2386.368938204082,117.49
3047,2568.8925745839174,2573.578512177212,12.15560079355111,2577.9887242854893,117.49
5050,5275.814316519219,5281.30140897977,11.048785726384093,5286.577604682171,117.49
5051,5352.85157622874,5357.434829765,5.0,5331.7433898997615,117.49
6659,5971.0,5976.158516223115,13.414256983626778,5980.444224969783,117.49
7045,6263.831895599698,6268.458467798646,13.213885156661549,6272.833529617395,117.49
