vehid,entry,mid,instspeed,exit,length
3594,2188.0,2203.1517208417667,10.94468077775427,2217.6097054494358,295.17
3595,2961.0,2972.5044353934354,5.0,2952.589284483266,295.17
7607,6812.204268937393,6824.115040511076,12.69499026438314,6835.859943327221,295.17
