vehid,entry,mid,instspeed,exit,length
4694,3755.6037631079116,3756.0036046610558,8.014297365637098,3756.1869664928386,8.94
