vehid,entry,mid,instspeed,exit,length
1278,1246.0760264589292,1254.1527678771922,12.787115248394581,1264.997827120742,250.54
3284,2143.380182435814,2151.529198627238,5.0,2132.6763394531445,250.54
5292,5455.1547476748665,5463.451474009368,12.697348293382085,5475.758052844788,250.54
