vehid,entry,mid,instspeed,exit,length
801,560.0626778615564,569.342971830027,13.229308583193024,579.2541617529332,245.41
796,1187.3439891263422,1198.0603781763716,10.579226179417246,1211.012955641108,245.41
793,1459.2723593058074,1468.575966512883,12.778182738483814,1478.2831479908525,245.41
4805,4165.25631625176,4174.295855515797,12.916078338544322,4183.878915965863,245.41
4790,4351.200625568439,4361.472706317289,11.43751360760267,4372.304325529382,245.41
6814,5781.4330266259,5792.504728412553,10.246052146225196,5804.006140392361,245.41
6790,6140.335132508436,6150.2638330601285,5.0,6130.788719133051,245.41
6796,6663.631535464637,6674.174180682589,5.0,6655.986938874717,245.41
6812,6674.645597364121,6683.0352854071525,13.52132977253031,6693.5067483900075,245.41
