vehid,entry,mid,instspeed,exit,length
448,1659.7073700386152,1661.5531043744293,14.641241341936311,1662.5509891137426,46.79
2454,2089.496822479846,2091.348902871977,15.254428073743792,2092.331088796865,46.79
2446,2206.263801627365,2208.4924738928353,12.022537555628103,2210.3631324354083,46.79
4444,4474.255563548583,4476.500796425838,5.0,4448.636096582659,46.79
