vehid,entry,mid,instspeed,exit,length
2732,2037.0,2038.4016807343487,8.37762573346964,2039.4219090114061,19.3
2219,3378.3759866021305,3379.3768809744065,5.0,3350.144723154636,19.3
4463,4097.432116058626,4098.160540512489,7.096186507916874,4099.079618979908,19.3
4209,5178.147819289391,5179.1354095498655,6.417963543027715,5180.123531037004,19.3
6742,5906.0,5907.43198781083,8.886368498059158,5908.359675425495,19.3
