vehid,entry,mid,instspeed,exit,length
8,200.75040862314518,205.40817737910658,5.0,180.08340390431866,112.4
2074,3350.445343758914,3354.5559684232653,12.56114016076722,3358.7578467039048,112.4
5260,4125.0,4130.568533451796,11.827765615143099,4143.277370644159,112.4
5227,4760.0,4764.511607682236,15.171447942214392,4769.332192847638,112.4
4081,5240.7876524798585,5244.556009392986,13.928302309095987,5248.349373071652,112.4
6005,7126.6349796529075,7131.055674692469,11.571526007679562,7135.525451349509,112.4
