vehid,entry,mid,instspeed,exit,length
64,1693.9105547527058,1696.4528794352318,10.637802283474597,1699.5746329722936,61.08
72,1863.9644214383575,1866.2084795905055,12.347914784333712,1869.3192945993765,61.08
2077,3575.110309802037,3577.261770265081,5.0,3550.3135191421334,61.08
