vehid,entry,mid,instspeed,exit,length
2221,3370.0742609262165,3371.458158676809,11.357295320951991,3374.092077735642,46.79
4218,3963.7582557630167,3965.270514780903,12.205585491626737,3967.979490115279,46.79
4216,4503.577601656608,4505.08426412644,5.0,4477.8550644384695,46.79
