vehid,entry,mid,instspeed,exit,length
1177,1633.7711963750799,1653.4540432470064,11.365198896324783,1673.9787026455506,465.33
5155,5139.124897805688,5159.133655796299,10.988320456320396,5180.0104166261335,465.33
