vehid,entry,mid,instspeed,exit,length
2497,3299.826837456313,3302.403271613421,5.0,3277.4903335409977,90.67
4491,5185.003204587437,5187.444888035813,12.792037841920546,5192.330992502878,90.67
4480,5290.974073576577,5293.536209479491,12.485559840802054,5298.642505161725,90.67
6475,6812.056640040814,6815.313280194941,10.061454939697802,6821.147229106191,90.67
