vehid,entry,mid,instspeed,exit,length
1094,633.7039406351703,645.5422708754184,11.683909892391666,654.0428086799468,249.89
1936,1587.236917452607,1599.386476350413,5.0,1577.9540982383103,249.89
3950,2303.4791164152025,2314.5329534181687,12.400654267629777,2324.127190525972,249.89
3939,3205.321320692335,3216.620694140226,14.24076363313392,3225.7606965903888,249.89
5936,3927.0780572822264,3938.2669044434297,5.0,3916.2298704175187,249.89
5705,4383.278518988054,4395.193235138018,12.423577629631804,4404.558897455465,249.89
5934,4735.388078561623,4747.44583240442,11.443279080513992,4757.673717100511,249.89
7698,5905.389323612934,5916.491521671454,13.149262672326413,5925.935766347727,249.89
