vehid,entry,mid,instspeed,exit,length
3835,2465.7401477372755,2466.0183923053414,8.442539909062825,2466.2399064629763,7.74
3852,3105.7980206981306,3106.025491286764,10.505096189889551,3106.2035136563313,7.74
5857,4995.778468497074,4996.028442705663,9.228133815722185,4996.231099294048,7.74
7842,6352.762391829138,6353.051617084947,5.0,6323.29914781939,7.74
7852,6426.835303143409,6427.048438869752,10.373011573543684,6427.228728084991,7.74
7847,6442.762377358297,6443.026877633344,8.872060730485964,6443.237667682361,7.74
