vehid,entry,mid,instspeed,exit,length
471,774.3286684992495,778.2319108517975,11.66899747781995,782.1664156585558,99.04
211,1306.5998903248344,1311.2998600678382,9.984086361565705,1316.112953320615,99.04
2498,2217.0920397534815,2221.4227415011046,11.067007747028592,2225.8875213809815,99.04
2219,2263.5578252238324,2268.1340788029456,10.460219984129637,2272.730980966952,99.04
4215,4634.6600345878915,4638.551975176679,12.397216295647942,4642.394205585329,99.04
6211,6347.048552642084,6351.146394431598,5.0,6325.201338919927,99.04
6215,7060.382941527858,7064.362177691806,11.791209986168775,7068.396229625421,99.04
