vehid,entry,mid,instspeed,exit,length
733,1689.768233703096,1691.103094562032,10.722537459947542,1692.2992145144474,30.92
2467,2949.0,2951.3684238189926,8.361982976790928,2952.918661479557,30.92
6211,6446.0,6448.091899283024,5.0,6419.130655853905,30.92
