vehid,entry,mid,instspeed,exit,length
1048,522.5243499095717,526.2343005979352,15.437729344219663,529.9535133631603,117.49
3052,3289.9264496799615,3294.54038457266,13.51099126640229,3298.8957424073265,117.49
5043,4021.237868581518,4025.222372056768,14.944054647431534,4029.1161447100803,117.49
4658,4785.100810717588,4789.432848220196,5.0,4763.565779844892,117.49
5047,5210.682465581018,5215.150911455619,13.088981917935401,5220.088925652026,117.49
5046,5469.744327251061,5474.510183873052,13.178706389110635,5478.961851305439,117.49
7046,6341.2431384958845,6346.175858860001,11.85807039057092,6350.7344154143,117.49
