vehid,entry,mid,instspeed,exit,length
465,1130.4090018373759,1131.369643818654,8.260914630499878,1132.1365672771692,19.3
2207,2928.117180407609,2929.0494847138066,6.295190013307458,2930.083906243265,19.3
2217,3108.200036318248,3109.211356582026,5.0,3080.058843559317,19.3
4463,4458.259092858402,4459.23583812672,7.505076548044672,4460.09677287333,19.3
6469,6078.192816097117,6079.119027081556,6.298607745233385,6080.134557699093,19.3
6460,6348.216745037731,6349.1632544670265,6.755615019345937,6350.115955457698,19.3
6206,7070.639321693413,7072.077165292435,5.692691055813943,7073.168350154255,19.3
