vehid,entry,mid,instspeed,exit,length
2150,3069.0,3073.1346579832707,14.534099640198294,3077.9726906336964,116.11
2117,3607.0,3611.5298519297867,5.0,3586.7989742137725,116.11
6077,6757.0,6761.266455838783,13.859844062885424,6766.127453191318,116.11
