vehid,entry,mid,instspeed,exit,length
57,650.7686367842097,660.2083529103163,12.193264190236974,668.1606255586213,216.85
72,1263.659448559515,1272.5465719191402,12.633574322900216,1280.1710039005677,216.85
1558,1833.5738271090725,1841.4667088746276,14.599317302659738,1848.0834819172173,216.85
4050,5425.0,5436.457694284392,5.0,5415.5932151182915,216.85
6065,6237.0,6247.049727625781,11.63111195781713,6255.033854997343,216.85
