vehid,entry,mid,instspeed,exit,length
1131,1206.406131760109,1212.13859259104,13.021592845545953,1219.0,145.23
1122,1810.470390211562,1816.4974091560894,5.0,1792.4022808010152,145.23
5143,3798.0419168276017,3804.0101348572425,11.71842969206769,3810.9493741182027,145.23
5138,4283.924572999554,4290.274471301136,11.511089114333114,4297.848438155692,145.23
