vehid,entry,mid,instspeed,exit,length
2211,3751.0,3753.056246092182,5.0,3724.0853420207704,30.92
4210,3927.123027673934,3928.3416426648255,11.35144752838072,3929.4723124344755,30.92
4463,4465.198359556974,4466.294435254466,12.543394545652655,4467.3135521905815,30.92
4212,4558.006565664713,4559.305054515779,9.865546717484058,4560.558942734165,30.92
6461,7067.084062301196,7068.265699645313,11.53964472625315,7069.36980836419,30.92
