vehid,entry,mid,instspeed,exit,length
539,24.26877545874108,25.104723931710044,12.327613947187778,25.82772743548318,22.37
605,186.83453178385847,187.56692057060476,11.935445473146814,188.31715665517294,22.37
472,200.66874697909253,201.326223910456,5.0,171.95908722023634,22.37
466,574.1661882247423,575.1200536661108,10.52657137857717,575.9667593745922,22.37
516,1239.7100713477744,1240.4519028650832,11.505109406651798,1241.2108282179947,22.37
593,1446.7541159126401,1447.4706699153157,5.0,1418.2251386866035,22.37
644,1536.748924221275,1537.3988255361278,14.061122959336187,1538.0285780168233,22.37
535,1721.1818098015099,1722.0510860912398,10.959140881651871,1722.864371381869,22.37
2563,2742.8218727889057,2743.5459430842006,5.0,2714.3019697074383,22.37
2655,2796.7078283881738,2797.466289392545,11.43958302222029,2798.251878628438,22.37
2627,2887.20644979521,2888.013553944601,12.966861550442491,2888.700914416702,22.37
2408,2948.762220763427,2949.496547730078,11.776930865748175,2950.2626848004306,22.37
2592,3066.915808777034,3067.6040397470315,5.0,3038.2850437729185,22.37
2632,3175.159022344597,3176.0312478685755,12.211951209072128,3176.761099136763,22.37
4587,4394.342513996791,4395.3007182124875,10.439026357210354,4396.13395243389,22.37
4462,4781.740959208442,4782.513513453113,11.029310385793773,4783.314345686803,22.37
4473,4940.257365285543,4941.20318106051,10.844391858205885,4942.021564196526,22.37
6602,5471.2742630139865,5472.170285467802,11.19759363231344,5472.966251848585,22.37
6508,6162.420218427845,6163.330942210791,10.144562440648237,6164.210719541047,22.37
6631,6216.771286883854,6217.499805312972,12.19778517553324,6218.21800560092,22.37
6068,6254.3803849212,6255.144250274873,7.463964240321711,6256.5318331155395,22.37
6410,6531.716296048804,6532.430824499952,12.381252167829379,6533.154879109841,22.37
6572,6622.683882255219,6623.430676179586,11.680902954785827,6624.180209606544,22.37
6651,6759.762964806854,6760.5257878224875,11.637616271573588,6761.3119640522655,22.37
6610,6846.799201785719,6847.536571639565,11.692773741378955,6848.333209252999,22.37
6483,7028.696623884054,7029.378913121716,5.0,7000.066817575342,22.37
6509,7117.3058408595825,7118.152897608375,11.164404096109626,7118.951230237707,22.37
