vehid,entry,mid,instspeed,exit,length
216,868.7718923490656,870.5209063627331,13.517442566148699,873.2300910977111,45.93
6194,6385.461142955874,6387.351790789194,11.286473308838985,6390.096657284797,45.93
