vehid,entry,mid,instspeed,exit,length
1049.0,787.5696420991713,793.3261443497855,10.513222776927167,798.7665446600553,117.49
1053.0,1780.3594429218158,1785.3059921243807,12.78599218418042,1789.806451837594,117.49
3049.0,3029.5458665356664,3035.0744433217333,10.998572681962974,3040.1062702249415,117.49
3051.0,3488.9410930972276,3493.5261400408267,13.093885694654244,3497.86311682508,117.49
3047.0,3497.94838701606,3502.3384573862236,14.003999163629297,3507.525903670727,117.49
6662.0,6404.0,6409.369586081558,12.691435879891884,6413.7299080369385,117.49
