vehid,entry,mid,instspeed,exit,length
215.0,287.0411094267735,288.03551500569614,11.863582630850619,288.9096818019844,26.82
74.0,376.30168813415,377.1478891161714,13.117923070880185,377.9384677744601,26.82
50.0,827.4423366407234,828.4154599663755,11.895215893324956,829.2834617208994,26.82
70.0,1816.6444922574442,1817.548440446641,12.547730493499094,1818.3479314199983,26.82
2061.0,2717.6780100898914,2718.566849693033,12.839872992454396,2719.363202010012,26.82
2064.0,2896.222188235396,2897.0799659545414,13.236704236116617,2897.863450259692,26.82
2215.0,3077.6726051018973,3078.5540958612664,13.112133002909138,3079.369709609721,26.82
4055.0,4785.473124149337,4786.276383986438,13.752230486530559,4787.029119555305,26.82
6063.0,6227.191003881371,6228.168724565869,11.831729797080982,6229.043552806018,26.82
