vehid,entry,mid,instspeed,exit,length
285.0,595.6690883761112,597.5588893274852,13.198802039241,600.6096985634362,69.41
1650.0,905.5901870653252,907.5138534491302,13.30394315314243,910.3610096414773,69.41
808.0,1356.16326082023,1358.323563011991,11.833764441300781,1361.9241150519085,69.41
287.0,1627.222094895421,1629.1043927265466,12.89754283755803,1632.2389785517928,69.41
3301.0,2077.319296739245,2079.179945082327,13.05387813877724,2082.279934382658,69.41
3662.0,2347.2725947550075,2349.163067546756,15.352590715301487,2351.9256405501046,69.41
2533.0,2372.606991507021,2374.481411924672,13.486919640555438,2377.552965262523,69.41
3917.0,3178.249979383227,3180.353747042343,11.907248308045062,3183.7618229782042,69.41
3458.0,3425.5820068324306,3427.567924012732,13.231915300643813,3430.6973667109323,69.41
3650.0,3820.534506035383,3822.236505010262,15.355608676170915,3828.4708720590115,69.41
4288.0,4371.425663893899,4373.449010636303,13.290187229252707,4376.5208003187245,69.41
4114.0,4424.215428796585,4426.0908544205995,12.10912806626471,4429.5385566709765,69.41
5456.0,4872.077967517007,4874.120813323169,12.899025142285474,4877.221135912531,69.41
5648.0,4955.469175452956,4957.505966341162,12.587708857916597,4960.712407627451,69.41
5079.0,4988.248695582056,4990.095104357786,14.152195728441317,4993.988979651714,69.41
5894.0,5234.547025869361,5236.3335322281255,14.370896423653587,5239.263915212428,69.41
5899.0,5433.474327455915,5435.551266817828,12.159259960338984,5439.714308485095,69.41
4547.0,5585.50057034284,5587.414435222168,13.290892818112244,5590.401647378643,69.41
5057.0,5598.447656279725,5600.4740393319635,12.158066840535415,5604.081785981358,69.41
5903.0,5675.923024774081,5678.0270031247,11.992410723889526,5681.408981246943,69.41
7672.0,6244.289431189615,6246.3651700861055,12.615362042918914,6250.803623412653,69.41
7667.0,6667.237222494377,6669.180117757877,12.65617200174726,6672.379664396941,69.41
6294.0,6760.068543438976,6762.386475846593,11.45756056076138,6766.041078453816,69.41
7058.0,6780.023271452139,6782.1937137632385,11.511833256976843,6785.690942725781,69.41
7918.0,7025.299274585089,7027.4074612084205,11.520590891542408,7030.776603328598,69.41
7902.0,7063.327311223844,7065.27373590001,12.774141066657977,7068.279437543665,69.41
6296.0,7117.320269052748,7119.111743993675,14.792483946816219,7121.87390109164,69.41
7659.0,7241.425380812602,7243.456069253396,10.676228680951596,7247.417028763947,69.41
