vehid,entry,mid,instspeed,exit,length
490.0,385.0,388.3281628381417,13.872687455162918,390.98175972212704,75.55
475.0,965.0776245322257,968.1228060046943,12.105590457135666,971.2202724565409,75.55
2496.0,1890.2228756676939,1893.2659375624605,11.895846283590005,1896.1878021910331,75.55
2467.0,3485.6228368961333,3488.5612135282377,11.897895198166195,3491.4442571006816,75.55
4486.0,4028.7073560749177,4032.0765291816924,10.094016416410803,4035.5604718982877,75.55
4471.0,4330.364768810321,4333.1850032067005,13.397859919366594,4335.995909283395,75.55
4468.0,5203.716779255104,5207.129444483132,10.848958355490353,5210.530415466768,75.55
6217.0,7173.502595700014,7176.542334498723,11.923981164919704,7179.600276391645,75.55
