vehid,entry,mid,instspeed,exit,length
1743.0,284.6819724281468,288.472115809179,13.975199897377637,292.32589551973075,105.49
1986.0,1129.1845176610652,1134.1124190871597,10.03996124442126,1139.7345810754134,105.49
1742.0,1308.9782234349907,1313.0577645903263,13.912912382208424,1317.846136972166,105.49
1984.0,1854.972731140226,1859.0567347574927,11.826143555968848,1896.1787497027765,105.49
3959.0,2209.128605497116,2213.4858723469065,12.378154794111703,2218.9996814056417,105.49
3475.0,2263.671257230971,2267.4675643888468,14.067322006353855,2271.2107383179346,105.49
2858.0,2299.284170007824,2304.2689158208354,9.88261420565587,2310.217313893254,105.49
3734.0,2301.374390627199,2306.2527875387777,9.912306019299896,2343.47152052908,105.49
3721.0,2931.2256016466995,2936.1043245026935,9.88576515726512,2942.374440527423,105.49
3728.0,3152.361327515275,3156.234385948143,13.031420573854568,3160.4597046714416,105.49
3987.0,3204.915106543687,3209.0517901499684,11.77554333851914,3246.0307024205895,105.49
3713.0,3308.6604897239145,3312.2935643215656,13.755411714379036,3333.4382282857887,105.49
2867.0,3563.476845236394,3567.4638455439576,13.278675257252585,3572.4159894404343,105.49
3983.0,3649.6718465090316,3653.597154489725,13.068274125328902,3658.7534937356836,105.49
2876.0,3840.52279372158,3845.074997163916,11.460934786765636,3876.200268793298,105.49
5748.0,3904.071066403091,3908.019133301364,13.326713777528724,3912.8929043956173,105.49
5723.0,4189.0744710741255,4193.410455458157,12.571420196014126,4199.180048397469,105.49
4883.0,4198.991669871073,4203.43291192897,12.155795814400518,4233.078953410433,105.49
4856.0,4289.178149684267,4293.254144215798,12.386016085684481,4323.104918062527,105.49
5727.0,4491.450701211336,4495.505099163129,12.575255727429708,4503.461696873148,105.49
5958.0,4821.208507784971,4825.466249842273,12.833086249994484,4863.314915223986,105.49
7138.0,5719.350552219527,5723.526356734551,13.28383482935179,5728.7607926624405,105.49
6860.0,6447.531348832217,6451.183157233974,14.096387371517293,6456.2175359566845,105.49
7715.0,6529.209047672239,6533.4961916155025,12.15847258768034,6539.2007998449935,105.49
7723.0,6619.301282180653,6623.476672402936,13.39394592550632,6628.779866466109,105.49
6869.0,6621.84519827748,6626.132540325607,12.286768806467848,6666.370169107749,105.49
7713.0,6803.790752097762,6808.000262114998,12.421256578853189,6812.868909214371,105.49
6877.0,7429.105263833625,7433.193220419224,12.688603189662992,7438.635844630184,105.49
