vehid,entry,mid,instspeed,exit,length
1688.0,412.1272851003837,421.5118895502508,12.840483954287235,431.6318693754916,224.19
1710.0,565.0876746345934,573.5893705472585,13.303844553437711,582.2594601831503,224.19
1705.0,1499.6130966090652,1510.298107650934,9.83820136099378,1521.8031939191583,224.19
1685.0,1644.8513571438857,1653.4381629173745,13.17275406729011,1662.9938760179873,224.19
3655.0,2390.7461944439947,2399.4928277445974,12.026474672667508,2417.500870931577,224.19
3688.0,3000.339466366687,3008.364830342516,13.848821880278969,3017.858596377577,224.19
3131.0,3030.048472359397,3038.4684483590463,14.159532344620334,3046.536713046543,224.19
5667.0,3675.741096791212,3684.2144795663803,14.910607327775494,3692.9265668838057,224.19
5650.0,4107.418044359259,4116.243804318752,12.154423608327216,4125.291215702571,224.19
5128.0,4539.271205055881,4547.053101850178,13.765435227343994,4556.252626086004,224.19
7698.0,5650.038597595721,5659.238971352095,11.993738574221203,5669.690680861403,224.19
7650.0,5990.038830391744,5998.058364081809,14.008471298216914,6006.9748130819,224.19
