vehid,entry,mid,instspeed,exit,length
739.0,301.3293115342928,302.05882758459126,13.619561766645683,302.66202316165044,20.43
1033.0,565.7711500069769,566.3824450862015,14.199408811209256,566.9610085692559,20.43
1591.0,680.3783408723552,681.2113448888565,10.916055718461845,681.9639298546176,20.43
1397.0,943.2930564970557,944.1058162602632,12.270887137626177,944.7753081500497,20.43
1840.0,2009.3475376661384,2010.176194080406,11.305531113509494,2010.9028525042027,20.43
2773.0,2552.297718098849,2553.078900507985,12.068208001385177,2553.759636158065,20.43
2072.0,3092.7602828505787,3093.423385730478,12.225423703428353,3094.0923624152556,20.43
3417.0,3823.2193033910385,3824.019595115133,11.837290056234856,3824.7136103314624,20.43
5577.0,4273.306008285742,4274.0725579489,12.364424108926539,4274.736985126967,20.43
5245.0,5002.821527904801,5003.43069040575,14.200975158320821,5004.009518433799,20.43
5830.0,5093.246921377602,5094.014482773915,12.231081702264866,5094.686153491118,20.43
4754.0,5391.236210303567,5392.070695087926,11.872826583760906,5392.762633049048,20.43
4737.0,5478.3855164116585,5479.172259046765,11.305933433974069,5479.898891612497,20.43
5243.0,5636.259102361575,5637.049167999296,11.90012551828705,5637.739518652026,20.43
6210.0,5727.474958946317,5728.016763280714,15.407884952738018,5728.549948688336,20.43
6054.0,5882.394383282027,5883.177892919659,11.880722404906717,5883.869371025042,20.43
6759.0,6292.260800416674,6293.035091285194,11.302554328319513,6293.761941091041,20.43
7813.0,6354.397108014511,6355.162309355564,12.309021612619775,6355.82972709823,20.43
7022.0,6688.862245601639,6689.559318323991,12.052474862316844,6690.214421536533,20.43
7008.0,6780.339873081213,6781.243151025723,10.563521121126787,6782.018152566263,20.43
7558.0,6980.0,6981.456400460595,13.874325821832514,6982.054358808951,20.43
7393.0,7067.439211573295,7068.256013023922,11.083499898323893,7068.997228298383,20.43
7252.0,7070.496483954718,7071.317986211323,11.387292594192246,7072.038240762426,20.43
7015.0,7136.849933452556,7137.525860982035,12.40888432571397,7138.181426733069,20.43
