vehid,entry,mid,instspeed,exit,length
1492.0,273.9243262259368,278.0569417435863,13.895154703761309,282.8246135132703,105.03
1484.0,453.95677570391535,458.41383188815144,12.613441373393426,463.73780636731885,105.03
1498.0,1356.0570941669516,1360.181956415107,13.068068360049283,1365.3641037720945,105.03
3381.0,2012.6453756039223,2016.3036535855292,14.225452129088657,2020.8947697137849,105.03
5499.0,3783.505108683194,3788.0590695730402,11.737166089043193,3793.1397440153874,105.03
5481.0,3785.653859847154,3790.2387211628416,10.727865991676458,3828.3726796833485,105.03
7483.0,6843.783110537013,6848.401740178606,12.11373366646152,6853.715582750729,105.03
