vehid,entry,mid,instspeed,exit,length
1646.0,420.1963102948387,421.58386683276166,13.351203723287158,422.9920907402856,40.71
1223.0,513.4704766814145,515.1839038598055,10.615589114991064,516.898405512376,40.71
1526.0,515.4350570710833,517.1761091141053,10.914736493704005,518.9006451434929,40.71
1222.0,959.1083444800298,960.3206221564105,14.40363531005094,961.5734292425933,40.71
1663.0,1052.049350899863,1053.4340343769961,13.757698840131455,1054.7919202611506,40.71
1650.0,1679.8756916628345,1681.2436076951897,13.550263074969937,1682.5607459841021,40.71
1659.0,1950.85053859297,1952.3355839908168,12.150789816231756,1954.1432941374308,40.71
3376.0,2220.676979530565,2222.096216774363,12.834230005535755,2223.5235132446405,40.71
3214.0,2223.745233979933,2225.111789890598,13.965337815976891,2226.4493335373772,40.71
3368.0,2313.7337019671036,2315.282131104743,12.021436902377012,2316.8577047484955,40.71
3219.0,2315.8274293248232,2317.300755428824,11.690770186450521,2318.8561609425983,40.71
3519.0,2765.379255511208,2767.2118710397262,10.670841157186706,2769.031218787223,40.71
3543.0,2853.6675559016444,2855.5044652006495,10.175599290348414,2857.2627080146353,40.71
3233.0,3573.5498837960276,3575.1312049365065,10.78214815535829,3576.739372361176,40.71
5376.0,5372.389401225341,5374.081533490184,10.773077739468325,5375.788295572273,40.71
7377.0,5729.964488261842,5731.316997951859,14.498432408839546,5732.586927577538,40.71
7640.0,6720.035023633851,6721.3670028276165,14.273020060626884,6722.668378281346,40.71
