vehid,entry,mid,instspeed,exit,length
53.0,579.1118964419891,588.515020117764,11.969347254757743,596.3854488426251,216.85
1407.0,1098.8912814402988,1108.1044160033834,12.0156041338199,1116.0195601820628,216.85
1566.0,1900.1268438571879,1908.0235680957485,14.499941232462875,1914.5328752890384,216.85
3586.0,3169.691980972402,3179.4410138683857,12.009296740563238,3187.849541506592,216.85
4064.0,4792.0,4803.232544180041,11.359877577515178,4812.175366614793,216.85
5568.0,5425.0,5433.503785464887,15.369125219956,5439.90801878841,216.85
7401.0,6678.410723762393,6687.187601660159,12.400709528355458,6694.711592320431,216.85
7402.0,6938.389626016531,6948.461017053367,11.599905108122327,6956.954772817676,216.85
7395.0,7475.736963357023,7485.129932499794,12.69241304861211,7492.921216575457,216.85
