vehid,entry,mid,instspeed,exit,length
218.0,557.755514501919,560.2285417766373,14.862113400963555,562.6484863729496,76.63
2075.0,2450.1236964277555,2453.000471328211,12.692153041098212,2455.8067191417863,76.63
4060.0,4878.3730300016405,4881.018379990945,12.984742725600107,4883.6871693432095,76.63
6068.0,7308.707402525855,7311.304924610871,13.442829797496456,7313.930177856979,76.63
