vehid,entry,mid,instspeed,exit,length
1271.0,184.5851105417558,192.64558161225318,14.40633940241392,200.31678923759054,217.32
34.0,211.41405134544215,219.3747740002994,13.17737470033879,228.32935366253625,217.32
1268.0,634.5658196178982,644.1014988604155,10.905184190488225,653.6926935547935,217.32
2029.0,3361.7048022378067,3371.1880314403734,11.298186459431356,3381.890790835653,217.32
3234.0,3696.3852200125643,3704.4287131128713,13.572388422038346,3712.1156634447784,217.32
5259.0,5226.334614646733,5235.0061591857475,12.782463412179663,5244.4885559147415,217.32
7246.0,6484.208278438331,6492.386275925756,13.65818747505446,6500.07933928167,217.32
6026.0,7053.162074477271,7062.466352889715,11.230664862492718,7072.74325413614,217.32
7279.0,7114.874180579529,7124.238336484629,11.00829577890491,7133.591626328494,217.32
