vehid,entry,mid,instspeed,exit,length
4085.0,5318.277075784236,5328.264410373757,12.128549805677784,5337.710396891591,244.92
6079.0,7354.737625215998,7366.515936573968,11.087877788635886,7378.921166228194,244.92
