vehid,entry,mid,instspeed,exit,length
485.0,167.47097220753,170.40316304423607,13.036764322776522,173.94727663984844,77.89
490.0,437.3651843675743,440.2120462397737,12.625616119727058,443.8748967963898,77.89
90.0,862.9331738856953,865.634143728014,13.953811543735787,868.9921029830417,77.89
238.0,1043.9696610236433,1047.0946141285956,11.72919482758565,1050.751193193469,77.89
223.0,1403.2554120492184,1406.1155644761513,13.020620648914928,1409.87708567278,77.89
778.0,1689.3206358906748,1692.1573122901777,13.123712989543389,1713.019497496947,77.89
2082.0,2459.3412381909475,2462.100728993091,13.430809680338724,2464.743593874908,77.89
2224.0,2482.8755286149067,2485.5102903630072,14.118572023759839,2488.9484318533955,77.89
2477.0,3056.578537308985,3060.225007711855,10.177845880367343,3063.874656804884,77.89
2089.0,3369.5489521108875,3373.355763951702,9.956853345025294,3377.6544700203913,77.89
4489.0,4395.60407273723,4398.37965353727,13.982961156060071,4401.8588068770405,77.89
4224.0,4465.787799495183,4469.189105797281,11.374972763786335,4473.305990921766,77.89
4771.0,4753.73573838397,4757.135206665738,10.2946088276665,4761.269898373142,77.89
4221.0,5273.789947597738,5277.428841120516,10.710679851051685,5281.598771335849,77.89
4085.0,5343.288102919441,5346.337689596881,12.405325472642796,5349.947258988989,77.89
6089.0,5880.290433700298,5883.219338381946,12.332626845474818,5886.104490682931,77.89
6231.0,6626.123248259409,6630.123228385493,9.50753022777569,6663.320126568268,77.89
