vehid,entry,mid,instspeed,exit,length
930,128.1968938262659,135.52538862273937,5.0,112.91241553170062,187.99
1169,206.03654065609874,213.16667398306433,5.0,190.41881062631506,187.99
944,435.90935128894034,444.3378312516557,10.672922257313378,453.8444931246489,187.99
1151,507.2523691675943,514.5773723304209,12.268609858476713,522.951601423996,187.99
1105,598.3146459746064,605.439599223711,12.51583985470824,612.7553290879802,187.99
783,650.0,659.3150227609239,10.853995732042735,667.6778140648445,187.99
779,738.0,745.5536621195862,13.790061631643749,752.4158725379697,187.99
1180,859.3576126221313,867.3326743122842,10.99768321653874,875.5162899525227,187.99
935,1532.0207051308043,1540.47826121628,10.78990106593266,1550.307772376994,187.99
2671,2088.0,2097.512661779716,11.019637544337439,2106.7922172315525,187.99
3162,2093.3665095452943,2100.539211894804,12.118018676757677,2115.3644549387277,187.99
2666,2098.053502630856,2106.174733097172,11.587013349244936,2119.9563730754903,187.99
3180,2392.2466777946333,2398.065267346569,5.0,2373.961112131604,187.99
2943,2771.777627640454,2779.487895309502,12.009946903732432,2787.514893450846,187.99
3168,3342.250533480174,3349.4368697182276,13.05074501046643,3358.424580944897,187.99
5181,4046.1982626679073,4053.4465929113258,13.223953808913098,4061.782044796222,187.99
4942,4340.143055930156,4349.362143202096,10.065126386833716,4359.218198387852,187.99
4947,4526.057201835368,4535.212094801011,5.0,4527.072441212128,187.99
5175,4589.0846131529615,4595.385001065049,14.632796166735998,4602.928864287736,187.99
4958,4646.8628063628075,4655.355611053976,10.760439453726779,4664.831757380046,187.99
5126,4765.238322148355,4772.540105633514,5.0,4749.957005347964,187.99
5152,5276.680427452769,5283.4920019448,13.453364939066203,5290.5248893945345,187.99
7043,5444.690320145585,5452.25678728976,12.269511639210545,5460.921940724556,187.99
7127,5557.374804143591,5563.186176307682,16.099767231934752,5569.153580905661,187.99
7149,5816.149080092048,5824.045901768192,11.711164410669166,5832.1192595539305,187.99
6687,5981.0,5991.3683086535575,9.991576570074137,6001.678138467488,187.99
7137,6447.728712719792,6454.508049002504,13.42940144322696,6471.133667814168,187.99
6859,6582.0,6589.26616137852,5.0,6566.801888771893,187.99
7161,6842.228977354657,6849.534926417102,12.957751387197538,6858.637480806289,187.99
7176,7155.824252777461,7163.506800274159,11.267272432304592,7172.586827993829,187.99
