vehid,entry,mid,instspeed,exit,length
71,998.134175756003,1001.3778680596984,5.0,974.5134163017697,89.5
57,1179.5193020248198,1184.0199261878995,8.910301370128291,1188.7386737660565,89.5
2217,2168.128482164209,2171.3824390210257,12.710712267899652,2174.6900865413168,89.5
2209,3629.077011917691,3632.5692708324723,12.173508975227616,3636.1191274610587,89.5
4215,4058.013719895436,4061.0388718170766,14.375377859474055,4064.127672272321,89.5
4068,4148.089601980325,4151.0884520129775,14.153836120600202,4154.096588834614,89.5
6055,7029.039856800968,7032.315443441705,13.189101759356294,7035.577824101112,89.5
6049,7118.742534668101,7122.04394991375,5.0,7095.431975575766,89.5
