vehid,entry,mid,instspeed,exit,length
490.0,1519.7714125073987,1522.0678806562307,14.735509825259104,1533.3821548941828,90.67
486.0,1608.7550404186165,1611.3577867768543,12.719029824570457,1616.7376606623998,90.67
7800.0,6373.202171578033,6375.514214827776,14.31821412651888,6380.4010960427195,90.67
