vehid,entry,mid,instspeed,exit,length
532.0,607.5859247602484,613.2068225862181,12.771099425084754,628.0,155.68
457.0,1145.7415089015951,1151.4475102394579,12.599864166497676,1165.0040078500363,155.68
2548.0,2283.346895066761,2289.123724510384,12.660253799676015,2304.0,155.68
2530.0,2910.5166948490614,2917.2991014701815,10.949697710694183,2929.0,155.68
6547.0,5879.26885754227,5885.250997156631,12.851013260014655,5901.0,155.68
6532.0,6237.102154003475,6245.044953467066,9.680849430236764,6253.880057366046,155.68
