vehid,entry,mid,instspeed,exit,length
215.0,541.5066680988305,545.4112358831042,9.532742976186709,547.6341503197297,52.32
52.0,811.4864420467375,815.0461171079514,10.396059663519198,817.3501065858522,52.32
210.0,1081.207593136517,1084.3309436600364,11.980348811198489,1086.3188541274483,52.32
214.0,1718.070509086737,1720.212374821213,10.911859273534317,1722.3258165124928,52.32
53.0,1801.4792941688613,1805.008462637425,10.977681232661475,1807.012287725893,52.32
64.0,1981.578918620452,1985.2917889835624,9.658718697749448,1987.3874872750478,52.32
4217.0,3883.638674796669,3885.4272937209576,13.611392548218989,3887.1725973086745,52.32
4053.0,4591.585435853521,4595.153001717524,11.027684382090198,4597.367252593641,52.32
4216.0,5041.362266103302,5045.003099947081,11.53662125384811,5046.998971709151,52.32
6052.0,6121.1466314628715,6124.404318916575,10.667964581565258,6126.500135153944,52.32
6057.0,6211.237549000147,6214.480716106058,10.49015149042893,6216.615397543055,52.32
6054.0,6214.441718157657,6217.247880669085,12.269981145719287,6219.232786786482,52.32
6051.0,6481.221863658956,6484.515379673996,10.34846008481841,6486.570651992081,52.32
6055.0,6661.269631865869,6664.473705788908,10.591844460567415,6666.758731688227,52.32
6208.0,6664.255133809265,6667.119916870344,11.746010993848998,6669.027569792375,52.32
