vehid,entry,mid,instspeed,exit,length
219.0,98.12681608280377,101.35140003099593,12.763802027714894,104.49747877113617,89.5
216.0,210.41298794199824,214.14937853519984,11.60076513424874,217.94960231200773,89.5
61.0,278.72264710863675,282.02591783854285,13.09330273871752,285.355701834959,89.5
213.0,294.6500629598363,297.5420873416847,14.966421343407923,300.43131265523937,89.5
59.0,908.3936267669732,912.0618747526665,11.843283210363523,915.7135685018661,89.5
53.0,1808.3312916072664,1811.5770480687152,13.334233592009593,1814.710531931246,89.5
2062.0,2528.4177826920513,2532.0565656901836,12.228810764684935,2535.534542831665,89.5
2077.0,3158.6981476885308,3162.3694535727905,11.829055426692847,3166.13658686174,89.5
2214.0,3252.029196188703,3255.2202835968988,13.034692746781179,3258.3811141062783,89.5
4217.0,3888.4671899737887,3891.5486615747272,13.702242855884377,3894.6146109755678,89.5
6209.0,6313.76228189613,6317.490616146028,11.324698258327652,6321.30375168488,89.5
