vehid,entry,mid,instspeed,exit,length
41.0,1038.6118001278294,1040.2645038197443,11.362743648022192,1041.2490770922689,37.01
4046.0,4098.545485118026,4100.312009317835,8.006839182338016,4101.696804062076,37.01
4067.0,4281.078505685188,4282.51346121857,11.929654775082618,4283.452694600743,37.01
4053.0,4283.07775767203,4284.4987960551525,10.514778153554216,4285.526719417169,37.01
4034.0,5178.5982889550405,5180.330221215976,8.840347922936665,5181.589410072377,37.01
6064.0,5808.649564040136,5810.165006877911,11.682285264211872,5811.12539245469,37.01
6054.0,5988.615336816408,5990.163790431584,11.610400963322208,5991.127278604883,37.01
