vehid,entry,mid,instspeed,exit,length
2481.0,2662.0,2664.2176762370987,17.61163364002878,2665.4658807516457,50.36
4217.0,3911.597943007527,3913.255001433742,14.341921119317393,3914.826834391918,50.36
6064.0,6067.926021439708,6070.003663062832,11.493832936872392,6072.004757268526,50.36
6209.0,6342.343001776726,6344.45313681772,11.006408762303225,6346.469334295831,50.36
