vehid,entry,mid,instspeed,exit,length
6203.0,5485.44573261157,5487.0003343723065,11.010160238133711,5489.796602926166,45.93
6212.0,7010.160948129128,7012.352605801988,12.03779783727513,7015.3232111463085,45.93
