vehid,entry,mid,instspeed,exit,length
216.0,93.47881034349115,99.37780246329041,11.991197362932676,105.49962921907203,123.08
213.0,183.05163724123827,188.31545380052148,14.26215696371781,194.05141591129416,123.08
212.0,1818.877118013586,1824.2941348438721,10.572234270917916,1830.7354122424103,123.08
4218.0,3975.4500097832292,3981.2838329100828,10.07209755948346,3987.959286422196,123.08
