vehid,entry,mid,instspeed,exit,length
5756.0,5279.789872056689,5285.567943913184,15.039969191482815,5288.45419255392,135.0
7762.0,5822.537910123681,5830.322514414984,10.86136524977077,5834.10597936312,135.0
