vehid,entry,mid,instspeed,exit,length
74.0,511.19883720117605,513.4620524855724,12.45391836584911,516.6352762290406,61.08
66.0,690.1680549931086,692.1058897060688,13.621470774789811,694.9873250862906,61.08
211.0,962.1733856652237,964.5047899571812,12.303427230085738,967.7013548191619,61.08
212.0,1695.7471878331553,1698.2880062118836,11.140138669539098,1701.6282137291832,61.08
214.0,1719.1573227246633,1721.5327574668888,11.625813931449391,1723.8377867583217,61.08
2202.0,3608.2231105236524,3610.578916198999,12.05278200857871,3612.9477697597654,61.08
4074.0,4021.905702119973,4024.268981371973,12.067215944709698,4027.6701079503955,61.08
4053.0,4472.025163928896,4474.405501355712,12.521390490351298,4477.577769822083,61.08
6050.0,6902.064086533042,6904.405732874221,12.150405232132131,6907.3506656501895,61.08
