vehid,entry,mid,instspeed,exit,length
73.0,548.1866505041861,551.5138012506136,13.000790116751032,555.0026411418115,89.5
72.0,727.7249537709017,730.6246461291657,14.315840656877873,733.663243701597,89.5
206.0,1831.1093010226537,1834.5621547882395,12.506220939070944,1837.9332347965299,89.5
6049.0,5948.596354978493,5952.191887555792,11.516296878693222,5955.83192304748,89.5
