vehid,entry,mid,instspeed,exit,length
1675.0,1493.5468284505162,1504.1957719675495,12.826250871270137,1512.9141676041054,249.89
1092.0,1627.986923390221,1638.5281867813223,14.095485450041672,1647.5530128798505,249.89
3092.0,3605.0,3617.3219776483947,12.562331480494725,3625.2150286333167,249.89
5949.0,4103.426540727896,4115.473013752535,12.806073160840848,4124.845523396798,249.89
5941.0,5456.942910785064,5467.511694067961,12.815726362047691,5474.956391566671,249.89
7696.0,5901.139199828401,5912.251360315869,12.917540225625903,5922.045065445524,249.89
7097.0,6609.608502840987,6619.618165542552,14.571258621708669,6626.789298904874,249.89
