vehid,entry,mid,instspeed,exit,length
1389.0,469.78770980037115,480.21098064908125,11.266061199338967,488.8942528958718,216.85
1236.0,754.2571600463173,763.0020565010483,13.10856088998258,770.6025452116788,216.85
52.0,828.749119994304,838.1996244223473,12.27389713471678,846.2040356453612,216.85
1550.0,995.4361160648939,1003.2227745756993,15.234077693355097,1009.587481965539,216.85
1397.0,1278.2612252830809,1287.0963825544964,12.881430500252547,1294.772004346712,216.85
3241.0,2450.321823568008,2460.324971879794,11.005057477751029,2469.1790331806574,216.85
2053.0,2710.453366737867,2718.6290555935607,14.845879760765511,2725.502851665389,216.85
2041.0,3155.768304986379,3164.1674145981697,13.972576377605758,3171.3897651015395,216.85
3573.0,3451.40085768784,3459.5108329997447,14.374273174003228,3466.4132975714506,216.85
2057.0,3456.8312903384294,3466.099439893101,12.36202864411818,3473.9914843115266,216.85
3397.0,3619.032420804537,3628.160760933569,13.024915383427977,3636.051565615471,216.85
4059.0,4533.005179734857,4541.2836057217255,14.228226731973388,4548.312628255733,216.85
5571.0,4536.640914030515,4545.151254604672,12.969813303997688,4552.409847223162,216.85
4052.0,4957.4975169294285,4967.322052932651,11.94917045112706,4975.970212157765,216.85
5247.0,4966.924414044547,4975.200353478431,13.996157955359637,4982.308069074142,216.85
5244.0,5074.173553899519,5082.776316876472,11.389231533757764,5090.119532601707,216.85
5252.0,5261.690415202469,5272.458306136618,10.239519098284529,5281.6508719093235,216.85
6761.0,5630.87283126446,5643.111699028981,9.916504511096717,5653.509441083918,216.85
6071.0,6053.40492855856,6063.134719779996,11.669645385514533,6071.60497715456,216.85
7579.0,6516.137202178327,6525.346368738958,12.2513432794765,6533.14403507713,216.85
6053.0,7297.72097862643,7309.234716403718,10.424900210390888,7317.183172248008,216.85
7586.0,7417.787360086354,7427.559844650188,11.936782809556277,7435.989315012612,216.85
