vehid,entry,mid,instspeed,exit,length
2456.0,2485.174565927288,2486.2486152533925,12.411728007251241,2487.265752617811,30.92
4463.0,4108.392277411631,4109.471793605476,12.299054694200388,4110.461925992767,30.92
4749.0,4112.487756224229,4113.422188850238,13.83382211682784,4114.316340110325,30.92
6733.0,5742.714230038307,5744.19111832319,9.709624697690062,5745.561348564262,30.92
