vehid,entry,mid,instspeed,exit,length
499,1537.0,1540.6199920607485,5.0,1514.5524183530763,94.2
2580,2699.0,2702.461958318551,14.11686779048334,2706.242742922475,94.2
4599,4102.0,4105.436299643069,14.254338071123644,4109.323181986062,94.2
4577,5319.0,5323.438933518777,10.36719179288856,5328.80655001544,94.2
