vehid,entry,mid,instspeed,exit,length
479,295.5001981238963,298.2777568163559,11.620471583733218,302.6571470505888,90.67
2489,2707.9800783324654,2710.3440043504665,13.358665678578017,2714.1858656464087,90.67
