vehid,entry,mid,instspeed,exit,length
423,95.672397478645,100.45807617036878,13.221653435889566,109.63720097437367,179.5
432,301.7541552153209,308.314780661777,9.620539642885891,321.62496437507565,179.5
438,658.504989749603,662.3347662550051,15.060661845907065,671.2193106455227,179.5
419,724.1502814975099,729.0623254364026,13.423839241372319,737.6385432976373,179.5
517,1176.3864651333527,1181.0675788618757,13.200185918310043,1189.7559505270806,179.5
495,1353.8496706757305,1359.3114421404348,10.872304111333614,1369.5250709111701,179.5
436,1747.9053569371968,1752.3655528303173,5.0,1731.9969067161626,179.5
431,1805.7537934626814,1811.3362839963454,10.16855721896783,1822.3077104606475,179.5
2414,2074.047482305152,2079.4757413797784,12.332615161162547,2088.880579725945,179.5
2416,2735.7493024556093,2740.06253736808,13.008250270174353,2750.3068269287105,179.5
2412,2794.126653148213,2799.524016667565,5.0,2779.59546888132,179.5
2468,2796.385526178605,2801.413082852284,12.088809426992206,2811.3517880414956,179.5
2507,3092.910366199884,3097.3868590012103,13.729836767442922,3107.1777513826632,179.5
2435,3336.004862109892,3341.193195850507,5.0,3321.616663676291,179.5
2419,3513.5791154657686,3518.439126730424,12.620068648725985,3527.7107663768898,179.5
4490,4325.924046559117,4331.143565199664,10.026818968788088,4341.702972774047,179.5
4419,4692.139620734651,4697.316617625595,11.151640741713873,4708.097669935097,179.5
4471,4985.079852398659,4989.3810549409045,13.594349931676248,4999.511784224709,179.5
6414,5766.270913502663,5772.0463211391125,10.22945534236209,5783.578935124235,179.5
6419,5943.826658763824,5948.567365941667,14.898106544242689,5956.6011031293365,179.5
6438,6307.778968882577,6314.078852518955,10.852040971470934,6325.672733464343,179.5
6418,6428.998683422077,6433.602390442338,5.0,6453.269634219721,179.5
6422,6663.4286960577965,6668.381001866217,12.587528474560292,6677.371964606211,179.5
6421,6967.8346101239795,6972.3173470612155,13.109035759794411,6982.479845432412,179.5
6441,7293.716239249719,7298.367902831939,3.820612245599996,7275.483435420434,179.5
