vehid,entry,mid,instspeed,exit,length
1862,433.0929350030169,433.29441352881616,12.26177204139615,433.41425886931444,8.94
7846,5716.401104178538,5716.565458063578,15.03148984875445,5716.6632205781525,8.94
7848,6981.941066840452,6982.134556364141,12.7876393112874,6982.249473293657,8.94
7843,7254.825548315028,7255.02740300853,5.0,7225.148390587236,8.94
