vehid,entry,mid,instspeed,exit,length
466,284.8755723801413,287.3328875916367,12.680482672366946,291.4160506099904,90.67
6449,6075.772462965598,6078.117850647528,13.173529057667789,6082.986800975939,90.67
