vehid,entry,mid,instspeed,exit,length
540,1034.3306027549168,1035.2566076661813,5.0,1006.1879495925946,27.18
527,1547.3748908402035,1548.1931708488275,14.217354090233849,1549.0055706927653,27.18
539,1596.2715626449358,1597.1801976893394,12.937258151687006,1598.0694267254007,27.18
2542,2626.606689514202,2627.4599561786526,13.308681867585724,2628.31220305088,27.18
2446,2716.7328123383604,2717.5078856848177,14.990394566688689,2718.2927294630417,27.18
6520,6496.566021203575,6497.403102559147,5.0,6468.22325682008,27.18
6523,6770.169737610323,6771.274610075908,11.057931622088494,6772.332142605742,27.18
6533,7197.273521464156,7198.13761497554,13.397775401901244,7198.99965680312,27.18
