vehid,entry,mid,instspeed,exit,length
112.0,136.53170139033006,138.53836114094074,14.367120849514835,141.73991836654056,77.12
49.0,732.0803292072878,734.1779406249835,12.460660755088542,738.5894505396894,77.12
2041.0,2547.63693179012,2549.5502802671485,14.492193816962482,2553.6623724050514,77.12
2112.0,2823.7700522115074,2825.541050488487,15.550331074678576,2829.605016453126,77.12
2047.0,3107.6635404252647,3110.4141920588145,13.083036343817422,3113.6536007111117,77.12
2111.0,3521.4793074576673,3523.5955414798464,12.735569150780904,3527.814849284674,77.12
6038.0,5502.384100132187,5504.4875718139365,12.702381641253016,5508.728205493656,77.12
6023.0,7211.283932300169,7213.201106862091,13.674045688815662,7217.515318912684,77.12
