vehid,entry,mid,instspeed,exit,length
2458.0,2463.0,2466.606966958881,13.380044333174832,2470.7058712351327,94.2
2418.0,3188.0,3191.4605113335065,14.27259215258472,3195.101084346974,94.2
4541.0,3842.0,3845.502814076089,13.550392389745802,3849.3239767660616,94.2
6620.0,6933.0,6936.541206151094,13.799507781789192,6940.430695631208,94.2
