vehid,entry,mid,instspeed,exit,length
1293.0,211.3242128203784,220.57647250864915,12.85546589324842,229.22500156806746,232.08
3200.0,2281.0950982561412,2291.030707432732,11.906246658154505,2300.7470598309637,232.08
5262.0,4489.6815154548185,4501.349640092853,9.997814947956911,4513.011617753751,232.08
5263.0,4795.876685783427,4803.168809725406,16.337763771412543,4811.674048163079,232.08
