vehid,entry,mid,instspeed,exit,length
1102.0,1324.1247121584213,1330.2418372096192,10.877585884246802,1335.8155377687851,134.74
