vehid,entry,mid,instspeed,exit,length
1818.0,501.6195772309853,505.4206564858733,11.991551956579686,511.9981450014478,125.75
1839.0,769.6620893526589,773.0609073090015,14.712837320506843,778.527547283148,125.75
1863.0,1762.908674984261,1766.4745529475874,13.618511946810381,1772.3797012391187,125.75
5818.0,4729.386976973025,4733.386154218369,11.056631862984643,4740.213863074604,125.75
