vehid,entry,mid,instspeed,exit,length
2476.0,3601.825954646758,3604.5253133307197,12.392439402988195,3608.888231328639,90.67
4447.0,4579.844171525202,4582.402140342315,12.39810664044176,4587.627212835647,90.67
4490.0,5312.428813321934,5315.320366285734,11.60880557725759,5319.950261103237,90.67
6472.0,6483.705498068834,6487.090532415245,12.082784212149575,6491.466314015394,90.67
6470.0,6561.863774121367,6564.5063003017585,12.011030288414625,6569.865345543571,90.67
6483.0,6949.823430337896,6952.170255268416,14.758084292878813,6955.859731465085,90.67
