vehid,entry,mid,instspeed,exit,length
837.0,136.51588304691077,148.5278471840446,12.501164578644156,160.7181946978817,295.19
1137.0,335.1189010650159,345.0826499026793,15.170470947953367,355.02549183620926,295.19
1159.0,1260.8649548984552,1272.0542119792726,12.38225664518996,1284.6141987486692,295.19
1939.0,1772.036104865078,1782.2417424761236,13.577666451147673,1797.0635937955933,295.19
3121.0,1852.6819036064367,1863.5375373329819,12.883051928590058,1874.668229190947,295.19
3141.0,2249.305700731196,2261.3700117605927,11.51968528887918,2280.1312969372057,295.19
3135.0,2251.291283517867,2263.2174095214045,12.826791521003338,2282.5176554925038,295.19
3174.0,2913.9398234719647,2923.048591318634,15.90741736055674,2932.429093454703,295.19
2910.0,3569.538837483691,3580.456939673391,13.746208339337473,3591.656847328054,295.19
5091.0,3832.567490372265,3843.0636643810853,13.30540310435418,3854.7044761373804,295.19
5934.0,4601.098639726622,4611.54237872854,13.887094981910806,4623.113404936728,295.19
5177.0,4822.786196933774,4834.263456853399,12.810552376444287,4846.071287464372,295.19
5088.0,5071.387369500885,5082.117958524795,13.603983585902576,5093.941729718039,295.19
7142.0,5889.812217618783,5900.518685489823,13.182141874914944,5912.631485114929,295.19
7098.0,6143.089822032921,6155.1145179246005,12.128222086149485,6167.721153261906,295.19
6839.0,6605.804216821878,6618.495076954966,11.846706171709988,6631.73676405547,295.19
