vehid,entry,mid,instspeed,exit,length
216.0,610.8778851705306,615.3525071347807,13.415573122833635,619.9018037311804,124.84
56.0,1370.9625916109871,1377.1252789918644,9.623257827831106,1383.658579838878,124.84
51.0,1897.2256021632418,1902.1078610907534,14.077200743883846,1907.5906005393754,124.84
2061.0,2170.33066151032,2175.204401494139,12.089833532223118,2181.209014459958,124.84
2059.0,2257.5690093709836,2262.3668177330755,12.788730754181532,2267.8629974882006,124.84
2070.0,3157.1601303532925,3162.1289524016393,13.047489843666003,3167.650823537492,124.84
2052.0,3159.3963878462114,3165.439059780995,9.936357251649186,3198.339317037653,124.84
2065.0,3605.7143747636856,3610.2480507948853,14.780890990140966,3615.457490939837,124.84
2051.0,3611.810863615155,3616.489695757959,13.443023931550508,3648.2299426736918,124.84
4058.0,3975.1254122690116,3980.3600160883666,12.112449685432992,3986.209846043912,124.84
4214.0,4109.5659499774765,4115.461504930418,10.453998291748109,4121.018067502241,124.84
4059.0,4233.39842845637,4238.430106718769,13.243304894329865,4243.799924913178,124.84
4070.0,4241.413542377446,4246.541560595411,11.452139765299329,4285.045285502429,124.84
4071.0,4327.662702173103,4332.198770557166,14.89848875588528,4337.374439973025,124.84
4215.0,5294.81541285859,5299.535882042813,13.041961757103282,5305.237061938599,124.84
4063.0,5413.288236210965,5418.424320924215,11.964828175601397,5423.920065863693,124.84
6213.0,5551.464649846999,5557.028844748983,10.856225225026071,5562.482117958473,124.84
4069.0,5682.120404647077,5687.172970522367,12.79740718384724,5692.713764202641,124.84
6058.0,6935.440456701156,6940.05715865412,14.922409794926379,6944.973368644625,124.84
6060.0,7121.675158537372,7127.325531339091,10.02432568045773,7160.74612581221,124.84
6067.0,7212.061473850368,7217.498223142839,11.225919334407841,7254.423707626931,124.84
