vehid,entry,mid,instspeed,exit,length
3288,2212.2775075822346,2220.5638872029394,14.249172311144688,2228.3218480901787,232.08
