vehid,entry,mid,instspeed,exit,length
1335,763.7763085101134,770.6359582568363,17.225391774145354,780.6791045908458,250.54
3269,2833.5390438751133,2841.5542757159114,5.0,2823.6493268737554,250.54
3272,3316.4185611159483,3324.2613656389944,5.0,3305.100262742356,250.54
5272,5110.849225135694,5118.385689039258,15.039911651715423,5129.8019728506715,250.54
5205,5179.506257491524,5188.319704153524,11.546412446862341,5200.887512460882,250.54
7202,5938.6492652608995,5947.518494450815,12.337946026626895,5959.565630844829,250.54
7263,6214.767547494911,6223.414888859743,12.795515810825348,6235.0356820953475,250.54
7260,6250.716281456299,6257.147144237237,15.900326388130443,6267.495309879547,250.54
