vehid,entry,mid,instspeed,exit,length
555,774.0509241660463,781.5318081733775,12.614133429181528,799.0,179.94
