vehid,entry,mid,instspeed,exit,length
478,633.2334491821722,636.3298745483233,11.0613898978988,641.1587920605352,90.67
491,1061.8103965210637,1064.4850688951913,12.129868403667322,1069.5845083052707,90.67
2468,3208.016094069078,3210.273374262754,13.671930366604045,3214.872779782268,90.67
4496,3672.8446561909805,3675.059227754809,15.287219735084637,3679.7610761527644,90.67
4482,4323.342515142234,4326.453020385066,12.82919241377725,4330.824471316354,90.67
6487,5640.330197951774,5643.32611704878,5.0,5618.9722882151855,90.67
6483,6065.734536584904,6068.125124661753,5.0,6043.154228294845,90.67
6485,6415.07993420927,6418.1191538893045,10.43174404894414,6423.0579967151925,90.67
6449,6905.925197415697,6908.549189672695,12.222813377088125,6913.808573015118,90.67
