vehid,entry,mid,instspeed,exit,length
88,556.7812506037362,560.4126958473269,14.40491362842705,564.0484835518162,112.4
2033,3076.5827496799725,3081.1246590563087,11.70949256451732,3085.6679331500877,112.4
6069,6048.100115525956,6052.220053521067,5.0,6026.355620131282,112.4
6057,6767.044885524058,6771.234209302733,13.45628523074836,6775.373383974376,112.4
6031,7215.773413228105,7220.023164440646,12.589772961908784,7224.361619579624,112.4
