vehid,entry,mid,instspeed,exit,length
70,556.2379482166148,557.1110658470476,13.101762790300143,557.9026196392281,26.82
57,915.2452897931489,916.0670102409548,14.306280070345139,916.7919191599692,26.82
2205,2807.6721567877485,2808.5104665355684,5.0,2779.2833258993164,26.82
2202,3346.269450669493,3347.1558243775125,12.520893210496345,3347.9840999523103,26.82
4055,4516.4790535693965,4517.392653084495,12.127779478374682,4518.237488934694,26.82
4222,4521.0994000019255,4522.071385437845,11.262407434714246,4522.992214317552,26.82
4058,4788.451070269685,4789.484976162832,5.0,4760.457728755281,26.82
6206,5866.619965346796,5867.563003664634,11.796582492538926,5868.420002540029,26.82
