vehid,entry,mid,instspeed,exit,length
7208,5979.810732013973,5986.506912853381,12.142172167240469,6002.122064137968,179.92
7396,6450.135623853819,6458.090627016909,9.997876499113088,6467.672245820435,179.92
6013,6589.4016423528865,6595.427305723129,5.0,6573.079182062632,179.92
