vehid,entry,mid,instspeed,exit,length
209,994.0313660340362,996.1804491267594,10.829915912867918,998.2232382987669,50.36
2209,2021.1349651686355,2023.0835397883461,12.527317875692294,2024.8974280881596,50.36
4213,4998.775624860774,5001.181439631418,12.944174146190159,5002.917763734511,50.36
6209,7149.804484628212,7152.093583799686,5.0,7124.111694184798,50.36
