vehid,entry,mid,instspeed,exit,length
6077,5913.034968890757,5916.136859577415,12.804484325126584,5919.156440577066,83.15
6066,6540.522247027177,6543.404368801751,13.372584484521616,6546.437243437205,83.15
