vehid,entry,mid,instspeed,exit,length
4057,5012.401547592384,5014.4013068763525,13.550730385550828,5017.408311489866,61.08
