vehid,entry,mid,instspeed,exit,length
420,642.8363487413608,647.27197763098,5.0,620.845655130819,90.94
422,994.3890703449641,999.1762950539206,12.523685562633725,1002.7536087708,90.94
2431,2356.2995927642064,2360.567762650731,12.235922483155877,2388.1959607970907,90.94
2432,2793.4041482430443,2798.102905180405,12.622320299416344,2802.199574505224,90.94
6445,6561.060079812379,6565.379243571751,12.400733935384283,6568.8467627590735,90.94
