vehid,entry,mid,instspeed,exit,length
207,120.86681726388039,123.62243515425145,13.5337938203731,126.34130848714179,76.63
71,1369.6340397409554,1372.4449881598414,12.75600013031755,1375.1979120164506,76.63
53,2092.6950900212364,2096.10838823523,10.393176561187074,2099.4081367879453,76.63
2224,2734.9295299681876,2738.1406942520994,5.0,2711.422084832452,76.63
2080,3890.307825114923,3893.308596362923,11.830381915300185,3896.3223641165423,76.63
