vehid,entry,mid,instspeed,exit,length
1256,184.4566970598488,193.31505192272317,5.0,171.95673642480682,217.32
39,203.89550747687278,211.24826902798455,14.377337302186364,218.517081227897,217.32
1240,1445.0061417103204,1454.1420608907526,12.542346017977152,1462.6794201850114,217.32
1283,1624.6960142361932,1633.2502435980832,12.47743271864492,1641.6552627455078,217.32
1222,1852.0,1861.1592598651766,5.0,1840.6235110744556,217.32
2025,2008.3696108928416,2017.4323272017573,11.029391749205923,2027.224261537038,217.32
3264,3334.4165295465923,3341.4052981694285,16.563681418052298,3347.7379063849467,217.32
5221,5134.553891692206,5142.46385399779,14.151856522638983,5149.754714957824,217.32
6055,6687.595813280558,6696.56045357007,12.446206013123984,6707.732555744638,217.32
