vehid,entry,mid,instspeed,exit,length
5148,4971.67124078973,4978.208378399001,5.0,4956.240863686443,145.23
7122,6676.395033017959,6682.195875229193,12.166467823675449,6689.541936951608,145.23
7123,7125.6807570936035,7132.13763956582,10.307511035850398,7139.818319297477,145.23
