vehid,entry,mid,instspeed,exit,length
1663,1669.0,1674.1389612078485,12.985530138516346,1679.7305838996028,112.45
1659,1939.0,1945.218005426376,10.486444788338213,1952.194612486171,112.45
1673,2029.0,2034.1034530022077,12.133277317748751,2039.612453609247,112.45
3670,3740.0431604499577,3744.0138386661906,14.966901929717338,3748.812831020596,112.45
5670,4641.0,4647.007565243001,10.930523669960595,4652.8635119703295,112.45
7651,6712.017076491743,6716.335409172423,12.965158270708239,6721.975222750576,112.45
7652,6799.0,6804.26877354284,5.0,6779.865273060279,112.45
