vehid,entry,mid,instspeed,exit,length
319,237.8377964172611,239.61545560180025,14.425231540085099,241.304639999463,54.65
355,513.1666090713669,515.42382242669,11.343083686057172,517.4956523217488,54.65
358,1139.0770189692873,1141.1083040865603,11.305591927202926,1143.1586662046163,54.65
306,1503.998794627814,1506.4263826059962,5.0,1478.747832985792,54.65
2328,2313.933647831161,2316.2767818624357,5.0,2288.6021880654507,54.65
2322,2315.7841036356235,2318.164042966668,10.671393521415188,2320.4309756868925,54.65
2138,2727.1066573553376,2729.3493367458263,5.0,2702.2450847785344,54.65
2371,2759.903798191953,2762.1947355172315,11.361884746412292,2764.419700609013,54.65
2316,2850.8128609842283,2853.312385644051,9.542194060526088,2855.7433720645076,54.65
2128,2852.685716319817,2855.294428817507,9.444148923104557,2857.7064105924997,54.65
2137,3213.0705944654737,3215.137997659119,11.280473527712275,3217.1640071230895,54.65
4347,4018.9693458007396,4021.188250942972,11.473660656540316,4023.2570779927046,54.65
4343,4110.322255891846,4112.548897356664,11.66435580621676,4114.549321585011,54.65
4301,4379.705252532654,4382.022843341407,11.260535227064489,4384.278183377029,54.65
4310,4559.248531829328,4561.493113083672,10.861102516320857,4563.665803930591,54.65
4335,4923.601067156496,4926.025409004686,10.58920583553141,4928.285233542974,54.65
6330,5820.441238267835,5823.015122467493,10.58038086904855,5825.343924084288,54.65
6130,6003.194342906368,6005.309441187685,12.805595407895053,6007.370941152964,54.65
6159,6141.744271681487,6143.48380905785,5.0,6116.405821419898,54.65
6312,6448.988050004504,6451.011247031161,12.229051015194567,6453.009073922157,54.65
6337,6807.687707163324,6809.553656394914,13.94004824695849,6811.365375269158,54.65
6124,6863.499248689058,6865.194530471011,5.0,6837.726102175814,54.65
6133,6902.974256569408,6905.172846027065,11.746602514625216,6907.352481249568,54.65
