vehid,entry,mid,instspeed,exit,length
207,231.81971135696102,232.47503833978394,13.437984862716197,233.18827872971937,23.02
4735,5283.277571244895,5284.189544700026,5.0,5255.081029636633,23.02
4213,5631.73886634527,5632.473519876257,11.634900010183191,5633.286586266929,23.02
