vehid,entry,mid,instspeed,exit,length
1160,287.11483486018955,303.427776001775,14.13004262795797,320.67233717079,465.33
7148,6039.647167583866,6056.017683313509,14.092406472292629,6073.190167949727,465.33
