vehid,entry,mid,instspeed,exit,length
2093.0,2281.3544022662363,2283.3425345168635,13.687926275644703,2298.355845167378,77.12
4089.0,4276.677983382379,4279.218886117973,10.882440289016866,4283.318599817949,77.12
6090.0,5513.008992236777,5515.175097667054,12.997590888001165,5519.410168333094,77.12
6116.0,6403.660526215063,6405.591409811887,13.461938204263964,6409.869565748811,77.12
