vehid,entry,mid,instspeed,exit,length
692.0,327.6248411435837,328.13071037458764,13.020914743132792,328.64453241321723,17.38
667.0,507.7657582471799,508.26641115676017,14.420019019806874,508.7303795432755,17.38
678.0,1048.9681695988272,1049.5545506371736,11.449028505681675,1050.1328594671154,17.38
2692.0,1948.6206481524177,1949.1680150609698,11.99058129192626,1949.725989090356,17.38
2777.0,2037.7373286747459,2038.2764768130826,13.06560505683907,2038.788541346568,17.38
2666.0,2220.9044933166847,2221.4456467629066,12.506618553128229,2221.980598151223,17.38
2486.0,2476.7197331291163,2477.3840026216776,9.042842812043531,2478.2465560750566,17.38
2501.0,3201.4507074491594,3202.1041348103026,10.951757431927101,3202.715035206858,17.38
2783.0,3297.715004728517,3298.2738208960404,12.399032457549517,3298.8134140442194,17.38
2664.0,3387.7999266387396,3388.326092555491,13.220622717963533,3388.8321529053596,17.38
2478.0,3561.542157867823,3562.2165056836693,10.96501914251246,3562.826667222941,17.38
4784.0,3658.93624281742,3659.4893009750995,12.207401022023934,3660.0344679038135,17.38
4691.0,4287.588419386647,4288.143097982478,12.018977172756063,4288.699753749602,17.38
4659.0,4551.8080064819505,4552.4661458889095,10.798898075055254,4553.073055722169,17.38
4669.0,4738.684969495465,4739.292577442709,10.949648810452945,4739.903595483009,17.38
4671.0,5187.595073982444,5188.167524181964,12.211155938993622,5188.715419319128,17.38
4489.0,5361.433066234523,5362.116594575473,11.207456350840681,5362.71355723575,17.38
6670.0,5727.869601854943,5728.42801190984,12.542814492151019,5728.9614195403465,17.38
6677.0,5811.543184551617,5812.180527613458,11.917653760793407,5812.741916045478,17.38
6667.0,5907.803334273898,5908.378795933475,11.754903338104818,5908.9479569691475,17.38
6659.0,6267.893770603418,6268.452739501102,12.027648986509028,6269.009399991269,17.38
6663.0,6627.719577472255,6628.314434199992,11.300269749957431,6628.906493779647,17.38
6783.0,6807.66505182734,6808.184905124832,13.76324055420629,6808.671013969024,17.38
6773.0,7077.587898975095,7078.116124210766,13.501428000650138,7078.611659420658,17.38
6672.0,7161.833752536137,7162.486133435397,10.819369940838117,7163.101361496535,17.38
6687.0,7167.790096130848,7168.319838093497,13.16441920032516,7168.828058992294,17.38
