vehid,entry,mid,instspeed,exit,length
4673.0,4430.0,4435.382770579151,14.261296040556632,4439.355681103189,117.49
5050.0,4742.182129979321,4746.40496328541,13.42375936910544,4750.500125387521,117.49
6686.0,6959.0,6964.070387754447,13.286495497167673,6968.30820084631,117.49
