vehid,entry,mid,instspeed,exit,length
570.0,536.0,539.551880737441,13.474358919274723,544.0323872196958,94.2
435.0,1045.0,1048.2918826769635,14.622719041282135,1051.9009654257522,94.2
2526.0,2823.0,2826.551405268034,13.23876324047752,2830.424113318319,94.2
4622.0,3948.0,3951.5383711466197,13.300072712165973,3956.8759246725444,94.2
6456.0,5982.0,5986.092906677628,10.60235781734016,5990.876000254658,94.2
