vehid,entry,mid,instspeed,exit,length
107.0,1097.311413687167,1104.6336825931478,14.96820797952197,1111.5190918779836,189.51
92.0,1458.9872728477171,1467.0801283337353,13.409598576480413,1473.849229148682,189.51
2095.0,3078.9232002830086,3088.2716085747575,11.552066195161705,3095.8522092130656,189.51
2115.0,3715.4809920925354,3724.3568064832807,12.72176318087329,3731.7717462838,189.51
4081.0,4608.949080956726,4617.510533850636,12.409908310931165,4624.753729932834,189.51
4079.0,5583.730479013933,5592.293742732133,12.464797389883442,5599.797338619247,189.51
6082.0,5693.64723397785,5705.052762699896,9.661932368615293,5718.378980711449,189.51
6087.0,5763.47268258629,5772.156961528187,13.757186030594772,5779.4710796955205,189.51
