vehid,entry,mid,instspeed,exit,length
456.0,1478.4841353727797,1480.2785833341904,15.045123399026023,1481.2554954851958,46.79
