vehid,entry,mid,instspeed,exit,length
456.0,1482.5800371241241,1484.043322474864,11.32805428941565,1486.7288496275544,45.93
4452.0,4356.56937871792,4358.472251782628,11.106212786640658,4360.9625468725335,45.93
4449.0,5224.2133400531475,5226.271677865327,12.86344119235728,5228.83700025869,45.93
