vehid,entry,mid,instspeed,exit,length
311.0,235.38749983479843,239.6409835682424,14.0563287253968,244.0969360550529,124.29
347.0,324.06517795715826,329.34565300746345,11.184571544616697,334.74573078987487,124.29
338.0,331.8735572627721,337.1755477856146,11.961771380115714,342.4008379938107,124.29
147.0,1405.837552479806,1410.2054332060147,14.196616953797442,1414.5676412389626,124.29
366.0,1787.657416958624,1792.562427279745,12.01823510044125,1798.5275670373708,124.29
317.0,1790.2608547246323,1794.5485042325458,13.21956688682949,1848.0364421766349,124.29
152.0,1946.4626844278275,1951.3506104114947,12.522864800206264,1956.2809358567185,124.29
2412.0,1963.658408518121,1968.3822203009338,12.475797321793882,1973.0135150940494,124.29
2318.0,2222.622084700706,2227.132349133397,12.983291427796289,2231.679056803179,124.29
2349.0,2225.2863973636786,2230.035684100785,12.563693666383712,2234.8406061945902,124.29
2404.0,2850.4622129588624,2854.505785853051,14.444545657303198,2858.559207313105,124.29
2331.0,3399.985994166017,3404.1873001944173,14.318201778344594,3408.4209482971646,124.29
2398.0,3761.775613067304,3766.1979417407492,14.022849000585536,3770.7607054669616,124.29
4361.0,4015.213415612623,4019.1987728226677,15.331820435678091,4023.191287023105,124.29
4350.0,4554.322043688858,4559.063625618834,12.876165398701467,4563.754744530702,124.29
4402.0,4733.9422237962735,4738.36002283212,13.201192934900376,4742.896208243449,124.29
4401.0,5275.156861070748,5281.047941555942,10.006569061224564,5286.992981747718,124.29
4139.0,5367.443718699074,5373.270057725783,10.691008728904608,5378.988322018393,124.29
6333.0,6544.284194824234,6549.396388274413,12.403144225374959,6554.596554658081,124.29
