vehid,entry,mid,instspeed,exit,length
492.0,698.0859305698781,701.3694459858807,10.277022361115378,704.6698274589277,75.55
208.0,1754.6479977920235,1757.2165957575658,13.577288281509725,1759.8211846334968,75.55
2220.0,2303.081320065601,2306.322483849839,11.63240022599457,2309.5001053867204,75.55
4470.0,5281.694741826793,5284.159488511161,15.240804199637747,5286.55052679254,75.55
6218.0,6455.579428796653,6458.239976677195,13.42370198339782,6460.867650301596,75.55
6506.0,6688.0,6691.5381321550685,12.302245918186413,6694.358519367332,75.55
