vehid,entry,mid,instspeed,exit,length
1858.0,973.904479205479,974.103855360717,12.302965917770031,974.2232994244685,8.94
1864.0,1128.9073050420475,1129.0871936595631,13.864165043401421,1129.193187510676,8.94
1843.0,1869.8254038917762,1870.029026913916,11.387950275566908,1870.1580682435542,8.94
3862.0,2756.2159330945597,2756.358930920076,17.276372879503707,2756.44399022365,8.94
5848.0,3836.254341349617,3836.4606316801583,11.97576128799412,3836.583339223343,8.94
7855.0,6263.881559637716,6264.097494326676,11.14824084574427,6264.229310302465,8.94
