vehid,entry,mid,instspeed,exit,length
1251.0,184.42793312203463,193.05672653971632,12.82752622143559,201.68310805651922,217.32
1291.0,274.9530078220488,283.37527885388806,13.821911344456886,291.18834836808963,217.32
75.0,566.061322970774,574.3230140385555,13.059974344601237,583.9190817652678,217.32
56.0,923.9499547662773,931.1663537815907,15.330296425845567,938.3859894460415,217.32
16.0,1016.6096158061199,1024.2925420246029,14.579350265869849,1032.8987583214218,217.32
84.0,1108.4784781379662,1117.4440129974485,12.01385763473642,1127.7416223505045,217.32
1230.0,1219.9641114991612,1229.351636406985,12.089572200386783,1249.0,217.32
105.0,1738.480836832209,1747.5657144933868,12.211861213309625,1757.634651149842,217.32
2075.0,1915.2969811315697,1923.4929614145701,13.417167723309438,1932.7438117929155,217.32
2143.0,2274.907140489086,2282.0007120988876,14.36569776761797,2290.3953959836776,217.32
2102.0,2636.5329749562707,2645.1112095286694,12.04950735811224,2654.8156384481526,217.32
2062.0,2727.265612810826,2735.21642731308,13.612489000118003,2743.943320720371,217.32
2101.0,3091.800434965723,3101.5380441811194,11.094557964022654,3112.0253191822785,217.32
5275.0,3964.3252052552425,3973.097917855785,12.497494180948962,3981.371513126954,217.32
4053.0,5246.241339771083,5254.461673859627,12.998377629953351,5264.006196697959,217.32
4091.0,5248.775108368376,5256.467876531715,14.117004374030957,5313.2470168960135,217.32
7263.0,5584.7410166757945,5594.284728589611,11.309301660142804,5603.626786983131,217.32
6054.0,5606.825938240458,5615.315726629073,12.635366662755857,5624.733622714814,217.32
6135.0,5975.845213491944,5985.464427781007,11.262834586524288,6039.7967849183,217.32
7237.0,6126.566163837144,6136.497477184891,10.895899901921462,6146.211521601143,217.32
7259.0,6574.474570176147,6585.4312249204995,10.376446480492763,6596.07761098078,217.32
6139.0,6687.551548070827,6695.568069149668,13.973259566887615,6705.143261894822,217.32
6047.0,6870.390699177206,6880.333958788248,10.528650077273918,6901.0,217.32
6089.0,7047.34630671285,7056.022451017814,12.01966329131242,7065.993093444715,217.32
