vehid,entry,mid,instspeed,exit,length
207.0,231.81971135696102,232.47503833978394,13.437984862716197,233.18827872971937,23.02
4735.0,5283.277571244895,5284.189544700026,10.555719656814071,5285.081029636633,23.02
4213.0,5631.73886634527,5632.473519876257,11.634900010183191,5633.286586266929,23.02
