vehid,entry,mid,instspeed,exit,length
524.0,673.380943839677,678.6210575115522,13.532464237836153,694.0,155.68
550.0,1401.042028860593,1406.240322207254,14.19749958110471,1422.0,155.68
4451.0,4369.215946693394,4375.175316919876,12.147636761938074,4388.0,155.68
4551.0,4542.215584996888,4548.283563102347,12.03264080573114,4565.0,155.68
4444.0,5355.684699564554,5361.23547274183,12.678790253445266,5376.0,155.68
6446.0,5700.528030180092,5707.359583442764,11.361154667326131,5720.0,155.68
6532.0,6084.539717898479,6091.126454849374,10.60932009332778,6106.0,155.68
