vehid,entry,mid,instspeed,exit,length
546.0,1154.3078986601238,1155.330741589452,11.114525845101513,1156.382337745921,27.18
2537.0,3438.2132838897114,3439.1305219425803,12.911911769987157,3440.024892453569,27.18
