vehid,entry,mid,instspeed,exit,length
747.0,259.77141709163067,264.01296351816205,12.337623896667276,267.4800522259184,99.12
459.0,648.6473395489477,653.4849631403482,10.728873854810644,657.3770428260319,99.12
523.0,892.1088141694939,896.0964097948765,12.680589428044005,899.393992031034,99.12
535.0,980.3940745744933,984.3158357507903,13.219698783329783,987.5427966064001,99.12
464.0,1029.2248113226228,1034.0310490181437,11.049822972125982,1037.9721453111738,99.12
550.0,1373.399162884831,1377.143011159486,13.670259944744409,1380.1533139505668,99.12
528.0,1476.1023781533343,1480.3838981101364,12.467647383916312,1483.9145586990792,99.12
549.0,1478.7777010536506,1483.4935309240375,13.378394255202576,1486.781199252035,99.12
547.0,1503.4947651692553,1508.4493518896372,9.80315391468579,1512.641718484432,99.12
2528.0,2579.7791781683245,2583.42165908484,14.536469096460591,2586.398757358358,99.12
2758.0,2581.1424339301766,2585.011088451019,14.185118432782085,2588.086613167237,99.12
2752.0,2697.198298002132,2701.0188049097396,13.667857489240351,2704.2293103992733,99.12
2735.0,2851.999929573586,2856.1193962217512,12.21593684453455,2859.5561670132483,99.12
2755.0,3302.9069137699908,3307.535644585207,11.41422460358962,3311.352144819788,99.12
2537.0,3405.4419078854066,3409.5223842613495,12.544387023301852,3412.80491679342,99.12
4535.0,3766.9258460288565,3771.287665183976,11.543210786614065,3774.9292898866856,99.12
4536.0,4058.092305828353,4062.2956095835607,12.690392868621093,4065.6007080275735,99.12
4550.0,4381.775285620781,4386.144130584161,12.099347985643933,4389.631699803095,99.12
4551.0,4509.9176332449015,4514.074282198086,12.579037679744248,4517.65165798322,99.12
4531.0,4771.683645258999,4776.342397961733,11.199760562077987,4780.113432562126,99.12
4750.0,4831.3892799238565,4835.151171283827,14.146933149456741,4838.196947366162,99.12
4530.0,4890.59987196814,4894.27317374655,14.771701282169069,4897.222279978403,99.12
4745.0,5462.127529733892,5466.1732509758485,12.783938844446137,5469.608394323244,99.12
6551.0,6310.712391252221,6315.387116991696,11.398630167265388,6319.2660096066875,99.12
6755.0,6633.680095735071,6637.557050917269,13.242389633404809,6640.769509357938,99.12
6451.0,7194.397304682619,7198.579119115471,12.041721768969435,7202.06019865301,99.12
