vehid,entry,mid,instspeed,exit,length
5761.0,4618.960449927553,4627.010604424545,11.757164440002414,4630.642196038695,135.0
7752.0,5702.794021673171,5710.017378310824,12.306728516465665,5713.555460687263,135.0
7760.0,6241.493539404247,6249.3627334569,11.624743707852476,6253.248917354526,135.0
