vehid,entry,mid,instspeed,exit,length
68.0,1447.8058089276867,1451.0278662259257,13.410127952962853,1454.3284073827076,89.5
52.0,1628.2902951968376,1631.5917105163733,12.779609364462994,1634.9350495238518,89.5
74.0,1720.0227639084992,1723.4529657993082,13.642745907247086,1726.7139341713064,89.5
2065.0,3698.885805592503,3702.2345586767974,12.301270672921905,3705.5653622547356,89.5
4073.0,4328.57946480545,4332.127066960943,12.219770136595928,4335.632470690324,89.5
6054.0,6398.93417468515,6403.144789378433,9.7236316471974,6407.347721487139,89.5
