vehid,entry,mid,instspeed,exit,length
1205.0,1277.10501556767,1284.2773909292453,12.279993038244015,1293.147588236251,179.92
3235.0,2243.661074189289,2250.036080521028,12.95647335283118,2258.059483379118,179.92
3233.0,2585.4653940081944,2591.497464458251,13.77117583205445,2599.2163833606137,179.92
2080.0,3620.066645080525,3626.292214802589,13.109809253930896,3634.159638073186,179.92
5242.0,5457.029292394722,5462.065810397183,16.526222505423764,5469.1617028627315,179.92
