vehid,entry,mid,instspeed,exit,length
1220.0,233.85171167324629,245.04592922764743,10.186762186286181,253.11111733272077,202.05
1645.0,273.99065308172624,285.4447720572865,10.600436906723846,294.6425393433454,202.05
1519.0,303.76528721210735,312.3412457045799,13.915989249418882,324.5004919378596,202.05
1657.0,571.7768936083331,580.2268359530694,13.774713160778239,587.928036788945,202.05
1262.0,679.0585459937537,689.514095707196,10.78482844181149,697.9043392491682,202.05
1655.0,928.847623207405,941.4312795911433,9.610324992418747,950.3659804254474,202.05
1549.0,1454.5006149917515,1464.1790717520914,11.745379752469917,1472.479481739075,202.05
1535.0,1551.904612109723,1560.437302040668,14.164260297914968,1566.3940992323726,202.05
1375.0,1590.5596089024011,1599.5789848980678,13.294268858858803,1606.95773421098,202.05
1234.0,1759.2321523614382,1771.0966897106766,10.453445077937554,1779.508165902266,202.05
3376.0,2265.729098463376,2275.135383295335,12.665247647834438,2325.2494258010292,202.05
3640.0,2814.4221967241106,2824.1514625704363,11.669830762945331,2832.8538538962134,202.05
3666.0,2974.246147376586,2986.2606009154943,9.454325123091353,2995.50745580399,202.05
3663.0,3162.9341407203897,3171.0306194616187,14.20985407765181,3222.164776077717,202.05
3216.0,3378.9542295667047,3390.1519156042245,9.816535547755734,3398.9242000744325,202.05
3658.0,3423.5614249365385,3433.4297513600104,11.83431123812379,3440.3545792230657,202.05
3540.0,3448.525594676018,3460.2020501218653,10.420233836708752,3469.9430958563535,202.05
5223.0,4015.128627464091,4024.124668901938,13.223010188731253,4031.755290702251,202.05
5549.0,4155.175233029292,4165.237278941421,11.707872680235496,4173.4718567746295,202.05
5375.0,4288.789692181294,4298.224314142368,12.606910566084531,4305.742236140443,202.05
5655.0,4806.125160685557,4816.197798299598,11.571011899446747,4823.358895860136,202.05
5646.0,5334.292363617344,5344.196625978053,11.98634747301971,5361.187191957586,202.05
5516.0,5515.008182155785,5525.210899779991,11.520512604613307,5568.548115977674,202.05
7550.0,5521.559214210206,5530.113283407173,13.348503682738876,5570.852403293884,202.05
7519.0,5791.537879851531,5800.079823832861,13.991469759425067,5807.674773054373,202.05
7643.0,6507.5721689404745,6515.562790393704,14.697998937262879,6522.6330624450375,202.05
7548.0,7314.37510529653,7324.367185315378,12.18017353384375,7362.1873630531345,202.05
7541.0,7320.22235740979,7330.287913078051,11.163379029932093,7364.680031980667,202.05
