vehid,entry,mid,instspeed,exit,length
6.0,93.73700407508386,98.36506468035482,15.16204941585859,102.46076604355025,128.3
11.0,187.10123714693623,192.05100283404002,13.249037323281406,196.96301468924312,128.3
90.0,1465.3922368621486,1469.3242518432226,15.23304577934141,1473.2974472648639,128.3
2022.0,2182.771546201088,2187.307499346713,13.29886948841165,2191.92849611639,128.3
2011.0,2545.0541095816448,2550.005318369315,12.642511470830321,2554.941726230906,128.3
2132.0,3622.7064781513673,3628.1848118309736,11.168777106064098,3633.6350697008234,128.3
4084.0,3880.3782637387894,3886.0095261487095,10.998437373586237,3891.651109822556,128.3
4138.0,4683.601939470474,4689.484124716391,10.985254912194092,4695.337106038412,128.3
4016.0,4703.776995426088,4708.300136620563,14.45613881906744,4712.971751509779,128.3
4099.0,4953.867861401383,4959.06242426321,12.579199833934048,4963.831372159909,128.3
4012.0,5231.405471103565,5236.072344095864,13.527547085792644,5240.769803189671,128.3
6137.0,5766.1489877235035,5771.576819802935,12.201985101386365,5776.8881674562235,128.3
6081.0,6034.00236460791,6039.58831064902,12.340402112822938,6044.808085747176,128.3
6011.0,6128.179253100761,6133.136003217945,13.012926861762848,6137.890065654626,128.3
6076.0,6316.192160875798,6321.449725583176,11.818296448904581,6326.727211944548,128.3
6101.0,6599.942705481661,6605.160530739775,11.4938871036545,6611.590452084521,128.3
6023.0,6936.036853663873,6941.1500663609595,12.64139256831439,6946.160892845049,128.3
