vehid,entry,mid,instspeed,exit,length
496.0,616.0,617.1100237625486,13.381760616136912,617.3548484007309,10.54
2495.0,1887.0,1888.018172065766,10.656583388672619,1888.3256050000937,10.54
2502.0,2715.0,2716.237376039426,12.595896919194761,2716.4974753973447,10.54
2482.0,3182.0,3183.189608001272,15.586362041396361,3183.3998035999875,10.54
2470.0,3200.0,3201.151253889455,12.662604736085092,3201.4099830189957,10.54
4505.0,4628.0,4629.088626311566,13.750498473728307,4629.326885652298,10.54
6484.0,6075.084013940156,6075.4212571654425,9.714604936287957,6075.758500390728,10.54
