vehid,entry,mid,instspeed,exit,length
3126.0,2994.2826614014484,3000.1684440933195,12.065114246632675,3006.9923505311463,145.23
3139.0,3179.182013335295,3184.204408047892,14.317581336293888,3189.1806099985233,145.23
7121.0,5769.002630021632,5774.03993013291,14.567799839761463,5780.290025144824,145.23
