vehid,entry,mid,instspeed,exit,length
5268.0,4624.3929392889995,4634.113634595451,12.96951227976098,4644.2933137442415,244.92
6093.0,7181.143035757169,7192.3234081330575,11.13153320764659,7202.870068822519,244.92
7272.0,7204.777090164167,7217.354905077579,9.761348445721202,7229.264569969969,244.92
