vehid,entry,mid,instspeed,exit,length
218.0,865.1725851587526,866.1147031286489,10.881909590230556,866.9784146922141,23.02
2210.0,2121.788677746514,2122.5035819272307,11.90352353378398,2123.281555794226,23.02
2206.0,2481.6115435390843,2482.2855221410045,12.327014164706494,2483.047715187619,23.02
2212.0,2483.6410633805235,2484.2886388195875,13.498663121983467,2484.984917485246,23.02
2462.0,2672.5402177416954,2673.3956681058494,10.831724187133226,2674.2147846391204,23.02
4460.0,4103.248524638009,4104.06560171184,12.08822149079377,4104.843121477995,23.02
4467.0,4334.0,4335.339051131214,12.289663017434917,4336.103904755836,23.02
6464.0,5541.685596907955,5542.357183674399,13.064899548280719,5543.080450919755,23.02
6466.0,6835.0,6836.398821253267,11.944643960048223,6837.175646511358,23.02
