vehid,entry,mid,instspeed,exit,length
461.0,239.0,241.29914510798912,10.08950140128524,242.54483555147104,30.92
2210.0,2125.262006361518,2126.3639943469507,12.188293645688002,2127.4284959077486,30.92
2457.0,2783.089331601484,2784.116780848509,12.551451776603402,2785.123225383933,30.92
