vehid,entry,mid,instspeed,exit,length
2572.0,2226.0,2230.298295880154,10.468233910796494,2237.1483370473293,94.2
