vehid,entry,mid,instspeed,exit,length
447.0,967.576322834461,970.4519040666095,9.521722188302995,972.5117667851309,46.79
