vehid,entry,mid,instspeed,exit,length
996.0,166.70240669756242,171.46515169644488,12.87789147921288,176.71758692892809,116.88
743.0,232.55957810619242,237.28133993192728,13.175131006924104,241.54898952223698,116.88
1027.0,371.7390338853145,376.4704382395335,12.89555426389158,408.30833979434277,116.88
1025.0,377.376639537914,382.3072997954383,11.658943775703166,410.80273731336706,116.88
1012.0,1697.5012718163932,1702.5308671203793,11.725558362793068,1758.3435005503015,116.88
3005.0,2319.5472928867566,2324.0445420430965,13.922778742308672,2327.944725741674,116.88
3021.0,2348.8415950950757,2354.012379438106,11.438734791551102,2359.9935285152915,116.88
2728.0,3203.637362489977,3208.439092073697,12.554360985146028,3212.7615507760397,116.88
2753.0,3342.499274258881,3347.123725194818,12.78718743654956,3378.4487027216787,116.88
5026.0,3743.649209973844,3748.5045885728764,12.80391423380068,3752.9620697883947,116.88
5024.0,3878.695320489819,3884.1720412757286,10.782253025484362,3889.82169392618,116.88
5006.0,4154.493672414357,4159.03268718797,12.54370943796798,4165.178057603787,116.88
5028.0,4463.489018585738,4468.575508038201,11.843568170978369,4473.096873761214,116.88
4747.0,4509.819783415122,4515.410816277273,11.009629475971673,4521.613444774993,116.88
4732.0,4557.691735515476,4562.433013289714,13.705830338674955,4566.438230257688,116.88
5014.0,4932.721850145762,4937.5191148097465,12.682152061941476,4941.83156341411,116.88
5002.0,5289.611196288714,5294.169306698183,13.485164107178825,5298.279592090899,116.88
7027.0,5596.6094949233175,5601.266210840035,13.104200439820067,5607.090142155063,116.88
7028.0,5739.236961527158,5743.193984795863,15.527693472371585,5746.590495759351,116.88
7004.0,5774.590024698335,5779.164923337082,12.4336482439826,5808.518088576966,116.88
7021.0,6101.53963939644,6106.083031183172,13.169494162501776,6110.098234283712,116.88
6734.0,6219.497318904665,6224.113861582505,12.547294357971506,6258.616189135174,116.88
6757.0,6265.424149400722,6270.007021098925,13.264375323041554,6274.0810216477075,116.88
7003.0,6398.899052887727,6404.017680510283,12.383316474321754,6409.416847652177,116.88
7020.0,6553.777620317588,6559.121802262256,10.74198848697843,6564.773126448529,116.88
