vehid,entry,mid,instspeed,exit,length
540.0,464.61902931789916,465.4053464844996,14.737805390614911,466.19803062415997,27.18
2522.0,3618.4997969759265,3619.433578357219,12.385479216114406,3620.3496444688,27.18
6522.0,5957.276201051102,5958.131902998182,12.845606610375793,5959.030638067704,27.18
