vehid,entry,mid,instspeed,exit,length
2502.0,2857.013458366366,2857.2197948883277,15.877871110460285,2857.4261314102896,10.54
4502.0,5059.124944992792,5059.404014957372,11.739653552530928,5059.683084921952,10.54
6496.0,5666.024906222421,5666.296097358015,12.080721937771319,5666.567288493608,10.54
6507.0,6638.0,6639.132312484816,12.23511669488188,6639.400081463468,10.54
