vehid,entry,mid,instspeed,exit,length
54.0,662.0223631539287,665.25755715025,10.313316229250177,668.317281986761,69.39
212.0,875.8215960590712,879.3407228073308,9.071063666378128,883.5231725700729,69.39
2203.0,2189.383061244106,2192.2575786652483,11.126530941758631,2195.04992826067,69.39
2206.0,2375.4434498232313,2378.3856111722534,10.987891884611242,2381.835404474368,69.39
2207.0,2646.98946352497,2649.5016224217684,13.912323985825019,2652.642713966468,69.39
2060.0,2817.785255113003,2820.5078494190625,12.355665995618237,2823.1273940056203,69.39
4074.0,4705.222083138221,4707.538737026871,14.205723727708017,4709.824887926491,69.39
6202.0,6061.348054174163,6064.421750418912,11.052730434378978,6067.3188410967,69.39
6067.0,6961.85245139479,6965.089399082351,10.178674715970931,6968.089611816012,69.39
