vehid,entry,mid,instspeed,exit,length
463.0,1298.0,1302.2331155339095,10.927336139718475,1307.0818952866814,94.2
2504.0,1975.0,1978.606061206291,13.324755687608766,1982.6663140749815,94.2
2445.0,2468.0,2472.0247592662554,12.269018004304872,2476.526466174003,94.2
6459.0,5447.0,5450.184475218042,15.71099582825232,5453.539395009404,94.2
