vehid,entry,mid,instspeed,exit,length
7426.0,7041.830713348448,7054.303353647271,12.691845979329155,7069.782536427343,295.17
