vehid,entry,mid,instspeed,exit,length
1329.0,349.5012384487333,357.0411387847626,14.939773818015126,366.848221069132,250.54
5192.0,4006.2297792606605,4015.367651248657,11.605635925220701,4028.866947251459,250.54
7193.0,6007.5069416099395,6015.449777870405,13.779815631977296,6027.327757887548,250.54
