vehid,entry,mid,instspeed,exit,length
797.0,296.05639622238755,306.00819187370945,12.194733579394553,317.5924537196234,245.41
799.0,1263.4536050510858,1273.2366302800856,12.894204224949153,1283.9730818516591,245.41
806.0,1365.116724608652,1374.3670008811778,12.882709214223825,1385.455270876502,245.41
819.0,1644.937778052526,1655.2247618715696,12.060321621253228,1666.0727341170175,245.41
4800.0,3907.1888433950057,3916.537468903576,11.838161293146314,3927.6681651946847,245.41
4795.0,4413.351253042384,4425.351156508501,9.79785720207022,4438.813809394256,245.41
6789.0,5604.458969096148,5613.2297035993315,13.469633349894057,5622.39272474896,245.41
6807.0,6045.746118989185,6054.618792214477,13.560941960412721,6064.85756298623,245.41
6786.0,6843.848038210429,6852.63061140915,14.722898689524877,6863.232390536975,245.41
