vehid,entry,mid,instspeed,exit,length
452.0,173.00317971439844,175.5359063432309,13.185041066571591,178.9381935307582,71.43
734.0,246.47549110327833,249.10010483539278,12.970726644459821,251.71059211532616,71.43
766.0,335.73359443141703,338.2965863279686,12.799359228464175,340.82348753997377,71.43
4740.0,3764.955091275999,3767.5131366346573,13.067337584238308,3770.0789643171624,71.43
4458.0,4098.0,4102.087354488627,12.26220499524483,4104.869117583089,71.43
4737.0,4490.380461375011,4493.417013596683,12.335630544050474,4497.321031448681,71.43
4762.0,4547.323447273181,4550.0334365487515,12.46830080526116,4552.751979694101,71.43
