vehid,entry,mid,instspeed,exit,length
42.0,1186.000498426044,1190.1993743910805,12.725854025957608,1194.4105145772432,112.4
2009.0,2267.769488733885,2272.529065853419,10.981241172272725,2277.4516909018575,112.4
6093.0,6140.966798910431,6145.502329489538,11.71902834999537,6149.918241713965,112.4
6026.0,6315.950536849007,6320.120293553269,12.664801122073,6324.143204621585,112.4
