vehid,entry,mid,instspeed,exit,length
583.0,95.98875100632557,104.15448186151376,13.032726623768129,111.55621429001626,193.06
914.0,108.8266356732405,116.43398722727525,14.192114528809329,123.39742548258884,193.06
803.0,410.46266791536,418.54521099294976,13.645131446790142,424.52332599598435,193.06
856.0,682.4928988170955,691.0819663279083,12.166433880655024,720.8181914002292,193.06
542.0,1175.205393784033,1184.4453395647135,11.509539699595258,1192.397062513071,193.06
805.0,1199.0595424116614,1207.6007081274759,12.770266144270586,1214.6543981554123,193.06
566.0,1267.4456651584528,1278.0099908793893,10.029503789835163,1284.2304944685318,193.06
2446.0,2617.322822069927,2626.0184281869238,12.831000919574578,2633.6565805818877,193.06
2649.0,2812.066941707785,2821.2679334329455,11.902203117060132,2828.976963187094,193.06
4808.0,4250.594688058575,4259.182425373801,13.08654571146259,4265.607326082684,193.06
