vehid,entry,mid,instspeed,exit,length
72.0,1106.8464728360536,1109.4248424090226,13.095950491332534,1111.7799172841244,69.39
213.0,1376.7816192641862,1379.3471027468845,12.506992360576955,1381.8448050936613,69.39
71.0,1922.445437680278,1925.5220982682897,11.208670550178207,1928.428650715333,69.39
2060.0,3180.6249776271034,3183.368206921189,12.099352840277247,3186.2095072986244,69.39
2223.0,3269.570256027719,3272.2871586399756,11.735859156675835,3274.9251235526663,69.39
2065.0,3271.242084432526,3274.080618847941,11.913169850467611,3276.848926591154,69.39
4208.0,3986.9701119736924,3989.331739931593,13.59583650331931,3991.5964048591595,69.39
6061.0,6324.3625955092875,6326.5560825985385,15.15819578372144,6328.735986681883,69.39
6210.0,7140.069750167642,7143.118317804486,11.55866803886266,7145.935502306019,69.39
