vehid,entry,mid,instspeed,exit,length
3226.0,3154.103424019153,3162.131688175448,13.219009679122493,3169.990958844083,217.32
4027.0,3896.8235676572085,3905.396397331445,13.079160839906997,3914.833733126098,217.32
5214.0,4642.0,4651.497407725405,12.069518239223894,4673.34192635146,217.32
5269.0,4686.927740595702,4694.669143798238,15.167740441422632,4702.412675511394,217.32
6054.0,6689.965526565911,6698.075482659944,12.273323312687078,6707.112200837474,217.32
