vehid,entry,mid,instspeed,exit,length
4076.0,4665.193393787491,4676.380865587928,11.127701014499793,4687.337918841958,244.92
6084.0,6637.183532254585,6647.563876136027,12.15732325148252,6659.208618188512,244.92
