vehid,entry,mid,instspeed,exit,length
77.0,467.72464915636044,475.2062029894688,14.50480454958103,481.79291759261673,189.51
75.0,1188.311001928094,1196.4921839350513,13.313717101386333,1203.8653743500743,189.51
79.0,1443.4913243534586,1452.4069074968675,12.12212548689481,1460.225890260994,189.51
2088.0,3712.628320664896,3723.309652341751,9.81442339349062,3731.8461199879866,189.51
4085.0,4520.385138607763,4528.535757290688,13.572572443849529,4535.62899076893,189.51
6108.0,5855.599545950281,5865.341535342936,11.538248748522356,5898.324386732024,189.51
6098.0,5887.68448662809,5895.612181430281,12.992636095812806,5901.592056869902,189.51
6094.0,6033.690861496559,6043.0181088828995,12.507996658691333,6050.2809573019,189.51
6087.0,6682.603096468525,6690.15903503563,13.610192633448797,6696.996502618343,189.51
