vehid,entry,mid,instspeed,exit,length
670.0,1410.613561486593,1411.0012403581898,8.083613870286316,1411.18302987325,8.94
