vehid,entry,mid,instspeed,exit,length
1201.0,212.14418163992795,220.02398694455843,14.224004188803216,231.7722271357625,250.54
1262.0,1522.7343535287177,1530.5948963085852,13.895999454146942,1540.9987314256232,250.54
1202.0,1728.460785284199,1736.5195383768885,13.197357328020706,1747.5610131460012,250.54
3268.0,3120.2528564767886,3129.481275899972,11.852001167341273,3153.6153187117584,250.54
5203.0,4489.494404347867,4497.162024718762,13.908643256793244,4507.590832349645,250.54
5343.0,4704.766017917007,4713.512220084965,11.616520554000925,4729.868830031645,250.54
7201.0,6007.492269105634,6016.53293448788,12.06456120823268,6029.695497027784,250.54
7270.0,6283.320472687471,6291.011563153684,14.217500047921869,6301.293696121338,250.54
