vehid,entry,mid,instspeed,exit,length
1830.0,1039.20357985718,1042.5703981991487,13.938424031096227,1048.10479505849,125.75
3816.0,2299.184618613149,2303.425133365724,10.977171078804389,2310.75271800619,125.75
3806.0,2931.085027740517,2934.5561238995015,11.856596199738778,2940.9518510954645,125.75
5817.0,3936.263994100511,3940.2092175356506,10.91496538221976,3947.4066483008396,125.75
5841.0,4099.454830327019,4103.535766518102,11.063743100714587,4110.634320932319,125.75
7817.0,5901.62619385858,5905.001016943006,12.542540744690056,5911.368404721712,125.75
