vehid,entry,mid,instspeed,exit,length
543.0,238.48119355756742,241.2127852282438,12.90867522705727,243.9702353338559,75.54
444.0,415.5782794514076,418.08368553391017,14.192956340530861,420.68921912278114,75.54
2441.0,2438.993337966589,2441.4793042080078,14.385546745144707,2444.01736507361,75.54
2750.0,2685.784749714074,2689.019291626271,11.24497085306836,2692.335897766915,75.54
4448.0,4466.6177985746845,4469.57543681756,12.647783826668737,4472.423662714598,75.54
4451.0,4613.816557422728,4616.363408309097,13.531393813949137,4618.980235370301,75.54
4453.0,4621.535678900883,4624.048374624998,13.26004142985244,4626.667635658305,75.54
6454.0,5692.722357609363,5695.52562386296,13.149051431964999,5698.281483486441,75.54
6449.0,6354.674678253539,6357.351229523405,13.568131396395437,6360.109842668985,75.54
