vehid,entry,mid,instspeed,exit,length
1223.0,214.0,220.2080388576481,11.685179730027338,226.1235230723855,134.68
1247.0,360.0,365.16084347423384,14.536314816252062,369.87248663056425,134.68
3228.0,1930.0,1935.4033818713044,13.255818841757248,1940.4395400960705,134.68
3268.0,3092.0,3098.331979112686,11.420643555867784,3108.3807455731585,134.68
7294.0,6403.0,6407.689021228226,16.220288016650137,6413.627871456749,134.68
