vehid,entry,mid,instspeed,exit,length
211.0,1029.2849553141298,1034.442554148845,10.962681635121061,1037.8226959028782,90.94
461.0,1443.0,1448.2575745557635,14.53512655726905,1451.8911684098232,90.94
764.0,1848.0,1853.0932698424137,14.286074536131913,1855.444815063154,90.94
2730.0,2388.2218850230615,2393.1791907542306,13.157354976505264,2395.720471866861,90.94
2738.0,2928.170866238101,2932.5948591501965,14.451078969994365,2934.7699063306236,90.94
2753.0,3560.0132879161833,3564.416055372754,12.538368694028696,3566.874210429147,90.94
4462.0,3655.148349392019,3659.1919987286724,14.667993832291826,3661.466830907973,90.94
4739.0,5177.0,5183.366021288056,10.866441106350555,5186.455745324689,90.94
4763.0,5357.0,5363.223572530725,10.9374756658077,5366.2813195848885,90.94
6214.0,5943.546750195311,5948.213636779836,12.704541896602093,5951.946813333798,90.94
6217.0,6123.831842343659,6128.292395059906,12.809733910743224,6131.769770703146,90.94
6215.0,7027.885787687512,7032.282062371912,11.979100434250535,7035.872271864343,90.94
