vehid,entry,mid,instspeed,exit,length
1391.0,598.4844359284883,607.0494921757465,10.639806400646721,612.2325259823172,145.79
1368.0,688.6828234493531,696.3215863319751,11.529237840639562,701.1174426959464,145.79
1215.0,866.4052245347802,874.0613830593063,11.311187683547065,878.8170696005027,145.79
1650.0,1853.1387912298974,1861.09828932603,10.925889486526867,1866.3241638759193,145.79
2024.0,1942.0302413599945,1949.4164150837455,11.719648469257056,1954.0461288230179,145.79
2036.0,2570.0514575677635,2578.1017091315002,11.31675077613674,2583.136628563942,145.79
3657.0,2572.62768740373,2580.4114254787096,11.36519598191143,2585.276109678504,145.79
2034.0,2703.997964956229,2711.3552634343805,12.848169406937455,2716.749046345604,145.79
2087.0,2841.9508633995565,2849.031479873166,12.880039350042528,2853.5040855850657,145.79
3226.0,2938.2818757019622,2948.430685040792,8.885113431108346,2954.724366705496,145.79
2076.0,3033.5287260522355,3040.3776412757034,12.214086757111847,3044.6712015763646,145.79
3216.0,3118.6834870260823,3126.323883901816,11.437030753693927,3131.168631799227,145.79
2110.0,3399.7307777936794,3406.007282427524,13.247126057946256,3410.0255737625575,145.79
4081.0,3652.156339800795,3660.185637079766,10.507622402641507,3665.2002745880695,145.79
4033.0,4281.592088441898,4288.455963540911,12.452650376929283,4292.724906558785,145.79
5381.0,5100.432005713383,5109.450978571631,9.423468012534842,5115.068001231745,145.79
5300.0,5285.915659094059,5294.363554724498,9.936627140447824,5299.71749764559,145.79
4024.0,5317.604248578742,5324.174527027049,13.579981333242515,5330.039784548936,145.79
5386.0,5552.137878423097,5559.440494328138,11.652638796306395,5564.0313158449835,145.79
6035.0,5584.303779037032,5592.096164856527,11.801576034754005,5597.7893073253,145.79
6066.0,5816.578152140053,5823.429385124573,13.098550672603642,5827.745318559241,145.79
7387.0,6814.289535236518,6823.138598364054,9.29761872155006,6828.917467802826,145.79
6028.0,6933.784443210295,6940.541852959147,13.861343189467993,6978.181791497537,145.79
6078.0,7074.7771991135705,7081.378872155128,13.32181452509273,7085.468450785895,145.79
7449.0,7081.211931587068,7089.092594264285,12.065303624711671,7093.892221988954,145.79
7451.0,7173.742641229378,7180.176231338642,13.70814490023185,7184.171156374552,145.79
7640.0,7524.376164975898,7531.256886310398,13.166580509790377,7535.591221430994,145.79
