vehid,entry,mid,instspeed,exit,length
442.0,119.58363828142893,130.34847015801859,12.37281004842108,138.0451493435151,236.49
423.0,121.4146761974668,132.1244976842613,12.486105612747691,140.57903891102953,236.49
440.0,483.3571205965678,495.5352363477931,11.203271500145147,504.5270307474384,236.49
426.0,842.4601899672618,853.22001047981,12.349638102381885,861.1399448212328,236.49
433.0,927.7210158147276,937.2423132888563,14.415255574215347,944.4527057496041,236.49
441.0,1296.0021453159138,1308.443554437871,10.572888130257903,1318.57120844668,236.49
428.0,1803.675492251878,1814.2614233056804,13.28451109688506,1821.7747585708037,236.49
2414.0,2101.3636733498015,2112.444918880476,12.16997328029184,2120.5820086572303,236.49
2413.0,2550.01115649083,2561.1180323257786,12.466770984768411,2569.2275940456343,236.49
2437.0,2639.669102162356,2650.2407153623894,13.304902087788395,2657.943879725258,236.49
2428.0,3095.601741722645,3108.0386722983712,11.278059104018784,3117.6687596808883,236.49
2406.0,3269.5656099006433,3280.043447308666,12.886208332452705,3287.815261725655,236.49
2411.0,3272.1224407128807,3283.06512246258,12.653504431170658,3291.348242835228,236.49
2435.0,3365.1851257669114,3377.4214064463854,11.403310848730305,3386.3413283482896,236.49
2436.0,3629.7509646030567,3640.3859168537138,12.290731810369705,3648.3082474579937,236.49
4417.0,3976.3367229249334,3989.152078388217,11.1958779627659,3998.1605257339106,236.49
4416.0,4890.21921822073,4901.123503311833,12.840916834685718,4909.336661851539,236.49
4442.0,5337.860914133422,5347.5460092537605,13.648226414327738,5354.866374257325,236.49
6439.0,5882.944792461802,5895.076726233277,10.666262531153606,5903.8492882679475,236.49
6418.0,6496.11041412079,6506.610599720034,13.39794804794246,6514.187567800483,236.49
6428.0,7227.84573901897,7237.586518268835,13.53060175236125,7244.888921545272,236.49
6433.0,7229.547919546265,7239.365484465507,14.043568697758987,7247.536966419689,236.49
6441.0,7314.782074398801,7323.19430179295,15.60907763108694,7329.773981197119,236.49
