vehid,entry,mid,instspeed,exit,length
1845.0,1484.6768083878464,1486.557193458315,13.25171616567592,1489.3100169464888,69.11
1842.0,1491.416851937042,1493.5502451165319,11.687943454869885,1496.5982582365439,69.11
1839.0,1672.256394939716,1674.398489458716,12.630025225328621,1677.3895812791707,69.11
3831.0,1937.1488483309797,1939.2214499632894,12.55953402734203,1942.2896954252124,69.11
3837.0,2653.4998328662673,2655.4466068130046,13.331220043766214,2658.275869048089,69.11
3845.0,3112.1556081504505,3114.248470152904,12.150339018279487,3117.3773968918185,69.11
5846.0,4011.923068750809,4014.0881434066364,11.282034407647686,4017.3296852649883,69.11
5839.0,4642.778826222515,4645.2383515651545,10.137573320009428,4648.8035938313105,69.11
7850.0,5998.753823402492,6001.144441001771,10.335179029319555,6004.580295485397,69.11
