vehid,entry,mid,instspeed,exit,length
6474.0,5545.0,5546.225876954474,11.162334526151936,5546.519380494743,10.54
