vehid,entry,mid,instspeed,exit,length
2747,2298.3377150788256,2301.056647435592,12.353853903949387,2304.815718801557,79.0
4747,4190.778455891485,4193.288038947507,12.806535482979264,4197.05091822946,79.0
4739,4910.995090842275,4913.1903154448155,12.147836129844613,4916.841327667821,79.0
4766,5178.140678048117,5181.001595476207,5.0,5154.527675566557,79.0
6752,6528.418034421608,6531.245559581733,12.566288146256984,6535.018037184275,79.0
