vehid,entry,mid,instspeed,exit,length
5044,4229.645006592665,4234.481239107313,11.851430243400104,4238.994523072998,117.49
4679,4514.0,4519.2017346726925,14.279047636113525,4523.274941278211,117.49
7045,5545.820290292857,5550.591882477604,5.0,5524.934035632924,117.49
