vehid,entry,mid,instspeed,exit,length
652,1426.0,1430.1341903807713,11.389507182227586,1435.8628268665364,94.2
