vehid,entry,mid,instspeed,exit,length
793,108.44036417020146,118.16267905259905,5.0,123.13539968358748,245.41
789,128.9333494006083,138.09393569570383,12.809112903034823,155.53309250754438,245.41
788,561.2940747481615,571.4774202928196,12.16707102024876,582.1499428768624,245.41
805,826.1765741015457,836.0566641305794,12.372688686692982,847.6074513117936,245.41
812,920.409582766966,930.5614168635125,11.734851221043542,941.2265774771383,245.41
797,1468.3057427458798,1477.0558239450693,5.0,1456.278753493933,245.41
815,1641.8187784311392,1650.1065190870513,13.855969737818112,1658.7945672771332,245.41
806,1804.2486121603085,1813.1883397901643,14.4308503130991,1822.900586122117,245.41
2788,2357.206284103275,2368.2596600880415,11.205604479713358,2379.4596148236037,245.41
