vehid,entry,mid,instspeed,exit,length
207,408.3947990176735,413.3728666310413,13.362980508567508,418.6489227160345,119.21
2209,2118.18864946985,2123.039971214045,14.497847234115225,2127.9402782655093,119.21
2207,2388.079761274852,2393.1975608708162,12.513107537798904,2398.529854611955,119.21
2218,3648.002885077729,3653.3693102636526,11.279302976685102,3659.03775215871,119.21
4208,4997.7715271997595,5003.478184774875,5.0,4979.053494960566,119.21
