vehid,entry,mid,instspeed,exit,length
4776,4642.429669084624,4643.536679683544,11.42612704375949,4644.753821897251,29.79
6773,6943.557453540818,6944.421145427609,15.417869838218117,6945.286655930149,29.79
