vehid,entry,mid,instspeed,exit,length
217,858.1714552221233,859.1003121569996,6.425118464717012,860.1005477896645,19.3
757,868.496811611278,869.2842202222229,5.0,840.1227624079168,19.3
210,1128.398603590106,1129.3817549633543,5.0,1100.3145315332424,19.3
2462,1947.553581026265,1948.3393823189117,7.5697608461368135,1949.3887590361426,19.3
2214,3108.22218867615,3109.211977717646,7.388427325864448,3110.087102840088,19.3
4465,4124.400716407417,4125.1519411812205,6.595527583216462,4126.127454953072,19.3
4212,4188.251419666143,4189.231731140704,7.421098949764687,4190.19311227913,19.3
6744,5547.542700820737,5548.264056391866,7.75436386802205,5549.2647989003135,19.3
6208,6078.272562767179,6079.227984141113,6.498195556786894,6080.3836648958195,19.3
