vehid,entry,mid,instspeed,exit,length
2068,3213.0674678276937,3215.1411073280815,13.918521282590635,3218.2013313523094,61.08
4213,4665.080657541606,4667.219017413322,13.292399360894827,4670.492558455142,61.08
4069,5105.0,5108.287908320655,5.0,5081.623446566186,61.08
