vehid,entry,mid,instspeed,exit,length
1252,454.28189565408695,463.3660243527751,11.80673561930326,472.250894814613,217.32
106,658.9817133521079,668.5014442639565,11.80322498741672,678.9398735383409,217.32
3283,2344.660506051467,2353.2495595024066,12.274319144251708,2361.577395726003,217.32
3243,3066.295887121712,3074.466718891341,5.0,3052.668759637022,217.32
5384,5004.0,5014.325011698128,11.412119866783442,5034.972050585478,217.32
6038,6056.678911779458,6064.390945902803,13.756478978288246,6072.934886367999,217.32
