vehid,entry,mid,instspeed,exit,length
461,413.2557532224561,414.1114020776585,11.346002730780313,414.9397846692874,23.02
747,420.65081526833245,421.37374041705965,11.63578516147942,422.1782340819157,23.02
2465,2663.2139178177326,2664.0545274697706,11.691860395177494,2664.8584056233813,23.02
2219,3653.1874840799055,3654.076317818783,5.0,3624.8810461914295,23.02
6457,5992.786009360812,5993.531112413427,11.913792737258877,5994.308147381927,23.02
6471,6849.57514506252,6850.327327228582,8.611397734560091,6851.8771173697305,23.02
