vehid,entry,mid,instspeed,exit,length
212,1045.2035963821388,1046.1613220850304,12.846750963967933,1047.13193203029,30.92
2464,2137.0935032421303,2138.337726388482,10.245300116648215,2139.5638050431376,30.92
