vehid,entry,mid,instspeed,exit,length
106,1175.5486319091633,1182.352544113394,12.518490224485529,1189.2433705830538,174.39
83,1567.0681542116963,1574.536171751039,11.302968864735364,1582.5127679270495,174.39
2095,2265.9773850830675,2271.1498492258243,17.281230253303313,2276.1338444778257,174.39
2106,2533.3389899713616,2541.0259478013004,5.0,2518.5001468482924,174.39
