vehid,entry,mid,instspeed,exit,length
4536,4612.197086367908,4618.43270260839,12.554772741810044,4625.251431881524,155.68
