vehid,entry,mid,instspeed,exit,length
493,125.42531447213483,126.17613451584431,11.241793003530631,126.77095554196472,19.37
2484,1825.441017799425,1826.1774600209376,11.458014710486173,1826.7610563086673,19.37
2480,2124.0,2125.2523427279043,5.0,2095.7269614092074,19.37
