vehid,entry,mid,instspeed,exit,length
2061,2791.3341070939537,2794.4683109135817,5.0,2766.5729852755794,52.32
2070,3691.5399018741605,3695.2109527164525,10.10852423454975,3697.3599660083187,52.32
4066,5491.1900684965,5494.3812688865355,11.5490368962375,5496.422608315357,52.32
6207,6121.346187187392,6125.1781046833075,10.181979153935584,6127.274601279326,52.32
6046,6391.406785082507,6395.003946346118,11.309145410659397,6397.070243813083,52.32
6209,7021.542002268511,7025.097665507981,10.516377782678234,7027.126865800928,52.32
6059,7381.40942927503,7385.177786943205,9.562255434677832,7387.508734459806,52.32
