vehid,entry,mid,instspeed,exit,length
2751,2207.943240655414,2210.551256409764,12.342333393262646,2214.3602165034904,79.0
2754,2837.448423014475,2840.131504786974,13.54684731557866,2843.716561672151,79.0
6740,5540.653405900117,5543.259366581342,11.635994811162707,5547.238026783082,79.0
6745,6077.785889857123,6080.353312880032,5.0,6053.930643414478,79.0
