vehid,entry,mid,instspeed,exit,length
1051,471.16705199578934,476.50912798793087,5.0,451.50558216279813,117.49
1050,1258.0042073003017,1263.3048044434086,11.224755892396622,1268.2236291372546,117.49
3050,2249.0439976524417,2254.19053323379,11.73687439315445,2258.9974563947544,117.49
3052,2958.7926334486338,2963.2209901760934,13.141923354173601,2968.621024524512,117.49
4690,4965.1413552423855,4969.320146725112,14.147370611677962,4973.378607829508,117.49
5054,5203.178408056653,5207.165893280376,15.707183065866621,5211.90651831383,117.49
