vehid,entry,mid,instspeed,exit,length
798,842.3385861921383,852.2658422361258,11.553855633420312,863.961713690218,245.41
2811,2253.397899672659,2262.485034177067,13.698648267041865,2271.6104065296304,245.41
2794,2537.886398785134,2547.4026126804515,12.832514375601885,2557.4647097582565,245.41
4816,3886.446465837916,3895.309822206457,13.111748869424124,3905.959755854058,245.41
4795,4168.873139335489,4178.233180167874,12.579543936886306,4187.924583105416,245.41
6812,5865.160926545065,5874.033575767453,13.522126094308236,5884.918278892444,245.41
6795,6679.665380708158,6691.450275950139,5.0,6673.818575653609,245.41
