vehid,entry,mid,instspeed,exit,length
439,317.0,319.02264660541687,12.697220947474621,319.7234864472539,25.01
431,1744.0,1746.011425876995,13.028751089392589,1746.6944321190779,25.01
428,1769.1181781298656,1770.166432828158,12.284217309201521,1770.8908353762906,25.01
2413,2022.0,2024.0029389667498,12.300057990297907,2024.7264085900326,25.01
2430,2306.070809478926,2307.1977835011603,11.708809507279938,2307.957785473612,25.01
2419,2486.0,2488.0569621651707,12.237733746834335,2488.78411626941,25.01
2434,2573.1372755634784,2574.246291408361,11.684571701646943,2575.0073920546715,25.01
2422,2747.07693927401,2748.1634885202034,5.0,2718.878704400156,25.01
2441,3738.1044881089438,3739.2341797337317,5.0,3709.9779024617646,25.01
4430,3926.0,3927.5630028594514,11.937686232689826,3928.2864811449635,25.01
4429,4009.007157108105,4010.0139079816213,13.04482230913623,4010.6960727600836,25.01
4412,4551.0,4552.484897707714,5.0,4523.1676222553215,25.01
4420,4918.020576939512,4919.044457192591,11.83635894914221,4919.796269329991,25.01
4418,5187.0254986185055,5188.153879655824,11.984373330147118,5188.8964064509655,25.01
4419,5189.0,5190.569266388437,13.191402452836781,5191.244054997076,25.01
6415,5643.186918161362,5644.314090906847,10.358880348818314,5645.178686539114,25.01
6448,5718.0,5720.010761185225,12.268212467244025,5720.736108773096,25.01
6427,6086.0,6087.581300875301,12.649713884087483,6088.281793815592,25.01
6436,6442.0,6443.571066401502,5.0,6414.244980869094,25.01
6437,6795.0,6797.018182183365,12.616075432222226,6797.723529766962,25.01
