vehid,entry,mid,instspeed,exit,length
465,228.16743064103738,229.15596265305052,7.150160774190822,230.06570275059917,19.3
218,318.22352705392393,319.1943341188163,7.7730073168284,320.11795064594463,19.3
4747,4828.33804849331,4829.117160088291,6.218909810296709,4830.14974831689,19.3
4220,4908.388972066351,4909.376082460945,5.0,4880.140436429167,19.3
