vehid,entry,mid,instspeed,exit,length
752,1433.190608569087,1436.2839700638515,11.255063923394841,1440.067486072117,71.43
735,1687.5453419694174,1690.0568731828666,12.76010025521,1692.6449592485337,71.43
2766,2778.484083448618,2781.384538072721,5.0,2755.664716192525,71.43
2736,3486.0373303621727,3488.591145670167,12.85550904858108,3491.2085868184477,71.43
4757,4758.486587665032,4761.331717366992,12.497830801058003,4765.546652168957,71.43
4754,4934.667089877497,4937.102369639126,13.179691396383706,4939.613650513885,71.43
4763,5366.569579202211,5369.349286802207,5.0,5341.785829222269,71.43
4765,5389.927272222986,5392.570968847889,12.600656954333042,5396.279326105562,71.43
6737,6911.383301598035,6914.43940338209,11.660499753779717,6917.4807643762715,71.43
