vehid,entry,mid,instspeed,exit,length
441,240.4397114238615,241.24904825032294,7.281274593870114,242.2529362542658,19.3
440,588.1441060005636,589.0566149377014,7.070259853491259,590.1063163830459,19.3
438,1398.0520074458955,1399.0021564324097,6.120701456476407,1400.1967210360976,19.3
420,1681.368179211484,1682.1901200718994,5.0,1653.2638898149735,19.3
426,1848.1226164502461,1849.0238162036812,5.0,1820.2231295494194,19.3
2435,3108.3575017476523,3109.3098397688295,7.939469907847132,3110.212701137006,19.3
6448,5637.385186536406,5638.0706598816005,7.124880720340275,5639.377156036485,19.3
6446,6168.191527010811,6169.128720632118,7.255166762855923,6170.140248389838,19.3
6420,6170.470325038132,6171.3722016510255,8.064608266584335,6172.581975163578,19.3
