vehid,entry,mid,instspeed,exit,length
1828,1968.3141263069188,1969.003108090311,9.215776107810933,1969.7286959053322,19.37
2469,3162.4393419216167,3163.166057087585,11.712988321030767,3163.7369493882106,19.37
6482,6038.531025536918,6039.288401935628,5.0,6009.879117944493,19.37
6501,6332.320495579985,6333.385895622258,8.149199309761372,6334.168289543141,19.37
