vehid,entry,mid,instspeed,exit,length
52,375.47344524758984,376.27518472347947,14.77411032524435,376.9771390065194,26.82
4059,4786.397285390933,4787.234217023893,13.24586809341409,4788.017187296351,26.82
4061,5686.300812556573,5687.206270989793,12.763364389388125,5688.018818932835,26.82
6064,6319.150439903383,6320.198726412133,5.0,6291.121118877313,26.82
6079,6495.603228256321,6496.376912525429,14.540872303867028,6497.089840545039,26.82
6061,6676.548875924523,6677.454497989743,5.0,6648.2670103002665,26.82
6220,7234.604707911312,7235.462017769806,13.591982666295,7236.241104049076,26.82
6083,7307.286459128447,7308.314605214767,11.236097632480073,7309.235645104927,26.82
6084,7576.4543847865225,7577.350690475644,12.611656779387417,7578.179597593117,26.82
