vehid,entry,mid,instspeed,exit,length
1257,1319.4243169039712,1327.0610371239743,10.359324154778147,1336.7761213290505,179.92
1264,1747.9196138024843,1754.1434857299053,13.224881723736845,1762.2242191472494,179.92
4003,5328.495722221182,5334.336823196033,5.0,5311.9700113099925,179.92
