vehid,entry,mid,instspeed,exit,length
808,123.88863264080048,134.17567519069698,11.397322381396789,143.02781807880385,206.14
807,582.2906067006206,592.3073804996851,11.66243625076154,600.8867171533188,206.14
4812,3944.4453447058168,3952.637373048528,5.0,3929.9400009899796,206.14
6824,5529.78245825149,5538.044536115169,14.232518892468672,5545.707513140141,206.14
6819,6100.4545264149965,6111.068163348614,10.455837132989046,6120.110415614227,206.14
