vehid,entry,mid,instspeed,exit,length
1135,283.1616331270376,288.14111422482097,13.403724448258421,294.7534132383409,145.23
