vehid,entry,mid,instspeed,exit,length
327,781.9129180420719,784.2652237484451,11.43702925641032,786.4783322078716,54.65
335,1050.8131985909088,1053.419629387337,9.646771221668425,1055.9843867636357,54.65
126,1231.0236950904305,1233.0580641022716,11.177507378458547,1235.133938927702,54.65
122,1411.2088397642708,1413.423667343287,5.0,1385.4253804199318,54.65
130,1736.6971858114355,1738.5100906045943,14.009189612163247,1741.4996006772549,54.65
2121,2043.2361505124081,2045.5244872731994,10.963420761991738,2047.644532623729,54.65
2321,2129.7580483713673,2132.2107927041156,10.705336408251721,2134.498367482206,54.65
2127,2544.0441867739787,2546.018598341052,5.0,2518.5895537106785,54.65
2124,2669.893447727914,2672.241462590526,10.569931582959137,2674.5220915741224,54.65
2120,3212.0311647308695,3214.2820212570086,11.999411047034169,3216.421100225006,54.65
4312,3929.113816110645,3931.24125803536,5.0,3903.2963486323233,54.65
4335,4198.3079459377495,4200.175554039711,13.41632409665368,4201.938889279061,54.65
4338,5103.915800335391,5106.402599797985,9.503503503781808,5108.8062089895,54.65
4124,5246.142549451932,5248.24319253585,12.83763733693668,5251.0303985488745,54.65
4125,5462.400487502663,5464.554412370573,11.570768391222984,5466.560708694078,54.65
4362,5547.494454044177,5549.152635670647,15.734949409250625,5550.722946129131,54.65
6348,5910.53758396815,5913.08225335408,9.793776462904056,5915.545553225132,54.65
6341,6359.850855682213,6361.63120053422,14.221510788809084,6363.337858288279,54.65
6372,6451.100085423695,6453.377117316654,11.40982978927609,6455.510909034092,54.65
6138,6539.408597653924,6541.252742973267,12.677532345777689,6543.136293822008,54.65
6137,6542.429586834862,6544.521310856525,5.0,6516.562732414877,54.65
6373,6901.664212749607,6904.38170164335,8.800999471717413,6907.068143109219,54.65
6132,6990.496025791398,6992.527186542419,12.49587369808834,6994.547716721006,54.65
6136,6997.56894496063,7000.192917784663,5.0,6972.769076777161,54.65
