vehid,entry,mid,instspeed,exit,length
465,231.75620819525648,232.44564578273057,12.787139214559167,233.1816697221187,23.02
212,1041.7766155008956,1042.4742317097296,12.748919734915097,1043.2051473829547,23.02
2740,2851.1964973398253,2852.07644862764,5.0,2822.892824034006,23.02
2441,3618.5636234440203,3619.291722360281,8.825026894098293,3620.6020914794944,23.02
4468,5121.780797468194,5122.499570223193,12.109849867653875,5123.237066859881,23.02
6466,7251.786723142227,7252.491202767224,12.41769035570352,7253.234867998969,23.02
