vehid,entry,mid,instspeed,exit,length
460,332.0583451458696,333.1884199413448,5.0,304.2820906899534,30.92
762,703.0,705.0823190341669,11.519833142306668,706.1780644711365,30.92
2466,2755.0,2757.170150834387,10.020628400207016,2758.437199826972,30.92
