vehid,entry,mid,instspeed,exit,length
2210,2253.8782790864448,2255.43785884097,11.423152586994364,2258.1762186658725,46.79
2209,3243.741497829885,3245.2266060249594,5.0,3217.9156224740564,46.79
6222,6573.60433383653,6575.147350093524,12.976146797887976,6578.171498720406,46.79
