vehid,entry,mid,instspeed,exit,length
1435.0,1541.1699518066284,1551.0695872038164,15.242323073876733,1562.2981204124978,295.17
3273.0,2764.1637103364,2776.2523427681244,13.395077742747938,2787.2610372165736,295.17
5277.0,4858.262466577239,4871.321342489428,11.856154239886804,4887.578121759922,295.17
