vehid,entry,mid,instspeed,exit,length
103.0,633.6588104171984,641.1486347017237,11.753530345391866,648.3897883943512,174.39
86.0,1173.748980193185,1182.110575619073,10.486027813059943,1190.037817135388,174.39
2102.0,2803.5436022374925,2811.0387786015744,11.031589112877935,2818.5289053311917,174.39
2089.0,3336.252854406775,3344.1057086910146,10.991722018678171,3351.7043965565017,174.39
4099.0,4593.760449005799,4601.196575775789,12.611167519879066,4608.1905490758345,174.39
4089.0,5315.955431554027,5323.384971738422,11.720866079039062,5330.628657185397,174.39
6078.0,5788.135261760624,5795.336436263629,12.08047704608907,5803.258389562735,174.39
6069.0,5789.95947572137,5797.150212855612,11.162388178149852,5853.120968245553,174.39
