vehid,entry,mid,instspeed,exit,length
1205.0,694.9716505435105,703.1961573757717,13.073787182028122,715.2636494134363,250.54
3276.0,2514.61470457876,2522.3441102813777,13.700865504072869,2533.0090686857516,250.54
5206.0,3730.6142135644527,3740.2125786366946,11.031924245999749,3756.9906541044584,250.54
7195.0,5731.119477299207,5740.4796512034145,11.74672508531077,5754.7327055472315,250.54
