vehid,entry,mid,instspeed,exit,length
1103.0,363.7054623848026,375.1728685225561,12.199223418416565,383.43848913410585,249.89
1093.0,643.2866928548656,653.0107147113122,14.60765781527962,660.1266665885671,249.89
1092.0,846.05384051223,856.0129058953324,14.49717323977185,863.1563771518664,249.89
1097.0,993.5452439039508,1006.4634182077311,10.986214406885532,1017.0350648129556,249.89
1099.0,1357.148070138397,1367.100730402334,13.963097938303985,1375.658066770364,249.89
1114.0,1472.504744723832,1485.0654304000332,11.289332212260181,1495.2915583191232,249.89
3105.0,1912.6050767832153,1923.286568139286,13.265515337465644,1932.2757309550718,249.89
3109.0,2184.5150597109796,2198.232353943159,10.299031092739503,2211.073604036239,249.89
3089.0,3068.308539705402,3079.1566121122087,11.413064796197382,3108.4298455065777,249.89
5923.0,4233.667416966293,4244.508686891904,14.07862714278388,4253.2892090077785,249.89
5107.0,4249.768130739085,4261.334063447697,12.226423335642334,4281.186485704716,249.89
5104.0,4435.81939962661,4447.219751040347,12.976359208057827,4455.351305037119,249.89
5937.0,4732.0,4743.238728393335,13.206126230377965,4764.044915565213,249.89
5096.0,4773.909013216396,4786.156750526379,11.761683489231087,4794.717828288465,249.89
5084.0,4807.67477471353,4821.269302075409,10.006673187014485,4831.195874455684,249.89
5920.0,5142.050041115725,5152.014190304404,14.389605777663572,5160.128125556699,249.89
4827.0,5422.706058180587,5434.244888625495,12.240262421403532,5454.040009443931,249.89
7694.0,5639.088858930728,5651.514749379418,11.311175745635465,5664.021586792454,249.89
7082.0,5854.1285019694715,5866.119371997614,11.768482420200336,5874.56650413889,249.89
7927.0,5943.874339252224,5955.042718281614,12.353171284170482,5963.050494671027,249.89
7085.0,6047.663670541485,6058.61887383889,13.125904719535411,6067.886522340722,249.89
7098.0,6129.252424010803,6141.236294360956,11.505232273419805,6150.085305809118,249.89
6827.0,6303.990132116472,6314.404191595687,14.693451002276309,6322.653215232518,249.89
