vehid,entry,mid,instspeed,exit,length
2217.0,2533.686950573569,2538.225110514012,10.732621411462112,2542.7154491606607,99.04
2212.0,3191.1543250404316,3195.336676873103,11.91634620332494,3199.3209889753516,99.04
4211.0,5524.903723156224,5528.212439779591,14.642175516661387,5531.429309956422,99.04
