vehid,entry,mid,instspeed,exit,length
1183.0,1234.2845181044472,1251.0105125098205,13.950286417856217,1268.6068577941098,465.33
7172.0,5510.170621178549,5528.444322300423,12.901110395311191,5547.088428609859,465.33
7156.0,6226.93418531795,6244.206797895815,13.472842765958518,6262.203911462475,465.33
