vehid,entry,mid,instspeed,exit,length
2458.0,2966.0,2969.180948530225,15.533111028386205,2972.612036277924,94.2
4487.0,3690.0,3694.0559478450614,12.063756918391023,3698.5697019409254,94.2
6456.0,6239.0,6242.467406930085,14.103186317172566,6246.117926447884,94.2
6469.0,6509.0,6513.077367519644,10.77588188737935,6517.901738720146,94.2
6546.0,6771.0,6774.24806820624,15.18827494853666,6777.685930446281,94.2
