vehid,entry,mid,instspeed,exit,length
78.0,827.5611313389269,835.0724003643328,14.218700059977756,841.7176280019411,189.51
79.0,1713.5746763654674,1723.1874250028804,10.74509093604552,1730.8819031147875,189.51
4080.0,3890.34389202661,3899.2079237930175,11.56929499291779,3906.700329497811,189.51
4100.0,4070.778825757618,4080.4920593213747,10.959662186134407,4089.2188227490624,189.51
4081.0,5404.068672021327,5413.273650944956,11.695020318364776,5420.6963402062565,189.51
6081.0,6241.515346600445,6248.663719549618,15.297173042900887,6255.072389949134,189.51
6075.0,6337.380722968867,6346.110726560351,11.439927693757173,6352.652617613839,189.51
