vehid,entry,mid,instspeed,exit,length
800.0,1366.942989287571,1375.4425188847642,14.121854503848848,1385.8289031988215,245.41
803.0,1373.88997640952,1384.1365258969975,11.25251762447369,1413.0970225015694,245.41
791.0,1559.9484723480005,1570.3800387350432,11.774449299412453,1582.471450897459,245.41
2806.0,1908.6845988835723,1919.0671894394693,11.078374363082704,1930.7754635922652,245.41
4805.0,4067.567591889648,4078.3391564028407,10.777281792916984,4090.785501112397,245.41
4790.0,4425.344879858389,4434.439887603322,12.747444331410868,4445.913017295653,245.41
4796.0,4967.138201386668,4976.3431603532235,12.890955793033173,4986.959157769432,245.41
4798.0,5147.926983041861,5157.514401266256,12.275501229616026,5168.657165879993,245.41
4811.0,5239.463993882685,5249.3002977207625,11.688114297372742,5259.72704641915,245.41
