vehid,entry,mid,instspeed,exit,length
2117.0,1893.0081361094947,1897.4145747939965,13.305224388209739,1899.5094661160347,77.13
4114.0,5132.978105911785,5137.256891260939,13.36470981928982,5139.234620064042,77.13
