vehid,entry,mid,instspeed,exit,length
1477.0,903.5007010404858,907.6139043412755,15.045963396162103,912.6620238901247,105.03
3482.0,1893.631551284811,1898.4769246623248,10.957888663886587,1904.6402221056273,105.03
5373.0,3798.0545262082437,3803.359945837058,9.338912947332636,3809.1759515058934,105.03
5496.0,4323.715897366047,4328.330629781638,12.110619577164899,4333.629756584365,105.03
5384.0,4344.445583310279,4348.317394071848,13.303449261931796,4368.106461830395,105.03
5490.0,4593.822801829843,4598.275646601422,12.61423600723729,4603.7669480346085,105.03
7494.0,5493.626529506318,5498.045267015384,12.200266932073088,5502.98919518979,105.03
7501.0,5495.672407883654,5500.080098511501,12.535008857062053,5538.274459969354,105.03
7493.0,5944.262278037622,5948.495437078312,13.293896753937346,5953.637102625932,105.03
