vehid,entry,mid,instspeed,exit,length
1541.0,649.2240807278143,653.3559624535702,11.321168299584215,655.88250298458,108.4
1526.0,978.9668349349332,982.5455719801845,13.217819019718176,984.6789857113772,108.4
1536.0,1500.0760940761916,1504.471087182579,11.12584528770241,1506.9240099015656,108.4
1544.0,1598.3826822653034,1602.4589452824846,11.85838345356616,1604.8778960449663,108.4
3227.0,2063.9563669089252,2067.3097057563596,13.699442019775855,2069.328307905457,108.4
1538.0,2205.8478250465582,2210.3871810369565,10.246775013718896,2213.1655900587502,108.4
3544.0,3021.0882815842865,3025.096897384909,11.970582711785825,3027.5399319321837,108.4
3516.0,3275.8049067485645,3279.2449197335945,14.103317845083575,3281.298117512214,108.4
3522.0,3463.1829751229084,3467.444225284191,10.979989420450881,3469.938662001341,108.4
5532.0,3997.24329550872,4000.1905608883285,16.038104266598026,4001.996750436111,108.4
5227.0,4671.196256961533,4675.2259213188,11.188876948441388,4677.61875554554,108.4
5519.0,4674.6470080325225,4678.174485636638,13.472773422314972,4680.330859136692,108.4
5526.0,5108.056320927233,5112.259360342709,11.813887655754863,5114.619824081857,108.4
5512.0,5214.854831509937,5218.48747844782,13.739948944808875,5220.547670728383,108.4
5533.0,5578.289905165709,5582.256839967282,11.024857894040645,5584.742780310956,108.4
7541.0,7329.876421218623,7333.161720077137,13.620901450296737,7335.154955085407,108.4
