vehid,entry,mid,instspeed,exit,length
57.0,1141.3898741167388,1143.2578750693444,14.452653174313667,1146.2806098603203,61.08
65.0,1863.0323730881162,1865.119190612796,13.898953188250827,1867.8954820442607,61.08
6064.0,7174.065950517481,7176.209764744805,13.423698386371878,7179.562125028982,61.08
