vehid,entry,mid,instspeed,exit,length
1678.0,593.2126499117823,604.1108930775649,12.878259977969472,624.5795728497403,249.89
1106.0,1826.4883214924535,1835.58166710168,15.57698606033204,1843.8660835062174,249.89
3672.0,2212.935113101213,2224.47260505806,12.441083429167724,2233.560225211565,249.89
3680.0,3116.8354689616376,3129.039527694579,12.369366781632307,3137.6141876312213,249.89
2838.0,3618.834441722633,3628.1759438654976,15.353874170703705,3636.335239055121,249.89
7701.0,5629.791419459477,5640.236016297468,14.703173875476507,5648.897756066337,249.89
7949.0,5901.0571201763905,5912.202385776285,12.267530203235934,5921.691806811161,249.89
7926.0,7429.419738317818,7439.487453197998,14.703147421139116,7447.7511608479435,249.89
