vehid,entry,mid,instspeed,exit,length
377.0,326.3005717202443,331.363296494515,12.547256050466427,336.3436187616331,124.29
400.0,594.6439508144314,600.4715379666164,10.267080815661604,606.1478078863637,124.29
130.0,889.6538635273052,895.1527961416139,10.853308965207201,901.8534667293734,124.29
146.0,1858.0954582489246,1863.3628209022877,10.940951699665325,1868.6960433411393,124.29
2310.0,1960.844263804096,1966.114106517851,10.92975583614037,1971.3019803377267,124.29
2369.0,2050.5963175864863,2055.075461481701,13.579611386308866,2059.483395241697,124.29
2354.0,2143.431789986511,2149.187150764917,10.960514324986603,2155.0610231282367,124.29
2313.0,2239.5777419084984,2245.010341100074,11.596773632431239,2250.9148593999857,124.29
2373.0,2665.018744265801,2671.055945394368,9.969212001761823,2677.05583715499,124.29
2347.0,2672.2317884080326,2677.4797846549677,11.744300224422677,2682.744771589957,124.29
2357.0,3383.826639669355,3388.514504235065,13.282585357398554,3393.2254827061734,124.29
4358.0,3841.3989813744774,3846.332648666763,12.66557250720696,3851.219289500129,124.29
4152.0,4041.6383411542015,4046.39004057853,12.396065665442034,4051.937537000043,124.29
4357.0,4825.924091591547,4830.097318423498,14.41242791970436,4834.293921114927,124.29
4403.0,4917.60837290764,4922.134922190847,12.69516086535336,4926.699975759427,124.29
4399.0,5097.497579250012,5102.190277827592,13.185049291860116,5106.824845794492,124.29
4383.0,5545.803462282977,5550.480773150228,13.179638296705305,5555.224861699068,124.29
6389.0,5925.825088002409,5931.261188518251,11.569935847426185,5937.693466749911,124.29
6347.0,6015.404568544246,6020.014135512143,13.117293778146873,6024.500164899484,124.29
6341.0,6109.702202678497,6115.338069401331,10.032913913015372,6121.755110166758,124.29
6355.0,6181.266245078334,6185.1761893199055,15.454916955881032,6189.169431107416,124.29
6316.0,6187.955377819658,6193.23358929374,11.63911734643508,6198.641571438668,124.29
6346.0,6542.527942420088,6547.5372689897595,11.576885547660172,6552.513881211783,124.29
6356.0,6896.445614215142,6901.127684756314,13.538987179889496,6905.704868919373,124.29
6348.0,6990.232865573951,6995.1814557953585,12.032287419361047,7000.236123392212,124.29
6130.0,7255.036945543566,7258.650018485943,17.044033199744327,7262.173157944575,124.29
