vehid,entry,mid,instspeed,exit,length
209.0,144.28775826770786,148.52280407702563,11.526821099104373,152.83252122423298,99.04
217.0,1480.5881754385036,1484.4603528783357,12.430732327123014,1488.2093923281107,99.04
2209.0,2377.0941114085094,2380.5893476817887,13.966139066085164,2384.150775111401,99.04
6209.0,6967.0090011967,6970.535815089793,13.112625691678023,6974.09538306422,99.04
