vehid,entry,mid,instspeed,exit,length
216.0,650.0975373347973,653.0573763131654,12.609659911607798,655.9800033469373,76.63
57.0,1186.778368373396,1189.163305373652,15.228509668410542,1191.5528464478439,76.63
4072.0,4162.567516426253,4165.5886824996405,12.394141415945969,4168.72011545075,76.63
4205.0,4445.734425312551,4448.299183678102,14.035661219698994,4450.870401821102,76.63
4068.0,5238.655937338076,5241.285941798384,14.51879324930658,5243.9096468857015,76.63
