vehid,entry,mid,instspeed,exit,length
2500.0,2388.6683373327473,2400.35154308988,11.547365153784677,2408.4428610468676,214.88
3044.0,2615.846381195829,2627.438328625514,10.913212883902398,2635.7501806262935,214.88
2779.0,2839.145222307987,2850.537408487111,11.16027453404178,2858.7574612414423,214.88
2499.0,3288.9218482822307,3299.348428219286,12.341686484790658,3306.580060546645,214.88
2505.0,3558.738610494415,3569.2763398685083,12.78364691108411,3576.778288081565,214.88
2246.0,3620.261316226798,3631.1536488343286,11.257237866024614,3638.8615031661466,214.88
2514.0,3739.028375978839,3750.1875145443005,11.403662965398256,3757.907540631263,214.88
2498.0,3741.4826229540176,3753.437909757232,10.386618847616068,3801.4966625629195,214.88
4515.0,4909.077694062702,4919.456665312735,12.469419283115043,4926.915866532411,214.88
5044.0,4959.011074825448,4969.5173468267285,13.489911655911632,4976.860361946494,214.88
4503.0,5268.983197469867,5280.004622043732,12.13445715888962,5287.807343590694,214.88
6518.0,6218.3863512797925,6230.390096558507,11.040649194472596,6246.299611941201,214.88
6520.0,7158.554005717103,7169.3316410693105,12.113557614076639,7176.239650301079,214.88
