vehid,entry,mid,instspeed,exit,length
318.0,167.29430083170695,171.34222146854398,10.792474126400267,176.54757584407912,96.12
278.0,255.72739704543577,259.27030268236945,12.608251915118982,262.76924035432495,96.12
313.0,408.30607796233545,412.03463453392385,13.494784164997514,415.3362044767086,96.12
363.0,858.8249484600849,863.1718657448208,10.675293405881574,867.3558833811671,96.12
405.0,1325.9676399122432,1330.0075210945547,11.901620262774601,1333.9517860383219,96.12
2388.0,2237.803136238941,2241.104045578536,13.556581898610577,2245.96786636191,96.12
2339.0,2479.073926912584,2483.2492089844823,15.569946882101625,2486.2619948070205,96.12
2386.0,2585.061067254407,2589.265630287145,10.56949729488419,2593.3549286327943,96.12
2311.0,3301.642068817586,3305.1305667436563,13.195686779572632,3308.5984697968847,96.12
2404.0,3496.880624117406,3500.483171794598,12.382738444929974,3504.976519820215,96.12
4193.0,4008.4764344356267,4012.4276567195775,13.040755361370369,4016.0440212878,96.12
4327.0,4217.255091065684,4221.184625629463,12.30857749186711,4225.851273022861,96.12
4277.0,4226.626957592408,4230.562700352525,11.848739604609007,4278.029676198826,96.12
4318.0,4578.438307565552,4582.311818618101,12.075324302442592,4586.976980039144,96.12
4355.0,5012.482485693976,5016.188442013872,12.779992262582606,5019.853103682086,96.12
6390.0,5538.539941708022,5542.544818424984,14.17453867444209,5545.68728001997,96.12
6319.0,6258.89806287209,6263.178641200849,12.213135986475056,6267.045296674979,96.12
6270.0,7197.168453081896,7201.214425398138,11.884810387104203,7205.887617165676,96.12
6376.0,7199.326436309558,7203.133850071639,12.436424945117507,7248.4794312702,96.12
