vehid,entry,mid,instspeed,exit,length
292.0,101.65195599408084,104.00775573897967,12.10023998393031,109.11930276723302,73.63
525.0,557.5606146889438,560.3738701017377,10.925665096785234,564.9811211870177,73.63
349.0,1181.198641450568,1183.54831503008,12.258399931876715,1188.248205159131,73.63
2331.0,2712.5254621739123,2715.154470363244,11.782049714816914,2750.82438496675,73.63
2306.0,2805.819750517312,2808.2976633652033,12.887082877412691,2841.4468782791523,73.63
4360.0,3976.261523811282,3979.02466354342,10.38794449097832,4012.2920143929477,73.63
4314.0,4083.817772299966,4086.189748318432,12.189440161747436,4090.771765531985,73.63
4334.0,4093.123891699228,4095.4032980968404,13.480223463728759,4099.046917531101,73.63
4287.0,4323.434776084397,4326.062297375344,12.867742433169164,4330.532924932636,73.63
4315.0,4333.145912722011,4335.454662631789,12.624953199326383,4368.562033295791,73.63
4312.0,4782.8694059297195,4785.107809870335,13.158931567573335,4789.459225620413,73.63
4297.0,4805.879722082787,4808.459209508949,11.590343971155788,4820.155305274302,73.63
4536.0,4984.943811379068,4987.337624947388,12.013724803542592,4991.791902200369,73.63
4328.0,5501.609750582975,5504.157182430759,11.232234231397964,5508.67121963374,73.63
6361.0,6221.890851131592,6224.296275588706,12.078691355846177,6228.792880704994,73.63
6312.0,6223.720240298313,6226.1042183146465,12.09106331652035,6260.633883174983,73.63
6288.0,6406.652273890745,6409.127715857465,11.619671794435167,6413.901344208962,73.63
6285.0,6753.483337628832,6756.190364886578,12.983525941774914,6760.886543863288,73.63
6289.0,6851.618822774261,6854.133954816099,11.71507711417658,6888.098275053792,73.63
6320.0,6952.51352701534,6954.583822499087,13.66472574528354,6980.577070549315,73.63
6308.0,7123.132441894007,7125.379628474287,13.316946087248372,7160.309186973075,73.63
6321.0,7301.590633198446,7303.642590948947,14.534058281661023,7307.819369361872,73.63
