vehid,entry,mid,instspeed,exit,length
3117.0,2616.4139488297683,2622.0069167514516,12.197481799001654,2627.6426548711556,145.23
5142.0,5229.048544243009,5234.591262932106,12.270236120779717,5240.994386528117,145.23
7121.0,5606.078631100892,5611.234733617217,13.850250582304081,5616.254435123435,145.23
