vehid,entry,mid,instspeed,exit,length
125.0,196.7392752293433,201.11575028030256,12.241123853356068,205.45165720709207,106.74
351.0,682.2599091650811,686.352654080428,12.538487370269669,690.3899685974229,106.74
122.0,1820.498834323917,1825.4521408232533,10.521155085229335,1830.4289181866175,106.74
2333.0,3019.7270163917105,3023.5057326708184,13.868090229704713,3027.1471811105216,106.74
2308.0,3289.696411713837,3294.123931067566,12.311126949178988,3298.4429905708535,106.74
2332.0,3379.8375192934814,3383.6185881019123,14.671746989038201,3387.0343877559367,106.74
6128.0,5866.465690959431,5871.032409905949,11.217278757789927,5875.60338286006,106.74
6330.0,7162.11706697597,7166.258835592998,12.564562759526975,7170.447577225203,106.74
