vehid,entry,mid,instspeed,exit,length
5167.0,3917.2579579886565,3935.484828166707,12.232359069450363,3954.664781567395,465.33
5163.0,4605.019494168398,4628.474265437619,9.965609353949972,4652.2612718049795,465.33
7178.0,5583.904448811275,5598.628211856579,15.034905677299003,5614.750737135638,465.33
