vehid,entry,mid,instspeed,exit,length
1050.0,1249.2748039058383,1255.045618800868,9.702294255002125,1260.5012201359307,117.49
3046.0,3227.991520597084,3233.3253837865414,11.114476230020653,3238.937258006088,117.49
3049.0,3636.805369829862,3641.1445739931864,14.039102712471903,3645.3798610042686,117.49
5049.0,3762.809193142155,3768.1397443274122,11.303258508058258,3773.9779863828603,117.49
