vehid,entry,mid,instspeed,exit,length
4584.0,3706.0,3709.343401002793,14.829545499262522,3712.966333368559,94.2
4571.0,3982.0,3985.3708342651576,14.617859459137888,3989.1091614386983,94.2
6578.0,5911.0,5915.08375260816,10.802261911316673,5919.942917381516,94.2
