vehid,entry,mid,instspeed,exit,length
1296.0,418.05804587705865,427.42782131085534,12.652056873056576,436.6553209358465,232.08
1187.0,1660.5523725432727,1669.15647599479,14.051872766273284,1677.2346556000375,232.08
5191.0,3730.15763545292,3740.241431063398,10.861569525877156,3750.4659584296364,232.08
5201.0,4282.277467823457,4292.367029061107,10.934244800651932,4302.397454121565,232.08
