vehid,entry,mid,instspeed,exit,length
1207.0,832.5575141459869,841.0075225340748,13.134402333556013,852.9748230157428,250.54
1278.0,1524.3839413303617,1532.555762984335,13.186109030791675,1543.8374792647949,250.54
5205.0,3732.781014997063,3741.0328455132776,12.978974372099144,3783.677986693291,250.54
