vehid,entry,mid,instspeed,exit,length
1843.0,229.26240513765316,230.1888819410167,12.983359049775842,230.934829594246,25.01
1845.0,233.35846217318857,234.27440644862145,14.006522155585081,234.9658633361081,25.01
1857.0,511.25359935244256,512.2062162232232,13.744120676436285,512.9108743415719,25.01
1841.0,1587.1348715769695,1588.1657411945494,11.355302642080543,1589.0169014722455,25.01
3853.0,2309.6932270826887,2310.4962058875353,15.357333231125708,2311.127764848091,25.01
3856.0,2760.056815999954,2761.034956758894,12.787363361428902,2761.792337771733,25.01
3858.0,3027.171861553641,3028.326564932342,10.428814254295938,3029.240922946788,25.01
3855.0,3475.4570800956294,3476.4841333511363,12.261416426465889,3477.2857558394253,25.01
5855.0,4188.321403458401,4189.194782737344,13.835363073013893,4189.894793728245,25.01
5838.0,4712.349597502083,4713.195528108945,14.349826108381171,4713.870442643872,25.01
5850.0,4820.272410546083,4821.216064281274,13.649579946636859,4821.9256030547795,25.01
5849.0,5277.974380280149,5279.056900199039,11.756188466244593,5279.880713652014,25.01
7863.0,5624.756100388762,5626.134467528436,9.057820246181832,5627.193730078284,25.01
7849.0,6622.300196430704,6623.196539301117,13.330855110502567,6623.923042299905,25.01
7857.0,6712.134197997766,6713.006894769968,13.82651027492448,6713.707353961887,25.01
