vehid,entry,mid,instspeed,exit,length
4828.0,4893.680511779631,4901.376857344509,11.740528570091609,4920.0,179.94
