vehid,entry,mid,instspeed,exit,length
2207.0,2973.0213492663834,2977.006964992002,10.932739587603113,2982.271069371779,97.45
4198.0,3905.1328976155683,3908.2633913874497,12.625317442695245,3913.0795582034407,97.45
6196.0,6843.370815389107,6846.431694662236,13.494309049747244,6851.700103276276,97.45
