vehid,entry,mid,instspeed,exit,length
4115.0,4637.996909092861,4641.364016544309,11.823568706557156,4645.028995203739,75.08
