vehid,entry,mid,instspeed,exit,length
368.0,238.42415046691764,243.18566088387064,11.209238433861245,248.85228333596996,118.17
282.0,246.31167779852606,250.57394825054567,11.84301935691006,255.79675454709113,118.17
319.0,321.20193409680223,326.0158120934047,11.242403418609511,331.7591166129186,118.17
332.0,1218.4213550057173,1222.6224135845625,13.290521452979117,1227.3954850715586,118.17
369.0,1684.850210956844,1688.5234196127742,13.424964169380223,1693.0922425808083,118.17
2322.0,2033.0950971153463,2038.1256592054533,10.616105108126261,2044.2576340454023,118.17
2290.0,2587.8378894055195,2592.431629952482,10.87734444672096,2597.8900625625974,118.17
2280.0,2601.837848379155,2605.513616702981,13.72585336991606,2610.840870501711,118.17
2361.0,3022.841508155687,3027.0826551857845,12.510440504473928,3032.0238976663077,118.17
2324.0,3198.595957252371,3203.0622564562414,12.78206787197361,3208.0401606631913,118.17
2319.0,3290.7703157684023,3295.1964453842584,12.688093708895556,3300.283586028801,118.17
2357.0,3393.4048170832657,3397.3201782021615,12.939983747452773,3402.105340008821,118.17
2118.0,3512.799670373877,3518.2124036462023,9.821301012465005,3525.26966415834,118.17
4361.0,4115.407943994895,4120.225809139589,10.84458024092087,4125.829675014198,118.17
4303.0,4368.809049110912,4373.004471622036,13.102783710321733,4377.57727604622,118.17
4325.0,5091.394163414859,5096.479324297301,10.513589038462056,5102.359924957719,118.17
4283.0,5093.4051809914945,5098.349887496037,11.680372119337159,5104.248277476868,118.17
4294.0,5119.718175581706,5124.493461837776,10.551599133743455,5130.890359648998,118.17
4299.0,5209.495433244745,5213.305303787088,13.23537252931166,5218.8857719042635,118.17
4356.0,5379.567074917324,5383.535889569719,12.117901717406845,5388.37815731823,118.17
4321.0,5450.887447576579,5455.052440833859,12.339585005825612,5459.9342721100575,118.17
6345.0,5452.7697908054415,5457.041760858694,12.192158769996716,5462.280325228004,118.17
6282.0,5628.646101416943,5633.523132119024,10.98804443486172,5639.245340371883,118.17
6284.0,6021.959454366127,6025.291000698721,15.597686318725563,6030.355323218659,118.17
6294.0,6623.065630031562,6627.300949854175,11.960747210293713,6632.464591508036,118.17
6291.0,6625.285432144445,6629.514708577163,12.141823315636715,6634.637326865742,118.17
6276.0,6980.745822479427,6984.566211709035,14.388584469898328,6988.922347422908,118.17
6333.0,6986.241828743445,6991.10934172201,11.126178606587281,6996.906082048862,118.17
