vehid,entry,mid,instspeed,exit,length
546.0,291.5790876836551,297.33434617652796,13.06833562199125,303.396559505494,155.68
533.0,861.2593370192627,866.3933195703082,14.325770198124738,881.9020475843975,155.68
6453.0,5872.669049863511,5878.477731364995,13.057236035646577,5884.578640313967,155.68
