vehid,entry,mid,instspeed,exit,length
476.0,93.52000979525566,99.0744018123969,11.167213021065784,109.83644533710999,179.5
422.0,183.73162577974483,189.4170893540689,10.40630102139904,200.16338574824556,179.5
488.0,308.6725033666395,313.36109915284135,12.26660766707642,323.7416860378715,179.5
412.0,482.89604812057564,487.305878776775,13.941068795068995,496.96186248107165,179.5
430.0,1083.5981178485888,1089.4044351099049,10.63058094366476,1100.4947464183608,179.5
440.0,1177.7526722383627,1183.3291774538502,10.019943687409034,1194.103367835076,179.5
411.0,1299.824711012224,1304.377766689648,12.378733486810019,1314.625280043574,179.5
2438.0,2526.026344777087,2531.0942711747916,11.7757666551141,2541.098245052647,179.5
2435.0,3064.1733312447636,3069.4485833307604,12.115183727364123,3078.7775684863973,179.5
2411.0,3423.5401948796416,3428.1833400333544,15.557807015957007,3435.5340711948193,179.5
2439.0,3427.4768693315687,3433.256095311337,9.960415366441731,3444.611761225402,179.5
4441.0,3701.163319512764,3706.508946235972,11.412436015514004,3717.3435785766897,179.5
4418.0,3875.705874005568,3880.194568128426,13.309761662912997,3888.8108976199496,179.5
4407.0,4876.918952751082,4881.384787698147,13.632991803848524,4890.214638563848,179.5
4439.0,5231.868213300754,5237.435236910551,9.59223890029701,5248.656128322702,179.5
4435.0,5405.884491749139,5411.38605018162,11.027174193788381,5422.039004013971,179.5
6502.0,5976.789943546082,5981.102191060932,13.670341941490287,5990.82241955435,179.5
6436.0,6033.4232171407675,6038.035943180922,13.881601547860875,6046.156386420808,179.5
6470.0,6213.690882966825,6219.135877153862,11.617198575787116,6229.0247395615215,179.5
6443.0,6424.610078223296,6428.284035348207,16.332328652388906,6436.813040651261,179.5
6426.0,6485.716713947962,6490.247077132304,14.14872323635031,6498.392553778526,179.5
6425.0,6590.505737107265,6594.470246752817,14.422328535505478,6602.333132808925,179.5
6409.0,6665.6241270309165,6670.314837890351,13.14599872177305,6679.469292947086,179.5
6422.0,6753.849895113996,6759.348157402578,11.793281954449693,6769.825845682237,179.5
6412.0,6756.003801396591,6761.1856705885775,11.965388196805096,6771.635262890819,179.5
6504.0,6948.839573557409,6954.003487644897,11.602473609337618,6964.257880774073,179.5
