vehid,entry,mid,instspeed,exit,length
429.0,204.20641428576275,210.00758788067918,10.563323695499406,214.4189951981599,114.72
414.0,293.0258465363638,297.4437690703663,14.256605705334675,300.8373579956699,114.72
438.0,648.7763639627017,653.2858422777732,13.471935557590733,656.8121744825123,114.72
427.0,652.8979686780434,657.541703244174,13.383445431234403,661.2149766134977,114.72
408.0,1462.311184231543,1467.0260301716312,13.170901283885202,1470.8084961189527,114.72
428.0,1551.602250461189,1556.5156050135756,12.146648449344305,1560.3664052037107,114.72
2426.0,2541.06143492904,2546.289800946289,13.137189454696948,2549.9155774670785,114.72
2440.0,3002.0722340662874,3007.3306498722623,11.67444006798594,3012.310841037539,114.72
2433.0,3095.56151434788,3100.450428857715,12.820020113507894,3104.9964641298156,114.72
2437.0,3709.2563299726694,3714.03885381567,12.637404227806938,3717.701224698091,114.72
4440.0,3805.606979827142,3811.066344717773,11.393643963120125,3815.326619125215,114.72
4407.0,4891.857652456465,4896.384346047695,13.59497542818397,4900.759492392629,114.72
4439.0,5250.437498843285,5255.223282214034,12.265121731063578,5258.967009917281,114.72
4435.0,5423.913405655036,5429.506820643266,11.45391453930627,5433.644353301034,114.72
6437.0,6234.363724922947,6240.118372795372,10.48873792546209,6244.846250496327,114.72
6443.0,6483.907438182203,6488.541438995735,15.675088544037935,6491.61089109042,114.72
6432.0,6497.918789718948,6502.125533416604,15.095954775055093,6505.423003452845,114.72
6438.0,6871.0297448481115,6875.608204104311,13.447092123917185,6879.085304808674,114.72
