vehid,entry,mid,instspeed,exit,length
1846.0,692.1449406447484,692.3673381594488,11.108414398947138,692.4996267285134,8.94
1861.0,1418.1004137105035,1418.309828021953,11.797110414682747,1418.43439380067,8.94
3853.0,2311.89199377171,2312.0527368026387,15.620253692548017,2312.146814419708,8.94
5862.0,3752.075593447758,3752.2638146263057,13.125429208591195,3752.3757741075588,8.94
7862.0,6800.354467190853,6800.524809521393,14.50305245187133,6800.62613413911,8.94
7861.0,7072.3200771583215,7072.513449878256,12.775761521161654,7072.628473647523,8.94
