vehid,entry,mid,instspeed,exit,length
1654.0,499.0,504.1972660401496,12.539290049468304,509.79123073993264,112.45
1671.0,680.0569625822833,685.0042837320376,10.929296772658443,690.77991249164,112.45
3643.0,2390.1932326180086,2395.048276040747,11.491947451101161,2400.697124320847,112.45
3671.0,3109.0,3114.100002030085,13.783634931217641,3118.999209379894,112.45
3647.0,3469.0,3474.0153920734147,13.917258071036082,3478.9762808020305,112.45
5658.0,4100.070233380092,4104.113545713596,15.380607723804943,4109.073446006724,112.45
5664.0,5634.03047169722,5638.287899489506,12.188119662762645,5673.540326566618,112.45
