vehid,entry,mid,instspeed,exit,length
35,30.421722362498954,32.51425869196484,12.508906068580108,36.89592099183717,77.12
29,320.3597148884022,323.2824989005878,9.347743142154956,328.12735568862036,77.12
80,1028.0176809936727,1030.3223511219808,11.943317979484982,1034.8712676279815,77.12
2033,2534.0536681716694,2536.1943302239392,12.370985476282042,2540.616112470822,77.12
4091,3654.134829946315,3656.248693160803,12.463472682102655,3659.7782075745863,77.12
6033,6061.183551539829,6063.22182424603,5.0,6037.747402389033,77.12
6083,6224.35491021101,6226.470497046497,13.215328416927559,6230.602253860024,77.12
6113,7211.336198095377,7213.248976367984,5.0,7187.441394411568,77.12
