vehid,entry,mid,instspeed,exit,length
2469,3406.567339561189,3409.053939091351,12.211379536281726,3414.1141467672883,90.67
4444,4281.905165785974,4284.32926163454,13.700492460068814,4289.430026955196,90.67
4443,5010.753421240117,5013.3207994056265,5.0,4988.290937891181,90.67
