vehid,entry,mid,instspeed,exit,length
2068,2528.213317504462,2531.3441536687774,13.28434471708855,2534.46081751503,89.5
2066,3518.202901990408,3521.1955090363626,14.265037528322967,3524.1874310617595,89.5
2215,3622.075749175233,3626.038566828406,5.0,3600.0436023273965,89.5
4060,4238.694741131259,4242.20251425842,12.420144856970524,4245.69205063089,89.5
4204,4508.20874157793,4511.600620849676,12.762524254430422,4515.167577063852,89.5
6074,7298.0,7302.404824587073,11.410311266154075,7306.073426172239,89.5
