vehid,entry,mid,instspeed,exit,length
58,1863.989400991774,1866.2520657429786,12.35013716036585,1869.302282266056,61.08
