vehid,entry,mid,instspeed,exit,length
430,380.8828385379722,386.14112694258904,11.849593333691603,390.2690461639642,114.72
416,565.0469644911053,570.3925227696398,10.832622512530078,574.588477233379,114.72
418,831.7955926438908,837.026981452765,12.42258609212494,840.9383107867056,114.72
428,929.6452042668371,935.1957468994015,10.599501513634692,940.4585353174865,114.72
440,1011.1209211020688,1016.5505532146908,11.425022593668587,1020.9770389598085,114.72
419,1016.5894697186379,1022.0926745025034,11.08858713867064,1026.3954103463584,114.72
431,1748.0547151775468,1753.3086915636072,11.307162187092569,1758.3485264117996,114.72
415,1827.5021638305518,1833.4089117096266,10.457194143146209,1838.125896966064,114.72
2411,2274.3079892829583,2279.445064697926,5.0,2253.5654270888635,114.72
2406,2460.961748825451,2466.187968128335,12.126119020410245,2471.276054057143,114.72
2410,2540.1020776326313,2545.064830146553,12.740990149912722,2548.9269399852496,114.72
2426,3079.6661567357773,3084.3322075794035,5.0,3058.149495910485,114.72
2409,3085.170217629139,3090.526221511139,12.056537710138596,3094.6320042222633,114.72
2439,3177.906377131446,3183.160094553655,11.997557874902686,3187.2151521952114,114.72
4422,4081.5989320999065,4088.059587533364,5.0,4063.745541079433,114.72
4424,4084.6323535735287,4090.0283522651134,8.847163218193357,4142.966946097286,114.72
4432,4442.315700208122,4447.57513143001,12.099654455650418,4452.365010985535,114.72
4436,4526.236929766283,4530.616652249417,5.0,4504.083369912511,114.72
4433,4608.267120838551,4613.289515027106,12.68214193928861,4617.229556966552,114.72
4421,5242.18246546048,5248.103000673298,5.0,5222.614487717676,114.72
6423,5518.3190355534625,5524.055158949783,11.030320531958704,5528.453258933947,114.72
6419,6061.224397466987,6067.081427382546,10.431185937937789,6072.416158922797,114.72
6413,6336.378627802641,6341.27755115154,12.077821618333868,6346.059181119435,114.72
