vehid,entry,mid,instspeed,exit,length
1834,952.3807099000118,954.0252578247457,16.147536845617207,956.360874145236,69.11
1857,1305.0748729392799,1307.1489196676966,13.190434793873958,1310.0323803394115,69.11
3845,2278.0461867229005,2280.049011948468,12.660110017417194,2282.9777541724834,69.11
3858,2740.5816709206274,2742.177489378178,16.009395351306676,2744.514562130756,69.11
3848,3663.5618069166267,3666.0216805233495,5.0,3639.53212590938,69.11
5860,5066.488460557746,5068.291097785706,14.254007177455344,5070.957719962718,69.11
5850,5249.05560171024,5251.35349716146,11.12079413978375,5254.587321919185,69.11
5864,5342.04784145356,5344.0214306424205,12.988194233715504,5346.795199278609,69.11
7847,6619.961988455761,6622.102576631919,5.0,6595.16145846971,69.11
