vehid,entry,mid,instspeed,exit,length
2056,3267.758300195623,3270.4724812773798,5.0,3243.198102135051,69.39
4057,5071.010705220281,5074.178942348043,10.747641161083807,5077.012644781627,69.39
6213,6515.117304161378,6518.0305056109555,11.828237051550142,6521.300099549051,69.39
