vehid,entry,mid,instspeed,exit,length
3211,2256.7095055155146,2265.0186809419015,13.7789042688556,2273.108773066863,217.32
2104,2727.6484619562507,2735.554903912413,12.93821955425472,2744.798607815598,217.32
3228,3334.343167009883,3342.3253609168305,13.700250212346628,3349.938454985759,217.32
4047,4170.7806001169165,4178.021198459502,5.0,4156.794884866461,217.32
5278,5314.840037425962,5322.553533573085,5.0,5299.7272233222575,217.32
6036,6328.915165611921,6337.581711285201,12.337268443755779,6346.85380238309,217.32
6049,6330.662204818293,6339.3853537694795,12.164760087632056,6393.273788780655,217.32
7265,6934.485343968981,6944.10411895743,11.227483016623648,6953.492184501067,217.32
