vehid,entry,mid,instspeed,exit,length
2386,2838.424912767761,2845.498881851534,5.0,2822.3618041896193,165.72
6397,5808.506174051139,5815.286054316164,13.346185427852557,5821.516196224761,165.72
6363,6888.885964280529,6895.543296862894,12.626373353941963,6901.661964540148,165.72
