vehid,entry,mid,instspeed,exit,length
1319.0,1591.7081689631664,1599.4145664358268,13.625784700452991,1610.776288000952,250.54
3196.0,3255.1954393647184,3263.1434418099298,12.444656908205754,3274.2250803682714,250.54
3295.0,3316.5035091673467,3324.5425512214947,13.465930191524796,3335.571139078996,250.54
