vehid,entry,mid,instspeed,exit,length
450.0,678.1172325071851,680.4618596139333,10.513567568332496,682.4686357385696,46.79
449.0,1391.307172077544,1393.567243028324,11.890727759805769,1395.5869321926896,46.79
4454.0,4667.024116053142,4669.324691445284,9.84865751037345,4671.627019313288,46.79
