vehid,entry,mid,instspeed,exit,length
111.0,1172.977662840562,1177.4720128716963,12.514804646905132,1179.7697406481054,77.13
