vehid,entry,mid,instspeed,exit,length
551.0,456.4569951055922,463.14417362175016,13.296799289681719,468.34359412743015,160.38
542.0,1113.0993016151667,1119.520735692443,13.723263632247482,1124.6104542059256,160.38
448.0,1354.3122313144847,1361.2450920826877,12.415272931064669,1366.6606245744106,160.38
2453.0,3248.1689411929933,3255.4628339966,14.797759469083834,3260.292735054373,160.38
4538.0,4776.631695163696,4783.10388892767,14.415404666542765,4788.086032197886,160.38
4551.0,4956.3052919600495,4963.151318766828,12.976347782451269,4968.534789426281,160.38
6450.0,6934.479504652907,6941.303831874164,13.07438843267792,6946.799782711694,160.38
