vehid,entry,mid,instspeed,exit,length
417.0,197.28595273881976,201.41508955894665,14.707285543183037,204.68061835818983,114.72
424.0,379.06208751178866,384.182459009139,11.949608802111337,388.302046041101,114.72
415.0,1281.4859081888526,1287.0584704398523,11.215038141863284,1291.4596545052882,114.72
427.0,1639.5148062554354,1644.2273056588529,13.226516077052413,1647.9889164832089,114.72
2413.0,2451.0864272559456,2456.5203272854847,11.230252768334282,2460.7079685344393,114.72
2422.0,2539.814110173464,2544.544412154876,12.916511796447933,2548.28952096354,114.72
2428.0,2542.110116628357,2547.058461783873,12.184874625593071,2550.903408625116,114.72
2436.0,2549.4556353362314,2554.497301559251,12.012010943941501,2558.490819294377,114.72
2439.0,2633.0859201648286,2637.6384200180737,13.848053523494222,2641.313740010134,114.72
2425.0,2988.6307547480747,2993.098638536674,13.807599113513849,2996.662932819552,114.72
4415.0,3874.138303040269,3879.183788543919,12.611440904136343,3883.125365559132,114.72
4408.0,4791.751990033984,4796.514121590607,12.420553431783585,4800.313071091269,114.72
4412.0,5332.194319737917,5337.322924960273,13.078429795425338,5341.180283625172,114.72
6432.0,5944.344670243555,5949.219310018034,13.590379880165278,5952.649523584923,114.72
6415.0,6328.388699559879,6333.037649667602,12.75090640077908,6336.76194996929,114.72
6420.0,6519.387460216323,6525.216708594205,10.106247315349762,6530.475598255626,114.72
6404.0,6678.796317472395,6683.310480812174,13.896923749224273,6686.848023993367,114.72
6417.0,7221.648261812107,7227.126458764885,10.742775898555788,7231.479922816089,114.72
