vehid,entry,mid,instspeed,exit,length
417.0,183.45247671720483,188.04245659074604,14.835511216848449,195.8266037706434,179.5
428.0,1300.2208156532304,1305.273919087928,11.374713601191491,1316.354996052934,179.5
436.0,1568.2257490309769,1572.2830563042262,14.07075916164669,1581.9767421327037,179.5
2432.0,1927.8405931460552,1932.4506111225517,13.073210155843666,1942.7555853144424,179.5
2414.0,2436.118026808513,2441.057634357414,12.502892565142773,2450.968198663777,179.5
2422.0,2524.0287972648557,2529.0448058447314,12.916012967971774,2538.068241608195,179.5
2443.0,3153.489192719632,3159.4043727265557,10.096261594551754,3171.098733477454,179.5
2487.0,3423.5623003887536,3429.011041186596,12.54022675427384,3438.442387458349,179.5
4415.0,3819.800076590496,3824.502006657478,12.745114758876351,3835.086457118141,179.5
4424.0,3963.47416449922,3969.2624707913296,10.550651275766203,3980.682275901468,179.5
4423.0,4413.52674871874,4418.5509173358305,11.84290348904164,4428.0845971737,179.5
4492.0,4415.778156530773,4420.498776030713,12.576105821651844,4429.831316506153,179.5
4411.0,4686.041865896637,4691.243584346638,10.9931178198974,4701.582548455059,179.5
4418.0,4720.572741979001,4726.21590187782,10.384907659619264,4773.598101110618,179.5
4437.0,4773.781321421242,4778.581633275378,13.251516718468134,4787.842887147534,179.5
4501.0,5149.342517693972,5154.305714299831,11.700581842975906,5163.894079844657,179.5
6438.0,5766.1469254201165,5771.191226695632,10.510688200636846,5781.50835745916,179.5
6493.0,5853.593398899276,5859.375541803789,10.59699586064007,5870.711687716226,179.5
6430.0,5855.5042795287545,5861.279506482683,9.960708992751103,5872.639932054697,179.5
6420.0,6500.512584781336,6506.1359910106485,10.886991003463562,6517.341616170166,179.5
6418.0,6666.010366120025,6670.265862149475,14.110429295660756,6678.936127995346,179.5
6474.0,7238.101208759861,7242.5670410379735,13.618820849502772,7252.6827197723715,179.5
