vehid,entry,mid,instspeed,exit,length
507.0,1630.6200316704433,1635.5176833131652,12.132062479133308,1640.8806603942571,112.93
495.0,1808.070874240128,1812.4904703468355,12.40471999754838,1848.2349641591097,112.93
2508.0,3063.6312537360577,3068.0645879903145,13.365650864787177,3072.964840913643,112.93
2515.0,3694.1255458452442,3699.1441356691175,12.021635244655803,3704.25562576611,112.93
4518.0,3876.203403872248,3881.3239432430314,10.976458243050768,3886.5001632089866,112.93
4777.0,4698.087690263605,4703.494102471639,10.470582903262615,4708.870196344913,112.93
4512.0,5313.513724949625,5318.150113285775,13.184345430389763,5322.75228787789,112.93
6495.0,6932.1405048298175,6936.340029971326,13.402196680647224,6941.249016719476,112.93
6514.0,7294.547272177058,7299.278526650795,11.625155851970627,7304.545032997063,112.93
