vehid,entry,mid,instspeed,exit,length
4056.0,3980.878751857076,3984.037170089343,11.05750922824147,3987.10190459536,76.63
4216.0,4248.521216224695,4251.215184530884,13.220489947329643,4253.840126377417,76.63
