vehid,entry,mid,instspeed,exit,length
78.0,1176.6521403632105,1187.0281059150127,11.73698026522695,1196.7223153216203,244.92
2091.0,3042.181512617478,3051.2301879044876,13.553967244627216,3060.3683820575584,244.92
