vehid,entry,mid,instspeed,exit,length
1271.0,970.0226228762433,982.14130009359,12.467018397412808,993.8381388466854,295.17
7595.0,6673.0,6685.252002636489,13.848154630712902,6695.551938478411,295.17
7268.0,6904.297600105878,6917.322596885942,11.814847884183125,6934.259732852551,295.17
