vehid,entry,mid,instspeed,exit,length
622.0,52.07999877371883,56.352235574387194,14.432650847580998,59.230587898102755,99.12
625.0,101.0,106.53369069157704,12.309352995944343,110.12635874053096,99.12
405.0,312.0,316.2450833864693,14.942035553356055,319.0635953041535,99.12
647.0,402.0,406.6378356501572,14.657609362286694,409.60620195146544,99.12
422.0,407.0,412.20051851451666,11.647829894789384,415.8035019955472,99.12
604.0,425.0,430.0360946344368,13.71711019769947,433.2685859194234,99.12
552.0,490.0,495.15167986280403,11.37844317125428,498.89708455637896,99.12
595.0,609.025641059687,613.1886225133475,13.038911008192635,616.3963144880412,99.12
554.0,905.0,909.4406922588167,16.61940485400818,912.1320795378601,99.12
561.0,1453.0,1459.0220354121197,10.07962311291114,1463.1796108527062,99.12
410.0,1460.0253827424044,1464.3165094170351,12.69696153066736,1467.7470928345747,99.12
580.0,1510.0,1515.1689527891272,11.356365581929463,1518.8643181693403,99.12
2557.0,2423.0,2429.0864267762963,9.351563811619833,2433.5539986264967,99.12
2640.0,2596.0,2601.418079961762,11.823214947421324,2604.88642643673,99.12
2573.0,2666.0,2671.0294697728195,11.694266096871537,2674.604990747655,99.12
2606.0,2833.096002977598,2837.5149953100076,11.750728602647422,2841.0083250802663,99.12
2575.0,3355.0,3360.2652701927427,11.799671496404807,3363.774325535067,99.12
2581.0,3612.0,3616.500785125558,14.983523468620044,3619.4344174754096,99.12
4593.0,4937.0,4942.019654345415,13.929433787484859,4945.174933589026,99.12
4598.0,5078.0,5083.31518148279,12.575811994824123,5086.956772472794,99.12
4442.0,5197.0,5202.025612236268,11.608241663768975,5205.6136922653,99.12
4554.0,5379.016764015754,5383.3569679549255,12.349055862757352,5386.860511544555,99.12
6596.0,5914.120975101478,5918.470043977438,13.237424370474363,5922.408058660546,99.12
6418.0,6005.01649385867,6009.475883982113,12.822390272281526,6012.84591812324,99.12
6601.0,6194.0,6199.053627163235,12.298080737124595,6202.591363035401,99.12
6614.0,6538.0,6542.328613229889,14.885634283185885,6545.261417704412,99.12
6616.0,6959.0,6964.5081209985665,11.218608270108302,6968.183367401228,99.12
6592.0,7061.0,7065.539207565908,14.035569246078836,7068.67137836979,99.12
6633.0,7137.0,7142.519747863748,11.843491757615878,7146.349557550315,99.12
