vehid,entry,mid,instspeed,exit,length
2068.0,2486.4350332353238,2489.36035736463,13.9845560938387,2492.20309302481,83.15
