vehid,entry,mid,instspeed,exit,length
214.0,388.499271369709,391.2315676664989,12.348217000196504,393.9412351821576,69.39
4207.0,4350.597393708519,4353.0092717781245,13.70096015447855,4355.678722897005,69.39
