vehid,entry,mid,instspeed,exit,length
1280.0,1444.6842219097864,1454.2955325763505,11.430506067759387,1463.5073255340421,217.32
3205.0,1894.2326577960275,1903.4990301761018,12.327770608947368,1912.2920456103575,217.32
3384.0,2392.0,2402.179129747627,11.270228341128322,2433.5081077259574,217.32
2040.0,3356.838291555852,3364.0655926009463,14.33847395726912,3372.803825365707,217.32
2097.0,3360.8422250735707,3369.2951390930843,12.29195967094519,3424.445516970992,217.32
5212.0,4416.3884815192,4425.498707017406,12.048441422932582,4434.352051740006,217.32
5218.0,5044.419626586541,5056.408846460176,9.627599216323642,5067.9703814640025,217.32
6038.0,5701.432728892963,5711.006706309287,11.576075462029058,5720.99908447698,217.32
