vehid,entry,mid,instspeed,exit,length
465.0,307.0,311.010625563649,11.48562751015319,315.68573147107804,94.2
551.0,1704.0,1707.5470190052145,13.65661148539717,1713.4409444022178,94.2
2537.0,2550.0,2553.3540320981274,14.293086371463756,2556.943681513833,94.2
4455.0,4438.0,4442.24934432058,10.08664935030492,4447.422384242629,94.2
6477.0,6972.0,6975.605811946051,13.59986089729955,6979.556780762063,94.2
6534.0,7011.0,7014.480792103922,14.198711545946631,7019.318949140155,94.2
