vehid,entry,mid,instspeed,exit,length
3839.0,2763.213303587729,2763.4612409664596,10.899498178371898,2763.7091783451897,9.4
3849.0,3295.889999814694,3296.1035848237257,12.325887239285873,3296.3228301368913,9.4
5843.0,5006.393414087514,5006.593341310086,13.516883659226863,5006.793268532658,9.4
7853.0,5739.767174379199,5740.0167137580775,11.420999508338479,5740.253329914645,9.4
