vehid,entry,mid,instspeed,exit,length
1484.0,363.8252591304363,368.49037382929345,10.90070560034591,374.36870399739115,105.03
1375.0,375.4621235332851,379.11975210969734,14.149149754899792,408.42024362926156,105.03
1367.0,920.4839246119517,924.0895864743353,14.214627941018348,948.2274005610019,105.03
1475.0,994.0417699362911,998.5225463197214,12.075899761489284,1003.8846066398607,105.03
1487.0,1803.7536137826899,1808.2451321017977,12.902777210266246,1813.6632339502012,105.03
3495.0,1983.8428692912305,1988.1107558381443,12.961506623727814,1992.970769981119,105.03
3382.0,2179.425293139177,2183.005730360464,14.306505031840443,2187.9279304792203,105.03
3482.0,3243.832881463529,3248.485154835976,12.890713461745712,3253.4097864638375,105.03
3494.0,3429.4148237464196,3434.065041772719,12.465443680192378,3468.528435809641,105.03
5483.0,4593.456764219657,4598.31639569942,10.347216506989314,4604.293267878336,105.03
7364.0,5902.014767461787,5906.481337042797,10.837815228033648,5910.988411087272,105.03
7471.0,6036.21003455914,6040.308077438676,13.318273404355327,6045.311498697063,105.03
