vehid,entry,mid,instspeed,exit,length
120.0,817.0,822.1316371894437,10.231602452185424,828.46434034373,116.11
4121.0,5045.0,5049.450736115948,11.86279301424784,5054.999318392971,116.11
6093.0,7207.0,7211.181363969668,12.982953674714484,7216.333974853368,116.11
