vehid,entry,mid,instspeed,exit,length
208.0,994.3685182760385,997.3113435209034,11.4099159552129,999.3521402785557,52.32
57.0,1711.2056187460507,1714.525252292003,10.57821777800787,1716.7585703685038,52.32
66.0,1981.6748416172854,1985.354877735871,10.804468444035228,1987.6971727881705,52.32
52.0,2071.4226236060704,2075.0302552795347,11.524106363650162,2076.9874429549945,52.32
2207.0,2190.3623912147204,2193.1452789213786,9.178841314395404,2195.8901966838066,52.32
2210.0,2341.255630741293,2344.472528018409,11.332343590613046,2346.6064573332687,52.32
2214.0,2978.119108366078,2980.364658843983,10.981802110023523,2982.615934093418,52.32
2064.0,3511.3910678824323,3515.107325429976,10.633207197498663,3517.287105902367,52.32
2212.0,3691.1831448298467,3694.465928585183,9.962280249336068,3696.474210120292,52.32
4072.0,4681.225850923411,4684.312523009836,10.903139337639615,4686.462435789897,52.32
4061.0,5131.2126347127605,5134.361595918242,10.952108845099486,5136.452509492196,52.32
4062.0,5221.533733908771,5225.17078945033,10.537808787596983,5227.412781533015,52.32
6206.0,6397.407087004415,6399.189360540096,13.685947185459517,6400.918066062879,52.32
6049.0,7111.455288764163,7115.117265367023,11.206907460012978,7117.187721765042,52.32
