vehid,entry,mid,instspeed,exit,length
2069.0,2431.5759109523615,2435.0241686562003,10.652594706071177,2437.260172995259,52.32
2208.0,3511.5701891310223,3515.028338917044,11.067629999031963,3516.996662041692,52.32
