vehid,entry,mid,instspeed,exit,length
479.0,867.6264340541535,872.0090670920073,10.6127122514568,876.2658853232664,99.04
208.0,1032.2215261032595,1036.1438037237126,12.671415281005205,1039.8809984123923,99.04
217.0,1493.420006454696,1496.4209968624305,16.002356213346307,1499.4209495970179,99.04
2478.0,2947.5415811530593,2952.2614025655016,10.54927763699964,2956.964954826026,99.04
2208.0,3546.52418662824,3550.0152570755695,13.763549468432675,3553.4594813246904,99.04
