vehid,entry,mid,instspeed,exit,length
884.0,191.1584185231044,197.53235942793972,13.029849351084783,201.9687583049585,137.18
900.0,1445.6539284372432,1452.4155595280488,11.42400349293676,1457.4303294300933,137.18
582.0,1625.386957519246,1631.098595522355,13.25193568856293,1635.4093916710801,137.18
4909.0,5225.546315869529,5231.595838224333,12.817480663071144,5236.051220940281,137.18
