vehid,entry,mid,instspeed,exit,length
1141.0,821.5541779331627,826.5566249475613,13.642515430968793,833.1511177044658,145.23
3142.0,2020.2434115253898,2026.241278825936,11.821463430896186,2032.316968911986,145.23
5130.0,4348.793980855668,4353.385912663119,15.197983642250298,4360.2297889894,145.23
5140.0,4981.141747363477,4986.356913599265,14.172464691900178,4992.7807844036815,145.23
7132.0,5605.903861868078,5612.3660004310195,11.160930415625726,5618.923411070821,145.23
7136.0,6041.308122478009,6046.444396884068,14.150453942662697,6052.896739907897,145.23
