vehid,entry,mid,instspeed,exit,length
343.0,408.66679483760555,413.10793946489866,12.072617798345233,417.3893057134519,109.96
591.0,499.09301071159433,503.4045058744499,14.417739445729804,507.1244561243489,109.96
352.0,607.9547751757727,612.3350033856091,12.257250725074073,616.659331146916,109.96
355.0,1311.4153180055905,1316.04751760487,11.303336314324996,1320.7375531980854,109.96
364.0,1313.2570216805673,1318.2464109546454,10.503457072240694,1323.2068554782343,109.96
360.0,1414.5256984588,1419.1366794118883,11.974083847075024,1423.9203485117487,109.96
339.0,1488.5146070318285,1493.0348276779232,12.036264961585756,1497.4853722790156,109.96
345.0,1687.615218013433,1692.0038092608468,12.719703038339546,1696.5030376768143,109.96
3315.0,2497.9500362317167,2502.020126028518,12.780764312394131,2506.169170847685,109.96
2339.0,2856.46976683495,2861.131691210609,11.547235556707646,2865.8121979440107,109.96
2352.0,2930.928098090715,2934.5155966872753,17.135598593503357,2937.6750899995104,109.96
4126.0,3952.77624195669,3958.0828016602686,9.541528615988708,3964.750502668015,109.96
5315.0,3967.1655500435877,3971.53325238998,12.44518973107912,4008.184827879572,109.96
4127.0,4385.787858812556,4390.254422269126,12.174767392679023,4394.851015562926,109.96
4344.0,4763.8950477146,4767.442586684149,14.117366127914,4773.087876185374,109.96
5314.0,5133.454036780552,5138.256174055978,13.001440875923553,5143.526712898783,109.96
4365.0,5179.061145852167,5183.334205657443,14.406243743114482,5187.008257150553,109.96
4341.0,5196.858365778414,5201.158378778577,11.693615935088953,5205.637057207589,109.96
4602.0,5543.13844155216,5547.408808964414,11.804304576378096,5552.0874193269365,109.96
4354.0,5545.153513851021,5549.233054073469,12.325735786220667,5554.789386070236,109.96
6334.0,6529.205443896949,6533.490769845798,14.399690809672238,6537.318088880473,109.96
6347.0,6548.1361968452975,6553.36126852007,10.710540062563638,6558.6900084028275,109.96
6338.0,6618.881161712927,6623.255159137679,12.798037782009736,6627.422962871849,109.96
6335.0,6635.81741091859,6640.397795327664,11.621609808800331,6645.0496882782545,109.96
6362.0,6815.989080895829,6820.521927014343,11.049541033597656,6825.088968448541,109.96
6124.0,6997.128206050435,7000.643191025996,15.286815042879399,7004.072128824502,109.96
6859.0,7338.770740516304,7343.09332883899,13.339404737387701,7347.203598929917,109.96
6340.0,7428.921163838902,7433.190371909595,13.836189598863681,7437.090624767066,109.96
