vehid,entry,mid,instspeed,exit,length
761.0,228.4310264561261,231.44910043048333,11.97604654848111,235.01638727368766,79.0
731.0,230.62922174740842,233.31506228702094,12.997726384046683,236.7654812511469,79.0
742.0,1128.158787208899,1131.0249438912622,12.068216482486623,1135.199442245824,79.0
4738.0,4097.796241545439,4100.374972758511,13.282269810559393,4104.0116831267605,79.0
6738.0,6978.315034579721,6981.181444820865,12.519144083302727,6985.0056105505555,79.0
