vehid,entry,mid,instspeed,exit,length
2466.0,2449.0,2452.4080411842438,14.383779110184541,2456.136366198728,94.2
2542.0,2833.0,2837.310514290336,10.848286961704506,2842.289744333201,94.2
2576.0,3130.0,3133.3676662621792,14.332617554217613,3138.0235803217242,94.2
2565.0,3444.0,3447.5366775553557,13.475189729929577,3451.3908960445806,94.2
4550.0,3851.0,3855.014264086019,12.024061191493224,3860.76609048869,94.2
4447.0,4175.0,4178.408552008143,13.934995356772736,4181.990173895875,94.2
4462.0,5052.0,5055.31398142606,15.196719212302241,5058.733132863886,94.2
4542.0,5119.0,5122.371870172483,13.918695102964845,5127.546044128157,94.2
4451.0,5393.0,5396.413421348428,13.79970877066638,5400.67074239194,94.2
