vehid,entry,mid,instspeed,exit,length
6110.0,6131.857365788944,6135.380217572828,13.19341336454734,6137.41830120197,77.13
