vehid,entry,mid,instspeed,exit,length
440.0,498.3171327598752,499.2812317705165,8.037571056154698,500.1859082176149,19.3
415.0,1128.2336220285124,1129.2076781964704,7.343914329558114,1130.1858557788153,19.3
2428.0,2946.5691237131423,2947.337331280032,7.91800468733679,2948.250687278434,19.3
4420.0,5268.227130254267,5269.162807725981,7.634775443217594,5270.139047066763,19.3
4434.0,5448.26958725985,5449.347054987812,7.659855349885483,5450.7896307609835,19.3
6404.0,6438.132755501921,6439.207880605658,6.5572700754455235,6440.299938603605,19.3
6429.0,6899.350019180094,6900.057659932636,7.195430825922923,6901.094696652407,19.3
6421.0,7077.368668636871,7078.153835605548,7.07776709648548,7079.1914892651,19.3
