vehid,entry,mid,instspeed,exit,length
155.0,190.0,194.01830061153203,14.398309712030969,198.66074513686993,116.11
143.0,1271.0,1276.0128456586456,11.02059570146707,1282.3295501695977,116.11
125.0,1539.0,1543.4660386386888,12.73452250228823,1548.6613983974912,116.11
2129.0,1985.0,1990.4117084642592,10.026924894742596,1997.2942100466696,116.11
4022.0,3969.0,3973.0559766226943,13.756841972139988,3978.080089900741,116.11
4129.0,4145.0,4149.181623416366,13.225864765186442,4154.263773744429,116.11
4025.0,4417.0,4421.5595284681585,12.03541672725396,4426.9711763659,116.11
6117.0,7297.0,7301.219336790717,13.183048952498703,7306.362790888266,116.11
