vehid,entry,mid,instspeed,exit,length
3755.0,1928.674860506546,1935.4266806908506,13.983297361099105,1938.5157665171585,135.0
5756.0,3944.601438062259,3951.526675484374,12.66376586510024,3955.9358617213766,135.0
5751.0,4023.994390372215,4031.299771809032,12.388750760810426,4034.8911524676196,135.0
