vehid,entry,mid,instspeed,exit,length
65.0,548.185178757402,551.4337599207961,13.179657649646863,554.6399367560657,89.5
69.0,998.8526314038342,1002.2852376230994,12.962657382108146,1005.7465996316243,89.5
217.0,1358.1751401063725,1361.3096093522345,13.443300830590006,1364.5695914613245,89.5
214.0,1827.1607429589208,1830.5298546938227,12.766285897374695,1833.8528758984996,89.5
2064.0,2348.968706977459,2352.313389526484,12.202929037035425,2355.666166418375,89.5
2071.0,3608.065506738202,3611.45359401541,12.202091911605818,3614.7403614007926,89.5
2067.0,3697.930989709564,3701.2383650922416,12.36945298434606,3704.547730132948,89.5
4052.0,5498.748149945615,5502.230422957484,12.459720201164856,5505.647773737462,89.5
