vehid,entry,mid,instspeed,exit,length
53.0,901.4326560727179,905.043756214776,10.66517546858957,907.1314160683337,52.32
2055.0,2161.674236351085,2165.09945409554,11.733090016857622,2167.2434255076937,52.32
2210.0,3421.4588224858817,3425.3162093526253,9.970418326135665,3427.4096050680137,52.32
4052.0,5491.211749473205,5495.083694790435,9.876250654145197,5497.246925180443,52.32
6208.0,7291.57349206557,7295.123548007707,9.958911017787981,7297.3230886890515,52.32
