vehid,entry,mid,instspeed,exit,length
208.0,318.47029695783846,321.0436650139015,8.615818468194094,323.5248759211554,50.36
218.0,1308.8361250462542,1311.138224227568,13.28879683550978,1312.777259145141,50.36
217.0,1382.3084696108176,1384.088498747575,13.922505118425367,1385.7186515727683,50.36
2211.0,2581.1084709617335,2583.1212705253824,11.449339366028788,2585.1167489100985,50.36
4217.0,4000.480792388824,4002.4510013298896,12.09577593243078,4004.3088903085013,50.36
4218.0,5494.244184386531,5496.471509431968,11.03572602657403,5498.51795314178,50.36
