vehid,entry,mid,instspeed,exit,length
459.0,423.3998293849297,426.1799658120489,13.039698882106174,429.03354294379074,75.55
432.0,568.3160323091599,571.0899804678279,12.515689100943714,573.9709733224113,75.55
411.0,1388.510408993088,1391.2930899060595,14.987406278096213,1393.6793983259665,75.55
2445.0,2314.370807071731,2317.381749069331,11.854634102388443,2320.238578115097,75.55
2062.0,2657.469395364541,2660.155942496288,12.597358849711787,2662.912023337573,75.55
4056.0,4282.317149772272,4285.265123064815,12.223242729541639,4288.333290050658,75.55
4062.0,4363.735223897113,4366.306724801484,14.040102126676663,4368.839055588385,75.55
6048.0,6973.83716329364,6976.466047476479,13.9818838448469,6979.069146890873,75.55
