vehid,entry,mid,instspeed,exit,length
1641.0,1309.0,1314.0837414485616,14.17521998602958,1318.8900946750043,112.45
5652.0,4551.0,4556.16473973103,13.030168418589595,4593.343445738047,112.45
5668.0,5092.038317296969,5096.2684047925395,12.248568459111445,5102.1244192925515,112.45
7652.0,5719.0,5724.168577746838,11.872284326135457,5729.799406376369,112.45
7643.0,5899.0,5904.489875812306,11.631882931683279,5910.156949041011,112.45
7641.0,6979.0,6984.039421333369,13.014498073255794,6989.4673892759165,112.45
