vehid,entry,mid,instspeed,exit,length
458.0,554.0770224211905,555.3527619912071,10.565767021389014,556.5555279416479,30.92
457.0,679.0,681.0663370774562,12.022738613425478,682.1073666029645,30.92
2217.0,2305.2180741243883,2306.226795548701,13.210594846752787,2307.1904559482305,30.92
4459.0,4357.0,4359.00404186636,11.261311385526326,4360.120482436349,30.92
4463.0,4674.144494292423,4675.3265143639555,11.291484109991508,4676.435669454995,30.92
