vehid,entry,mid,instspeed,exit,length
94,467.2558022368994,474.65946404971095,5.0,452.01825194038946,189.51
98,831.0235501411925,840.1755604687489,11.917278683943753,847.8159572011517,189.51
89,1459.0221567026651,1467.34669955587,12.649271451165214,1474.8788561134993,189.51
2107,2365.9280587248923,2373.413955488714,14.895507161297035,2380.537388917201,189.51
2080,3528.24816912607,3536.5518257682543,5.0,3513.7921898843965,189.51
2078,3622.4341595236556,3632.1344963681227,11.200663746013335,3648.293451666172,189.51
2099,3711.9616176050745,3721.3933940321053,10.795188294467808,3729.6273262478844,189.51
6090,5763.4840757476495,5772.504027760838,12.498464105235993,5779.735866768412,189.51
