vehid,entry,mid,instspeed,exit,length
453,913.5123589485163,915.2528321551323,12.785234590295532,917.6109254273516,45.93
4455,4324.194809043613,4326.2567852345765,11.1227955458305,4328.859162211837,45.93
6454,5695.468908676191,5697.402924881158,5.0,5669.810998658785,45.93
