vehid,entry,mid,instspeed,exit,length
536,245.56363076205085,251.4573937005685,12.178272659571487,267.0,155.68
454,496.01243490161323,501.5855955856795,12.702134346323078,516.0,155.68
547,1124.9793892788534,1131.5453952755704,11.088061913193437,1146.0,155.68
2534,2111.0593257735595,2116.4171637400727,14.481010892756107,2130.0,155.68
2523,3471.7655929331054,3478.163444360932,12.08234611389715,3494.0,155.68
4528,4370.266594178549,4376.482275116142,11.398300124297208,4391.0,155.68
4447,4933.436475882867,4940.469707647771,5.0,4923.243560072506,155.68
6541,6533.390017238696,6539.511337627219,12.14664195382532,6556.0,155.68
6530,6685.62922877893,6693.115604773297,5.0,6671.789662048823,155.68
