vehid,entry,mid,instspeed,exit,length
4206,4265.744077323187,4269.200517475148,14.485301019534816,4272.583766863628,99.04
6211,5723.4130671888615,5726.4714514800135,15.306511644525497,5729.53425915817,99.04
6212,6346.090772587202,6350.086319366613,5.0,6324.166521926175,99.04
