vehid,entry,mid,instspeed,exit,length
216,1108.6280394856758,1111.3724938243665,11.081163041719343,1114.1505963077866,69.39
56,1737.6592858472413,1740.318344796069,12.134175965801901,1742.9248646105475,69.39
2075,2365.7676816528256,2368.248436865052,5.0,2340.6158836676796,69.39
2216,3465.100300658038,3467.583018157832,13.112989655424172,3470.9995598252176,69.39
2071,3719.4784151401236,3722.3038292688316,11.129438523792393,3725.050383956595,69.39
4210,4449.7264545324015,4453.01220109541,9.679125633091598,4456.9546355678085,69.39
4207,4890.0348038173215,4893.044818544386,10.640835446995789,4895.975494583038,69.39
6062,7049.455511186325,7052.427806974952,10.66743433554797,7055.311279696837,69.39
6072,7226.139429583779,7228.543705862819,5.0,7200.908363919979,69.39
