vehid,entry,mid,instspeed,exit,length
1335,564.7263028025596,573.3272663399264,12.108457802775975,587.0411604541199,250.54
3199,2695.841825856147,2704.261636695661,5.0,2685.616510425291,250.54
3271,2833.91089883897,2842.280194350307,13.160639973048184,2854.9248372581224,250.54
5268,4006.6882368544125,4015.473478115943,11.438621018872382,4028.737881008703,250.54
5280,4075.577075746615,4084.283458148327,11.625675898570938,4097.472127859218,250.54
5271,4489.518956957535,4497.278556689458,14.029513426505467,4507.592563949777,250.54
5201,5179.646857343642,5187.285963980317,14.34431166702657,5198.519865420529,250.54
