vehid,entry,mid,instspeed,exit,length
112,142.72887262464732,145.24733682250616,13.645082342216527,148.70417678988443,75.08
2116,2477.74132274983,2481.0116123336034,13.070020381319562,2484.91071684169,75.08
2112,2838.366038846423,2842.04037740574,14.708687676804644,2845.6841794641314,75.08
2111,3557.7262454929664,3561.2266883807097,5.0,3534.964212067356,75.08
