vehid,entry,mid,instspeed,exit,length
7756,5437.527668217346,5445.2630876849225,11.013648916442566,5448.953961835967,135.0
