vehid,entry,mid,instspeed,exit,length
70,872.9779981058665,875.0958035881276,12.807027622719144,878.0325613696181,61.08
6211,6016.2913261349695,6018.524240190509,12.488583913526355,6021.653500266212,61.08
