vehid,entry,mid,instspeed,exit,length
209,943.9632041991238,947.2437975113897,5.0,920.4364689103703,76.63
2208,2556.096618187403,2559.42509197923,10.356507983355199,2562.775029899273,76.63
2207,3107.635779062359,3111.409053921254,9.824922562263122,3114.8854649372374,76.63
4204,4164.25015040985,4167.043236351273,13.09197146138034,4169.803686666678,76.63
6068,7226.803341133664,7231.0411176873495,8.380237467948275,7235.230212515784,76.63
