vehid,entry,mid,instspeed,exit,length
50,1559.4480805469634,1562.2221882943747,11.04313258892928,1565.0159284841195,69.39
51,2005.6200410909212,2008.049914633704,12.86296529506584,2010.4283045129098,69.39
2050,3628.420851042742,3631.1553418179105,11.421933345458218,3633.8600133582495,69.39
4214,4177.111663545119,4180.185007346686,5.0,4153.744869962525,69.39
6062,6236.74891619483,6239.167017130428,12.999072357131451,6241.59599203955,69.39
