vehid,entry,mid,instspeed,exit,length
82,559.3447908064043,568.0049159073319,12.7448631757103,576.3152440717781,189.51
104,1101.3906997891006,1110.2274841940057,11.770259593220604,1128.3188013742845,189.51
84,1443.7814400068962,1452.2041121670704,14.144428231376638,1458.7899673782406,189.51
88,1624.071550593209,1633.1405311158576,5.0,1611.003886524445,189.51
2087,2189.261646145028,2196.456305634541,14.21910692522376,2202.8677558034656,189.51
4078,3800.195810679892,3809.367118877211,11.353529020638396,3816.979146516345,189.51
4095,5059.865437722224,5069.018058913902,11.399022791339732,5076.857811328318,189.51
4093,5154.536030982246,5166.143764599644,9.420941065697104,5175.210425515798,189.51
6100,7039.168309636539,7048.302075504381,5.0,7025.856021820195,189.51
