vehid,entry,mid,instspeed,exit,length
3307,2273.3443806093255,2276.260857271827,12.331886353840103,2281.243585096659,93.12
2152,3378.3436651363704,3381.3851177245515,5.0,3356.0100723033615,93.12
4132,4641.274951520759,4644.431357679452,12.133293841397615,4649.679702680211,93.12
4134,5180.911362062533,5184.086347211369,10.760554082901244,5189.951005462649,93.12
