vehid,entry,mid,instspeed,exit,length
2089,2660.9706418391743,2669.0052183348103,11.013827997972346,2679.7156107816722,206.08
3279,3004.642816563801,3012.2931564343426,11.29175579053279,3022.544935163852,206.08
2085,3288.313751499752,3295.2610708632383,12.360834835170056,3304.9286745657214,206.08
2092,3481.790435151646,3491.091233000232,9.32837357864097,3503.226538020977,206.08
4076,4262.672392171912,4269.514642125265,13.860404618434705,4277.842664530751,206.08
7269,5649.934469661842,5657.157218085522,5.0,5636.8851384151185,206.08
7272,6633.671513845493,6640.348891235971,13.015458577531795,6648.747051654844,206.08
7267,6727.695746862366,6735.061730308658,5.0,6714.707769878238,206.08
6075,7248.821753371153,7256.539935664173,12.144282997688862,7266.825063331868,206.08
