vehid,entry,mid,instspeed,exit,length
2215,2298.0506395080006,2303.176761333101,5.0,2278.588151990349,119.21
2210,2928.268880187592,2933.552048313186,11.489133441248207,2939.4916388267993,119.21
6212,6798.214886207241,6803.117252725133,14.934434617295423,6807.864135842554,119.21
6208,7068.026339462839,7073.299628452487,12.316556538005962,7078.803155247181,119.21
