vehid,entry,mid,instspeed,exit,length
300,138.8497511231418,143.26131581618495,11.45634988602577,148.53751080557794,118.17
348,233.77875147142584,237.51974658412206,13.676198092624428,242.0268801256109,118.17
330,235.95130449316125,240.06647776909443,11.954311313965132,245.20469106379218,118.17
337,517.3257106366814,521.2392288126209,13.30398838245689,525.9823272178899,118.17
322,768.6668110052982,773.1427688436829,12.525479744288146,778.051149954917,118.17
346,775.7139245303935,780.396591221581,11.316148803271492,785.833504662942,118.17
2343,2058.673652509002,2063.175563616183,11.892271885159493,2069.640545806861,118.17
2348,2322.115838942659,2325.577608838389,15.33245728888123,2329.8102526732337,118.17
2313,2509.490173587692,2513.486865530712,5.0,2489.30888485477,118.17
2320,2576.7714536780372,2581.166968477686,5.0,2556.3779033203723,118.17
2342,2594.615170409042,2599.149037685021,11.052014466447192,2605.5064467156126,118.17
2316,2930.760084181248,2935.2277705568454,11.899280504472067,2940.3877670874303,118.17
2303,2932.7089600006307,2937.053554569475,12.78354771667302,2942.3001397707376,118.17
2356,3111.068778319561,3115.389394380036,12.930068085927429,3120.4203568411626,118.17
2323,3322.9775227533237,3327.0676866950353,12.528893789533345,3332.892721695759,118.17
2305,3582.827454759149,3587.034445694636,5.0,3562.1067150610243,118.17
4350,3831.0616766725866,3835.0062004194087,13.118664727498103,3839.436207818324,118.17
4362,4188.896687093749,4193.520467387307,5.0,4168.716371562795,118.17
4279,4558.57291828138,4563.219806521095,5.0,4539.06311262156,118.17
4294,4729.0803865932085,4734.187058238578,10.016488586368203,4740.350652520482,118.17
4276,4731.2528405022495,4736.207027619433,10.013574747471006,4742.364527129936,118.17
6349,5538.464533099496,5542.611355900868,14.190534269454414,5547.130952615942,118.17
6269,5645.332979724761,5650.00938985231,11.206977219171069,5655.7357242946155,118.17
6324,5898.890009156341,5903.401336423488,12.182664495141298,5908.501455984736,118.17
6360,6173.191716076578,6177.460626060443,11.717622620350609,6182.668978231933,118.17
6326,6258.39292180421,6262.6507550760425,15.001503007135481,6266.660016685658,118.17
6357,7078.53221497361,7082.554634408572,13.094985495412972,7087.425023903577,118.17
