vehid,entry,mid,instspeed,exit,length
215,721.5108858264202,725.0539689188204,11.051980967495712,727.0574269518771,52.32
56,1891.5572194733227,1895.2634216817596,9.840162475593935,1897.4214416593284,52.32
2221,2881.467670261211,2885.0510627686067,11.40917443776205,2887.001343659425,52.32
6058,6571.233505655719,6574.4877730249445,5.0,6546.414460724062,52.32
6065,7201.462510889757,7205.004429587366,11.170525009788568,7207.0700575904475,52.32
