vehid,entry,mid,instspeed,exit,length
454,1681.0,1684.1599431535017,16.334215386020876,1687.446903164233,94.2
4538,4293.0,4296.409336881903,14.483763802654334,4300.165512954077,94.2
6641,5493.0,5496.391570149694,5.0,5469.966911034496,94.2
