vehid,entry,mid,instspeed,exit,length
4115,4425.906493810253,4429.411915060671,13.487435155393008,4431.440899794188,77.13
