vehid,entry,mid,instspeed,exit,length
59,1625.8537646131094,1629.4589343074492,12.644158215463753,1634.785143927223,116.11
2004,3074.348753408872,3078.028228056829,12.235258661621119,3083.6384214107256,116.11
4034,4325.67301623128,4329.210711584507,13.002106732623355,4334.362959569315,116.11
4044,5225.806258687724,5229.474884034983,5.0,5204.899874836058,116.11
