vehid,entry,mid,instspeed,exit,length
569,560.8897633685566,569.1758913252216,12.500716262217473,576.7170477031885,193.06
845,1222.269783749299,1230.5971243420297,13.545822380245502,1255.7606685881085,193.06
4624,4145.257487318264,4153.500124271442,13.379686046329217,4159.770473508219,193.06
4849,5184.570833053765,5193.216356971193,12.100138256760358,5224.296893916253,193.06
6823,5813.367915308277,5821.288398708614,5.0,5797.287819811306,193.06
6578,7114.901533148831,7123.266488013539,13.661860812942225,7130.645596609666,193.06
