vehid,entry,mid,instspeed,exit,length
3259,2190.0,2196.222169654727,5.0,2172.9469580423693,134.68
3230,2746.0,2751.421492989844,13.560604883681357,2757.781856164967,134.68
5232,3868.0,3874.3522773495006,10.953761749933847,3880.427223843485,134.68
5238,5393.0,5399.486750200677,10.606003232215853,5405.522614166566,134.68
7308,5438.0,5443.280950180104,13.30492532794124,5449.570554454628,134.68
7245,5950.0,5956.220343399826,12.081387803882656,5962.13994386643,134.68
