vehid,entry,mid,instspeed,exit,length
53,1113.539411118098,1115.342448588943,13.207380273859394,1117.0279257971863,50.36
216,1478.5929361951698,1480.4245704732248,5.0,1452.1039401961623,50.36
215,1984.087830142122,1986.331459376427,10.046174411766877,1988.4765672069736,50.36
2052,3513.731091590135,3516.0122923855797,10.458477960588361,3518.1293769353174,50.36
6204,7145.853824136379,7147.603063803447,13.303530343682395,7149.2788681430175,50.36
