vehid,entry,mid,instspeed,exit,length
194,35.69598703779068,38.5271554037114,14.453067010824764,44.80816259146732,119.23
31,136.78177425802477,140.02886073647562,13.107639840456569,146.7264518876215,119.23
206,581.6579898254529,585.3412987852939,11.956495637875202,592.7198591805115,119.23
46,1020.7620606799607,1024.477898056307,11.584859286194648,1031.8301057225551,119.23
241,1267.3150589341406,1271.478803997834,5.0,1248.2843044237336,119.23
242,1294.067205137486,1297.3182295995437,13.484720013597453,1303.916705400251,119.23
6190,6936.375942383364,6940.03136356332,12.342686471519865,6946.179271052189,119.23
