vehid,entry,mid,instspeed,exit,length
618,97.59165143787125,103.51827214708815,12.470906730221046,107.9017932689682,137.18
594,817.8125974927949,824.1306208158226,12.143226384432541,828.8392215861791,137.18
880,820.2527486007024,826.2158056466366,5.0,800.7022813126439,137.18
867,1297.174104091451,1303.1532902795661,12.258835746643285,1308.448249486576,137.18
4678,5046.160501860813,5052.460149965898,12.481527356541374,5057.312656375555,137.18
6625,5767.658866374089,5773.085786484899,12.787781711361486,5777.5084833193405,137.18
