vehid,entry,mid,instspeed,exit,length
461,78.0,79.32913057287129,12.066269018891774,80.11353004303511,23.02
4215,4461.757341093597,4462.433248244623,12.980998502599633,4463.140792860341,23.02
6458,6313.568644233698,6314.23437065081,12.586289117053576,6314.981122219867,23.02
6205,6351.714127364007,6352.382438718965,5.0,6323.103640590047,23.02
