vehid,entry,mid,instspeed,exit,length
539,291.0,294.376338278889,14.763506969792033,297.9206774466497,94.2
455,1058.0,1062.0570317899778,11.603561337268754,1067.7768860595966,94.2
2465,3213.0,3217.2424712722363,5.0,3192.2785413910483,94.2
6453,6009.0,6012.177824154524,15.70568715472781,6016.812917873225,94.2
6461,6062.0,6065.473570952506,14.282210060889694,6069.202268433299,94.2
6581,6211.0,6214.59957863218,13.096605705963208,6218.511591638884,94.2
