vehid,entry,mid,instspeed,exit,length
6440,5851.3477970254335,5855.196723818524,10.408527205591996,5857.958486493635,61.16
