vehid,entry,mid,instspeed,exit,length
523,1671.8184274548341,1678.088675546641,11.720449297952808,1692.0,155.68
449,1758.2059673000526,1764.1187002439476,12.30644405004082,1780.0,155.68
518,1830.0232386909067,1836.223889910347,11.599874986608574,1849.0,155.68
2456,2007.998939094598,2014.264998013098,11.585999489958423,2028.0,155.68
2450,3110.9555747474565,3117.240675817362,11.005369221476458,3131.0,155.68
4453,5178.226767442669,5184.0607811900945,12.94209257335142,5198.0,155.68
4535,5275.158747734294,5281.119651951004,5.0,5266.0,155.68
6528,5642.1580982248015,5649.3156362583395,5.0,5635.0,155.68
