vehid,entry,mid,instspeed,exit,length
527,1417.561559738698,1422.5044659642672,14.634483831003147,1439.0,155.68
6544,6411.657988600843,6417.359047913134,12.715227465316229,6423.899673759884,155.68
