vehid,entry,mid,instspeed,exit,length
737,1340.0,1341.1824469491803,10.605665772858595,1341.6059817405562,14.57
3841,2211.0,2212.419911489861,11.080586187523597,2212.825293331985,14.57
3836,2664.0,2665.0343973710915,13.426041220349202,2665.3689612508524,14.57
3011,2738.0,2739.431867297571,5.0,2709.908004324658,14.57
3410,2932.031052665505,2932.5073703494627,5.0,2902.945142121519,14.57
3029,3099.5406527574632,3100.063499742855,9.97807573002184,3100.513673560137,14.57
3566,3203.0090556452137,3203.454511484397,10.971634286762338,3203.863918900203,14.57
3038,3462.053256470133,3462.515052228569,10.583420200663396,3462.939477258979,14.57
3419,3540.8000502423224,3541.1555740650574,13.33359152213165,3541.4924576746275,14.57
5797,3925.0,3926.204347867336,13.057062015104199,3926.5483661798257,14.57
5827,4733.6332279592525,4734.006406752383,13.78496843903234,4734.332259398356,14.57
4746,5436.8810642554445,5437.277585123343,5.0,5407.633611802092,14.57
5398,5551.866659156586,5552.397526508731,9.246452168951594,5552.88332023355,14.57
7823,5634.0,5635.150495804041,13.149571382787844,5635.492093891899,14.57
7837,6437.0815087713145,6437.401050554724,15.29495925780829,6437.694733484165,14.57
