vehid,entry,mid,instspeed,exit,length
742.0,74.8684621569567,77.39776338406017,12.664404665280545,79.93562054223779,71.43
762.0,440.35653666775636,443.2399663467915,11.506122475034049,446.9812308258479,71.43
756.0,706.8546620038896,709.4918713479734,12.741648186815475,713.573008942341,71.43
2738.0,2589.934377050951,2592.507011091606,13.54152842470917,2595.0544237840263,71.43
4734.0,3923.3104019100138,3926.4304524024064,13.952480688680248,3928.855282652562,71.43
4532.0,4773.58503693836,4776.566936210931,13.363688467059747,4779.095038926133,71.43
4762.0,5187.588700551579,5190.000301143601,15.87722566229875,5192.187106846959,71.43
