vehid,entry,mid,instspeed,exit,length
4206.0,3878.098798310341,3881.433509110954,12.971108103044683,3884.78346362587,89.5
4213.0,4063.2128769516344,4066.4679352436674,12.949463864692314,4069.7816697713233,89.5
4065.0,5228.058890971713,5231.212815630213,14.121559000604076,5234.209689023907,89.5
4048.0,5318.266458926295,5321.409445828009,13.659462706980523,5324.723874276496,89.5
