vehid,entry,mid,instspeed,exit,length
1245.0,1548.1718444607993,1557.0181103024215,13.35671413402926,1564.5290076620433,216.85
7258.0,7223.0,7233.326362994964,11.579444688445271,7241.420980942037,216.85
