vehid,entry,mid,instspeed,exit,length
812.0,1745.7333780124216,1754.023263779428,13.142181823466897,1761.9194618664935,206.14
2792.0,2006.7378861090488,2015.154181593515,13.203528027492062,2022.7888688788491,206.14
2812.0,2576.5301606393596,2585.4149959026768,12.364301317626754,2593.150114180913,206.14
2801.0,3318.1362056303415,3327.156504765035,12.039850677263576,3335.020464340805,206.14
4806.0,5380.967395692007,5389.6136138117445,13.381405226191621,5397.486082746839,206.14
