vehid,entry,mid,instspeed,exit,length
6948,6446.692283167274,6447.001420526281,9.505442394044538,6447.156017880565,8.94
