vehid,entry,mid,instspeed,exit,length
196,216.2005030035001,219.24315617928218,12.538034935649705,224.07303523312058,97.45
204,1657.1455126275405,1660.3721932921,13.247840316251068,1665.1899453316091,97.45
