vehid,entry,mid,instspeed,exit,length
4547,4069.972329282843,4075.2409295560965,14.116274826969143,4080.74902531046,155.68
6524,6922.121170333914,6926.673105170782,16.223281043796685,6931.524143392993,155.68
