vehid,entry,mid,instspeed,exit,length
526,109.35745925960497,110.2810252971638,12.265977122221257,111.21895890562129,27.18
4537,4909.182816022092,4910.248112660049,10.979119458750766,4911.292816158252,27.18
