vehid,entry,mid,instspeed,exit,length
1198,462.0,467.3815764509321,13.194892299038534,473.7381318780948,134.68
1205,1136.0,1142.2427540146482,5.0,1119.2633069330002,134.68
3237,3502.0,3507.4762444150506,13.911517587200997,3513.693154154072,134.68
5270,4186.0,4193.143984142104,9.730115512213523,4212.469372397729,134.68
