vehid,entry,mid,instspeed,exit,length
1809,140.77943094877864,141.0195724960771,9.795478682336947,141.2104914064134,7.74
1823,221.79805604054673,222.03130617572836,9.37128579237059,222.2308670639233,7.74
1867,231.85087077332037,232.05431107347343,10.595116183852305,232.2308208996804,7.74
1842,438.82074520750865,439.0315452802756,10.474273350682541,439.2100915195842,7.74
1864,1226.8316469219071,1227.054216912082,9.47264901112743,1227.2516423750183,7.74
1836,1466.7827396071136,1467.0214173990169,9.656728827540299,1467.2150794713039,7.74
1821,1478.8258790225632,1479.0611921094087,9.209583817229625,1479.2642568898993,7.74
3856,2000.798730832636,2001.016883483335,5.0,1971.1949803048778,7.74
3855,2863.794428007669,2864.0245602258697,9.806869050975134,2864.215257389922,7.74
3830,2935.8353238527066,2936.0509153678995,10.29758453859812,2936.232525153111,7.74
3844,3192.73472848059,3193.038481947388,8.193909801182917,3193.266717571361,7.74
5843,4610.83487562097,4611.050705001622,5.0,4581.228231550375,7.74
5855,4817.8428763267775,4818.05656030302,5.0,4788.234183283109,7.74
5815,4971.81612855722,4972.029451076876,10.037892568797142,4972.215759318715,7.74
7845,6163.69307624604,6164.004179081499,7.438755123276516,6164.255584334833,7.74
7857,6441.809358257755,6442.026179200145,9.963349860424998,6442.213881342743,7.74
7839,6522.842387074179,6523.046966295162,10.633058479160807,6523.222846275501,7.74
7859,6860.8377049163,6861.0484012274455,9.880585891532593,6861.237675642626,7.74
7862,6891.824056217929,6892.060576750107,5.0,6862.264966379409,7.74
7817,6917.841618991302,6918.049787781386,10.87809183175764,6918.221705995093,7.74
