vehid,entry,mid,instspeed,exit,length
1129,242.07464333585162,251.57978311576858,12.207106249913641,260.73228392121433,224.19
3643,2658.007026278932,2667.2933587403145,11.971604816092535,2678.126470234907,224.19
3686,2859.6874074885623,2869.038397712545,5.0,2849.43144862309,224.19
3684,2930.3451546483766,2940.498690446679,10.363630245133223,2951.836367746836,224.19
5119,4661.5779135231105,4670.152917544059,13.987345281030143,4678.244294928138,224.19
7676,5796.220244751616,5805.552811567097,11.417300724459347,5816.378424500558,224.19
7134,5972.445894147096,5982.163320884073,11.266934810061642,6021.482163684048,224.19
7649,6806.41183548827,6815.265148037957,5.0,6795.950217316192,224.19
7656,7145.790345558807,7153.406198533038,14.766944488264409,7162.459435720859,224.19
