vehid,entry,mid,instspeed,exit,length
464,321.8017364902751,322.4481359626867,13.76719220838481,323.1276879717967,23.02
2465,2231.8715820593575,2232.452497874784,14.946130117421628,2233.0846897672163,23.02
2470,2888.0,2889.317546492867,11.291553325894304,2890.150442407466,23.02
4218,3831.6474200538632,3832.3701358648113,11.645352309487588,3833.17590251238,23.02
4465,4463.191518887428,4464.020455885114,12.592280992905401,4464.766852121987,23.02
4459,5465.270473069834,5466.259289112482,5.0,5437.149149465675,23.02
6456,6445.20472454903,6446.249917107227,5.0,6417.1945349295975,23.02
6455,6688.762795918135,6689.454630607957,11.831431231020998,6690.250656038368,23.02
6453,7073.27578986174,7074.227571683129,10.006155692487342,7075.13489398153,23.02
