vehid,entry,mid,instspeed,exit,length
37.0,318.90030796602025,320.0500876691581,11.832421206356972,320.9711504687199,25.8
2024.0,2301.2453727619213,2302.317475805131,11.740743238689868,2303.2415481043345,25.8
2045.0,2306.3624835714068,2307.1597194035644,12.950035332623937,2308.001314421741,25.8
4038.0,4098.905552730919,4100.10368043914,11.421369052967439,4101.06213639244,25.8
