vehid,entry,mid,instspeed,exit,length
83.0,290.92900417527756,299.50544236607743,12.741340012022825,318.4697412774879,189.51
82.0,1623.8742449561692,1632.0362997726284,14.174872819055684,1638.692229381745,189.51
2087.0,2550.501591355056,2559.4671461193802,12.165957460858627,2565.973330912774,189.51
2079.0,2992.5424281083656,3001.3202305289865,12.402013767562106,3008.656810850252,189.51
2086.0,3350.753270368219,3360.0375060710917,10.807227802954813,3367.968077614733,189.51
4111.0,3800.257605586429,3808.53153275274,12.916457555581598,3828.3477409425145,189.51
6104.0,5946.12064819936,5955.006505092179,11.830330584331849,5988.337095943002,189.51
