vehid,entry,mid,instspeed,exit,length
453.0,1816.468674953069,1818.3849800497746,13.84621167437636,1819.4228340773204,46.79
4456.0,3746.167526550793,3748.4971254155257,11.061196547258787,3750.621118593303,46.79
4453.0,4428.17485712956,4430.253596857492,12.901178756685237,4431.418749290132,46.79
4449.0,4430.2169474195525,4432.357543453032,12.415487720561003,4433.543550893283,46.79
4450.0,5355.986518839121,5358.018663882185,9.718916967050202,5359.993375914977,46.79
6446.0,6949.538149936534,6952.026212292081,11.510567951102665,6953.303213325637,46.79
