vehid,entry,mid,instspeed,exit,length
4072.0,3969.036026602983,3973.123708815781,10.836955455350752,3977.18150118006,89.5
4052.0,4237.991803167305,4241.532535461185,12.172769028513391,4244.91779526819,89.5
4218.0,5053.6602176221195,5057.385386326576,12.072113025213106,5061.035383094083,89.5
4061.0,5498.031696805141,5501.2619362720725,13.95456771042065,5504.412362522493,89.5
6210.0,5948.432194370273,5952.083696731683,11.663462303314661,5955.704414409811,89.5
6215.0,6768.143460555112,6771.442925210776,12.661181058469662,6774.799109305945,89.5
