vehid,entry,mid,instspeed,exit,length
1273.0,364.51947748279593,371.4604405385191,11.825616589148625,379.94455579021513,179.92
1408.0,516.1635201044061,521.6067071930456,15.225614599518774,529.6072103808754,179.92
2103.0,2718.7634122967243,2724.608108030423,14.092052689273457,2732.1623545006223,179.92
5269.0,3876.671016744964,3883.4167976357508,12.441920046946507,3891.848720517585,179.92
6099.0,6610.11056955582,6617.3493313181425,11.196780559136556,6626.224488829523,179.92
7286.0,7148.090105925358,7153.552955956712,15.288637124748346,7160.904059961707,179.92
