vehid,entry,mid,instspeed,exit,length
1551.0,1840.0,1851.4060105135554,11.052960207680504,1860.7308527978014,216.85
2069.0,3800.462941450016,3809.465860902393,12.569622009641607,3817.2774513153463,216.85
5561.0,5057.366317219644,5065.508835561997,13.970707625630716,5072.539564888986,216.85
7236.0,5967.0,5976.284796531439,12.581328162368475,5983.734046957227,216.85
