vehid,entry,mid,instspeed,exit,length
1044,132.18221122693114,137.01393855465284,11.581841456237935,141.70281553512476,117.49
1047,1659.2930308588827,1664.049943455725,12.748670533370985,1668.5754832150121,117.49
3037,2108.723866436063,2113.3098271934796,5.0,2087.667976203984,117.49
3041,2573.8356043141534,2578.3731280372804,5.0,2552.708900581207,117.49
2669,2919.0,2924.0127930541325,13.892069838157665,2928.0273093434716,117.49
5045,4027.370460734895,4033.1041566079152,10.443299098006737,4038.4567184564758,117.49
7045,7187.892279308612,7193.346487609251,11.61493661188058,7199.016471861249,117.49
7041,7189.711746883325,7195.108100192935,11.0867482620351,7203.241946233951,117.49
