vehid,entry,mid,instspeed,exit,length
413,873.4581655243306,874.1707320455864,7.314855682469104,875.1748417069564,19.3
2425,2028.1839362025798,2029.1780007477605,6.790000600643375,2030.2327262527883,19.3
2404,2040.4360127753139,2041.2453790130223,5.0,2012.239249421961,19.3
2410,2208.2094013361448,2209.177496450173,6.79309897940042,2210.2474420000153,19.3
4418,4908.26409241849,4909.234392507879,6.889931395381994,4910.2855702448915,19.3
4411,4910.44141111008,4911.376331712432,8.61370904183432,4912.232208893121,19.3
6413,6798.312968940061,6799.3343859852985,7.581425600331987,6800.69334259818,19.3
