vehid,entry,mid,instspeed,exit,length
459,1128.10741704967,1129.0677461504565,7.129118171004802,1130.0002669254238,19.3
2460,2568.2969576877144,2569.2543270308083,5.0,2540.483751221295,19.3
2210,2838.251242187066,2839.2024363647215,7.153454004172299,2840.1088045461065,19.3
2205,2928.074411140522,2929.0758270198653,6.7910511362695685,2930.045709309604,19.3
4468,4820.924277052056,4822.276547806935,6.979191741368952,4823.366799181282,19.3
4469,5014.559429240129,5015.360811652012,8.28734318367582,5016.356800757747,19.3
6735,5551.933534390376,5553.100309281426,6.86144302704803,5554.055464500915,19.3
6204,5988.209001404938,5989.155256164085,7.2763441293649125,5990.055975899782,19.3
6206,6888.129779621691,6889.118310606161,5.0,6860.104122200423,19.3
