vehid,entry,mid,instspeed,exit,length
2487,1868.2169928114608,1871.2093494295102,11.667315770440087,1874.2365960315774,75.55
4492,3665.174166356938,3668.0013499525,5.0,3640.876107851004,75.55
4475,5374.608933813671,5377.07775158599,13.898044690736551,5379.58660919052,75.55
6485,5565.186928605001,5567.522251935533,15.865733235226141,5569.825340894792,75.55
