vehid,entry,mid,instspeed,exit,length
213,72.71130782482793,74.50527506077015,13.780201810477612,76.93919343015054,45.93
212,600.5040043272527,602.1579750736898,5.0,574.8814878169312,45.93
206,1701.4320067494657,1703.2198591915796,12.535337168239414,1705.8058079920218,45.93
4216,4650.597072108651,4652.4082132740095,11.780238177976436,4655.465920414579,45.93
4215,5276.646658709802,5278.547854518187,12.371911597114853,5281.580839854519,45.93
6187,7062.465542199031,7064.370788974066,12.38082602742229,7066.97252593725,45.93
