vehid,entry,mid,instspeed,exit,length
1849,223.97707422615665,224.22060052561184,11.178458694042451,224.46235058094456,9.4
1850,667.020415153931,667.2294143917597,5.0,637.4384136295882,9.4
1863,1607.2863520421272,1607.5235057029554,11.39511403021925,1607.7606593637834,9.4
5849,5109.096049928759,5109.358968332729,10.278447484185635,5109.621886736698,9.4
7840,6711.337593386127,6711.526135178495,14.333124629215902,6711.7146769708625,9.4
7841,7082.35090012606,7082.562613136629,12.764416322634311,7082.774326147198,9.4
