vehid,entry,mid,instspeed,exit,length
1242,1476.4525972050546,1482.3387646003805,13.58705533962964,1491.0326781641502,179.92
1196,1657.9045646879986,1664.170883049458,13.078172735816043,1671.9988168685943,179.92
5423,5649.118531382423,5655.400387460801,9.176344521663205,5664.0727614473535,179.92
7418,5737.249969018939,5743.569149691618,12.159181175382717,5753.137419229449,179.92
7409,6461.54010406302,6468.06204224713,5.0,6446.202891728304,179.92
