vehid,entry,mid,instspeed,exit,length
2566,2166.850306717791,2175.2486663936043,5.0,2151.598845496918,193.06
2902,2629.2643165379186,2638.2079261219164,12.595244083302514,2644.803460634131,193.06
2794,2750.58387965129,2760.0499487116836,11.853224522151203,2767.246527549373,193.06
2656,2809.335155029801,2816.6137650448245,14.330813964026609,2822.9131344971543,193.06
4906,3744.3374116779623,3751.6405719162854,15.152037645261794,3758.7413085700173,193.06
4532,4157.538195279469,4165.076744181044,14.2640328105283,4171.771462094212,193.06
4895,4867.312101851729,4877.129825395613,12.215325601800435,4883.816013802837,193.06
6853,6980.487377351842,6990.062907627138,5.0,6986.883365347533,193.06
