vehid,entry,mid,instspeed,exit,length
358,138.47536642151826,146.2587710397542,10.45941634121915,153.8787059867782,165.72
333,228.48166006536994,235.0196559615654,13.36178243407091,240.99785610466458,165.72
337,502.9843725776337,509.4405150730021,12.912055487417627,515.6939771368415,165.72
374,949.1608952470161,958.0374912829758,8.76723927492375,966.5400675588852,165.72
338,1133.1387799892493,1139.4080490614328,12.323598688935697,1145.7143585078725,165.72
4372,4910.656918280874,4918.454885771528,10.83618218004263,4926.214635748638,165.72
6358,7160.890864675372,7168.510317862169,5.0,7145.944028624825,165.72
