vehid,entry,mid,instspeed,exit,length
462,1247.0,1249.108752177942,9.46693765061167,1250.490120412565,30.92
4215,5005.12499054689,5006.164339447972,12.618923539004687,5007.154807058967,30.92
6465,5545.0637822845865,5546.130688125999,11.82198477988731,5547.198387855101,30.92
6462,7143.003357983153,7144.040777622496,12.98914708424047,7145.0118517915125,30.92
6752,7174.144013211716,7175.185072063847,5.0,7146.158314829387,30.92
