vehid,entry,mid,instspeed,exit,length
5858,4546.0570231497095,4546.312589369369,10.574140085586883,4546.568155589028,9.4
5840,4745.042283877389,4745.3143492076915,9.932882682320788,4745.586414537994,9.4
7850,6358.109825228395,6358.333431763186,12.085483147203387,6358.557038297977,9.4
7847,6455.086908008022,6455.345381883929,5.0,6425.603855759837,9.4
7848,6811.8333008765985,6812.084141769862,10.902319983448397,6812.332014975925,9.4
7860,6816.905475375537,6817.117765400366,12.700349085039125,6817.330546402662,9.4
7852,7238.281832723884,7238.478491522511,13.74153115290537,7238.675150321137,9.4
