vehid,entry,mid,instspeed,exit,length
5801,4079.4940719680017,4081.5515317714126,13.958860908242885,4083.129579390248,48.9
