vehid,entry,mid,instspeed,exit,length
214,377.5031572924135,378.49475543861087,5.0,349.3811527961802,26.82
2207,2626.277175620095,2627.163477326518,13.286428000876281,2627.949966278829,26.82
4206,3795.3126404702407,3796.097369111523,14.33738609774949,3796.8262069043476,26.82
4211,4714.281039321645,4715.124016757257,13.097904855983373,4715.92182594531,26.82
6051,6677.4168326949475,6678.339423543315,12.451557050244919,6679.1720440646195,26.82
