vehid,entry,mid,instspeed,exit,length
2063,2135.2418237590473,2137.3438733195617,14.11687767148916,2140.317481515433,61.08
4214,3983.0,3986.1681949794847,11.629322538146406,3988.4941552011105,61.08
4053,5284.025627991953,5286.417386824657,5.0,5259.62531099354,61.08
6217,5927.289657259407,5929.590810837881,12.452032700256256,5932.655438972073,61.08
