vehid,entry,mid,instspeed,exit,length
1847,145.8765429152295,146.06647899245849,13.168087295691814,146.17807578039094,8.94
3863,2195.125586300097,2195.3052680298783,5.0,2165.4121479963737,8.94
3841,2935.961185023076,2936.146175856466,13.419412585343737,2936.255682605444,8.94
3838,3006.875343023275,3007.0687062813777,13.228730165889395,3007.179791489632,8.94
5836,4714.9097805357405,4715.077235010606,15.339254741011128,4715.173036030293,8.94
