vehid,entry,mid,instspeed,exit,length
2060,2539.2489168676257,2542.011858297288,12.96983773885436,2544.7655179046924,76.63
4207,4343.691017751153,4346.408629588582,13.349023838932888,4349.118559729459,76.63
4212,4518.704993258992,4521.458803056788,5.0,4494.166899053336,76.63
