vehid,entry,mid,instspeed,exit,length
1280,1444.6842219097864,1454.2955325763505,11.430506067759387,1463.5073255340421,217.32
3205,1894.2326577960275,1903.4990301761018,12.327770608947368,1912.2920456103575,217.32
3384,2392.0,2402.179129747627,11.270228341128322,2433.5081077259574,217.32
2040,3356.838291555852,3364.0655926009463,5.0,3342.803825365707,217.32
2097,3360.8422250735707,3369.2951390930843,5.0,3394.445516970992,217.32
5212,4416.3884815192,4425.498707017406,12.048441422932582,4434.352051740006,217.32
5218,5044.419626586541,5056.408846460176,9.627599216323642,5067.9703814640025,217.32
6038,5701.432728892963,5711.006706309287,11.576075462029058,5720.99908447698,217.32
