vehid,entry,mid,instspeed,exit,length
1133,293.2889185506003,299.105596539684,12.198260153469061,305.8498956375952,145.23
7153,5499.043812727411,5504.585905091683,12.81100297374094,5511.384212568116,145.23
7129,5769.0394020412,5774.142299178182,13.482140972915998,5781.224867267321,145.23
7146,6509.94619663074,6515.4424143687165,5.0,6490.9732845478975,145.23
