vehid,entry,mid,instspeed,exit,length
1258,184.3676630690154,193.53116634182487,5.0,171.9041991138484,244.92
5263,4939.682756816255,4949.345729118207,13.129778296424183,4958.3499901171635,244.92
7279,5824.046204316691,5836.194046379117,10.631819896825519,5848.889508718187,244.92
6082,5913.403399567307,5923.584711660026,12.3591541496983,5934.742958487971,244.92
