vehid,entry,mid,instspeed,exit,length
216,27.194863156956924,28.499998321228784,12.264058575388377,31.09449067061944,46.79
2203,2523.5850748520124,2525.192177402105,12.266437216728697,2527.848646203224,46.79
6213,6483.452435854988,6485.022880541383,5.0,6457.783589710707,46.79
