vehid,entry,mid,instspeed,exit,length
1155,291.0984905036439,307.2190704639936,14.156829354608885,324.19054363309607,465.33
1160,302.35380734596595,317.31408249285516,15.944411735887916,333.5287427105302,465.33
1146,946.5832972313383,963.4989582546862,13.628462356043329,981.2243459875772,465.33
1163,1360.1434540491655,1378.4307574740476,5.0,1367.8008290208516,465.33
3161,3159.491096914808,3176.1106645629866,14.12711523324006,3193.2162841835493,465.33
3168,3463.085284915,3480.3737275449585,5.0,3468.689649819471,465.33
5144,4909.481403891331,4927.054266963583,12.798095373003525,4945.662669821696,465.33
5143,5323.315767474144,5344.438285563633,10.831572215082625,5366.186246424884,465.33
7157,5643.837545114212,5662.234580122372,12.635070614464366,5681.135963058161,465.33
