vehid,entry,mid,instspeed,exit,length
1051.0,1513.6669923607194,1518.1957481663662,13.055568988980484,1523.7875285612029,117.49
3045.0,2765.7074902538084,2771.3678319720916,10.498177280131573,2776.0972962785413,117.49
3051.0,3556.4524905400463,3561.0066319730336,13.270254576239571,3565.2803891426115,117.49
3052.0,3560.5086925559563,3564.6196803937096,14.998193583871346,3568.8776749944645,117.49
3046.0,3687.646462283008,3692.2639162544765,12.71105778675183,3696.837686817793,117.49
6695.0,5532.0,5537.398216800532,12.3918251628013,5541.979416751527,117.49
