vehid,entry,mid,instspeed,exit,length
1843.0,779.2358174672289,779.4696490681946,11.557005112492375,779.70348066916,9.4
3856.0,3658.0755911487927,3658.2826410702623,13.051891006010772,3658.4896909917315,9.4
3853.0,3730.3183364560346,3730.545478698562,11.897359899909008,3730.772620941089,9.4
5856.0,5444.807376315546,5445.064869700425,10.303439725938619,5445.327150363942,9.4
7840.0,5888.802396376661,5889.0194307141755,11.90115775347004,5889.246500471908,9.4
7849.0,6010.351331393008,6010.56694381132,12.533568469608467,6010.782556229633,9.4
7851.0,6067.023910493411,6067.222267869872,13.623859399821335,6067.420625246333,9.4
7858.0,6179.951654692675,6180.168516120456,12.477288141521823,6180.385101084847,9.4
