vehid,entry,mid,instspeed,exit,length
3754.0,2525.431394406037,2532.5591279295745,13.099942536109902,2535.879690754366,135.0
5754.0,4173.509755785325,4181.1744532368075,12.122156330062447,4184.752568830343,135.0
