vehid,entry,mid,instspeed,exit,length
87.0,183.74326236507986,189.44458056255618,11.507304222759897,194.7285138122191,128.3
9.0,185.75794996720018,191.3035148214682,11.454024269336175,196.58569529320295,128.3
8.0,187.9274061554688,193.15862201526275,11.974509610525176,198.37482867032352,128.3
4.0,654.4098354517423,659.4814475364486,12.251792901978067,664.5621286324082,128.3
61.0,671.5819948064299,675.2771236153874,16.818217513417466,723.5758776151841,128.3
102.0,1195.0661873965091,1200.1055479818476,12.600005508290911,1204.9967454523837,128.3
132.0,1635.5625551668677,1640.506221470081,12.452669967292207,1645.498874378798,128.3
108.0,1653.3258556521118,1658.3219496468632,12.69560513285511,1665.1133321093564,128.3
22.0,1749.1474283640223,1753.4496634025566,15.198349167471,1758.7603515656365,128.3
2159.0,1907.5193481244296,1913.1481640047746,10.955554232707147,1918.716460942445,128.3
2139.0,2288.2666563617563,2293.4840889155694,11.874486432800879,2299.716950539251,128.3
2079.0,2650.878942957896,2655.38195760915,14.069701122451491,2660.8387160939865,128.3
2152.0,2973.8890099901014,2980.0916544068837,9.734620025248832,2986.1573830728757,128.3
2111.0,3338.0820944479165,3344.1108661383373,9.902779153625433,3350.3949129963976,128.3
2007.0,3348.507072128198,3353.3785484797863,12.587661042102239,3358.101438562299,128.3
2149.0,3513.612223393411,3520.349447051687,8.975951517530172,3527.081853162708,128.3
2106.0,3528.888216678566,3534.4312334374627,10.42948065573442,3540.0613621848197,128.3
2022.0,3603.524792863959,3608.4436890621764,13.429401369431528,3612.8883775355707,128.3
4132.0,3963.6783583757624,3969.2220317322854,12.021288830759374,3974.2064195224093,128.3
4006.0,4593.86525861913,4599.208558069309,12.334151907402108,4604.177363043068,128.3
4103.0,4966.8460862934635,4972.150956185341,11.099321237456701,4977.491568347779,128.3
6010.0,5767.259359572671,5772.424722573697,12.022505120269646,5777.487251173766,128.3
6097.0,6213.608461812253,6219.15223064344,12.249317799614829,6224.2108240357275,128.3
6061.0,6518.729782973527,6523.303210858861,13.298630811942962,6528.94548003589,128.3
6154.0,6589.547898310108,6595.172639534222,10.718163262109622,6600.7500088144425,128.3
6007.0,7041.721345211791,7046.538708903184,13.334604291758268,7051.378626942283,128.3
