vehid,entry,mid,instspeed,exit,length
386.0,730.2883478991681,736.4627646168874,11.689031674242669,768.3316338231858,157.95
387.0,1083.9019147257327,1090.1504171390718,13.10196409306155,1096.8986047740163,157.95
374.0,1806.4873155642435,1813.3958346571294,11.326509001902066,1820.7615443370216,157.95
2395.0,1893.508806464875,1900.0415316443925,12.05046983793102,1906.7586905546416,157.95
2293.0,1903.7383751167354,1909.3727805207943,12.99167182167149,1938.1167479482338,157.95
2334.0,2077.738135751348,2084.363306631196,11.755970749690453,2118.2425672653994,157.95
2388.0,2525.6594585608264,2532.4332577168307,11.960683517832765,2539.7233441948943,157.95
2330.0,2527.9745986062744,2534.256544987878,10.693316029082467,2568.0241203787837,157.95
2358.0,2887.045583288614,2894.5033456560436,10.550710389874162,2902.561253508619,157.95
2297.0,3520.673875399849,3528.220174738038,10.460259370161408,3558.348050718513,157.95
2359.0,3608.019563664018,3614.1362104970253,12.774305384595706,3621.382992301605,157.95
4306.0,3705.6079064009828,3711.5252571754186,13.143706373669522,3740.9478272043953,157.95
4374.0,3966.980584256607,3975.0217585109317,9.579532138153628,3983.7596266954074,157.95
4320.0,4143.549188257122,4150.174721741442,11.988096630417292,4156.95051266095,157.95
4345.0,4233.4369836836895,4240.077014800383,11.636029572412848,4247.499438843158,157.95
4324.0,4503.611411875444,4510.172923934591,13.308004987762443,4516.773477475585,157.95
4390.0,4686.317540814479,4693.189574296768,11.894053530758216,4700.509693818353,157.95
6407.0,5500.138231649013,5506.4532651160425,11.918100780277353,5543.390427807426,157.95
6327.0,6489.376241715413,6496.379104413793,10.71696814771246,6528.090388923997,157.95
6374.0,6491.63700126271,6498.3171508207815,11.555789524925231,6530.834153977973,157.95
6325.0,7293.784051056801,7301.166951560018,11.324504152729997,7308.78025761826,157.95
