vehid,entry,mid,instspeed,exit,length
810.0,412.8633822780766,421.54456986842877,13.795669476525838,429.086005403127,206.14
798.0,437.26951626487124,445.6386745368928,14.274957476901891,452.83342860558406,206.14
2793.0,3228.0391058714795,3235.364703324395,14.650522634871262,3242.173927866571,206.14
4818.0,4113.069302284983,4122.487496390275,12.270814074563184,4130.193714282937,206.14
