vehid,entry,mid,instspeed,exit,length
516.0,1308.6121321831745,1318.409048068395,13.838937708124693,1325.5692126011613,214.88
2511.0,2209.0187567152666,2218.6195329456805,13.740783664569271,2225.478856806894,214.88
2508.0,2210.858961396736,2222.347104356182,10.537368321838901,2232.7567328121195,214.88
2521.0,2298.894048041378,2308.508225181636,13.031878812952854,2315.833737065759,214.88
2514.0,2569.022869030588,2579.543604794585,12.868284565145695,2586.816939502665,214.88
4513.0,4278.700502743316,4289.062589551164,12.078507234614278,4296.358309355641,214.88
4505.0,5060.232225508493,5071.305842349956,11.103576848944474,5079.194658288868,214.88
4496.0,5448.92224291543,5458.264929438343,14.057791222276206,5464.1358067024785,214.88
6500.0,7068.664652293356,7078.318049347191,13.479236733774666,7085.477870692254,214.88
