vehid,entry,mid,instspeed,exit,length
1121.0,383.28297771494186,392.19410757689934,12.326314568021923,401.26982479053,224.19
1672.0,1230.0736675395563,1241.300071103752,9.196746547163425,1261.157797997603,224.19
1686.0,1730.2127257073178,1737.0810626548996,16.01455725413469,1743.9513460101825,224.19
3142.0,1943.6996131353621,1952.4763454108834,13.177478152558855,1960.8541900332757,224.19
3654.0,3204.0213211638275,3212.1434713077824,13.281263722554149,3233.7296952546217,224.19
5644.0,4559.584563499249,4568.304379609177,13.270526198784719,4577.82719490952,224.19
5664.0,4837.7271683718,4846.054775118715,13.627356858492456,4855.98909911115,224.19
5652.0,5246.796427428834,5255.158690213326,12.520891957953058,5265.001052426307,224.19
5698.0,5380.8326799482165,5391.330947515155,11.15162404074404,5402.5689997524105,224.19
7124.0,5614.027311448316,5622.260617450375,15.103458648067228,5629.839746359806,224.19
7117.0,5898.139414505699,5907.40869672581,11.950480099939687,5917.7329858641415,224.19
7647.0,6264.394926801058,6274.313342585496,10.762149495607304,6297.138147611474,224.19
