vehid,entry,mid,instspeed,exit,length
346.0,678.4432857742478,685.295017268463,12.686526974558776,691.7194770310065,165.72
392.0,1041.143586512046,1047.6040137220007,13.605477900259148,1053.2304765986325,165.72
2353.0,2029.1114125720483,2036.1763114047226,12.826216759640573,2042.5983098992851,165.72
4306.0,3742.913550919648,3749.40513756833,13.463354752604179,3755.53434814395,165.72
4354.0,3918.79917541485,3926.170502442259,11.866557183926401,3932.8976273437484,165.72
4356.0,4730.98779814669,4738.2441223245405,11.324607600726264,4745.216100214174,165.72
6326.0,6710.547760780536,6717.133497900916,12.680770651796688,6723.281773237255,165.72
6358.0,7158.399304136386,7165.0811325028435,12.972496865151669,7171.1292917607525,165.72
