vehid,entry,mid,instspeed,exit,length
475.0,246.23771936987322,249.29859219487673,11.958014290451466,252.99356599282018,77.89
240.0,593.4032798895657,596.3818158179082,12.59841070373259,600.0885131156341,77.89
493.0,1516.911821271464,1519.5019326817182,14.27927283007146,1533.1553135754887,77.89
490.0,1611.0592481067724,1614.1763603089269,12.381448151297322,1625.1302644922673,77.89
91.0,1920.5337624596361,1923.3000694531931,12.442908905743726,1926.0921128662492,77.89
2485.0,2056.523984853319,2059.1793863127696,13.504714933439201,2062.655417554887,77.89
2495.0,2062.2726778526635,2065.2108978552405,12.212465703484172,2073.0671494776716,77.89
2493.0,2152.640605156782,2155.340490254605,14.399833075243706,2158.998078396787,77.89
2479.0,2330.9764262917115,2334.125631783634,12.151920230454948,2337.8397886908465,77.89
4244.0,4013.373776940636,4016.3825052477305,12.371512919979551,4019.9780238556245,77.89
4483.0,4400.545659626044,4403.497325627519,13.142213929479015,4413.066936726939,77.89
4089.0,4643.78230458171,4647.284051585664,11.08552379279123,4651.363895295065,77.89
4473.0,5128.104356001896,5132.020066925574,9.65105779560308,5135.976585127226,77.89
4474.0,5299.25311500015,5302.124185892977,12.3369715200982,5313.351496029162,77.89
6090.0,6485.893633209169,6488.248207699084,15.766649273044035,6490.565575971998,77.89
6240.0,6533.780977444991,6537.157571720304,11.283949165805526,6541.1693147356855,77.89
6475.0,6740.640337707342,6743.443647221515,12.947684567036445,6747.365534896408,77.89
6777.0,7172.469026518066,7174.635044183199,16.78544674668084,7177.973854867585,77.89
