vehid,entry,mid,instspeed,exit,length
462.0,129.655862776365,130.32736352861951,13.479399433479433,130.98858794896287,22.37
482.0,290.74050772171756,291.4566321808133,12.733929510051645,292.16890043854863,22.37
430.0,730.1852053614566,731.1075231527087,9.514869947241383,732.0462675185618,22.37
515.0,871.2982500379807,872.1847765919795,11.065161860393644,872.9902693800137,22.37
537.0,1391.4828832422515,1392.265529809474,12.091416912002803,1393.002401391242,22.37
1804.0,1600.4778217087526,1601.2083115479486,8.405221946657354,1602.5783514882717,22.37
653.0,1652.4569132770694,1653.4169483070666,9.832130267699734,1654.286794201496,22.37
2540.0,1854.1543357483658,1855.0510276120203,11.33508016331763,1855.8373394817702,22.37
2651.0,2033.85526290452,2034.5307854056553,12.9750538827819,2035.2189857897988,22.37
2582.0,2397.7108717625993,2398.4054633285923,12.473581966485643,2399.1173708093093,22.37
4635.0,3649.767075793121,3650.4857482758166,12.200823124293098,3651.2255399475175,22.37
4530.0,3738.648945215674,3739.3355265072423,13.369508269597537,3740.002202448034,22.37
4592.0,4012.2604362534416,4013.1650939615665,10.611885996477241,4014.0040817054255,22.37
4468.0,4085.779825374739,4086.4473030420227,13.257160223543718,4087.116473321031,22.37
4458.0,4207.655403362632,4208.370028690914,12.040017482667054,4209.113911917895,22.37
4503.0,4274.182511229671,4275.082250807492,11.180296204223378,4275.879448655757,22.37
4507.0,4524.806587196252,4525.461908633431,13.545165801673999,4526.118336270936,22.37
5818.0,4571.47994243602,4572.144100681178,12.341799883886333,4572.866273148796,22.37
4544.0,4686.755303636406,4687.5153089205805,11.777578950756208,4688.261804466182,22.37
4545.0,4688.746309283325,4689.446246030567,12.492644751731323,4690.161025786107,22.37
6461.0,5655.137523997155,5656.020773992488,10.911029523492727,5656.837645402999,22.37
6533.0,5856.703569120251,5857.414679666917,12.093238193758703,5858.1433487517015,22.37
6632.0,5860.339973255884,5861.274986331064,10.046974921093526,5862.140317110483,22.37
6448.0,5900.20110430692,5901.10321775515,11.383963980947092,5901.88615312739,22.37
6455.0,6490.2671593482455,6491.231489121348,8.851816954081794,6492.235586298724,22.37
6500.0,6936.7789036222275,6937.457440342456,13.129607287193533,6938.126665084853,22.37
6602.0,7027.254655893039,7028.066650761274,10.807061375705977,7028.8913807935305,22.37
