vehid,entry,mid,instspeed,exit,length
216.0,777.8356084125422,780.053123810617,9.31655210658761,782.9813667486196,45.93
2216.0,1970.5027755432543,1972.3170684642828,12.248140300998928,1975.1354573052165,45.93
