vehid,entry,mid,instspeed,exit,length
48,1578.8018149775692,1580.0369009417482,5.0,1551.0672931290558,25.8
2073,2395.4413843330867,2396.206133264765,14.26649777031965,2396.9700490608757,25.8
2037,2478.8176408840054,2480.027936258977,11.033027609220088,2481.012894109413,25.8
2043,2933.702989432931,2934.505864465622,13.2997439252169,2935.3301577670063,25.8
2028,3026.2936399547757,3027.164369163475,13.04070869113154,3028.0000925775453,25.8
2034,3108.978537038545,3110.1800067388513,10.322692846174247,3111.1974173813132,25.8
6038,7158.815919330941,7160.100686868968,10.254449512698676,7161.142611880202,25.8
