vehid,entry,mid,instspeed,exit,length
1755,845.8339504994783,854.0130318658116,11.51309245751672,857.9335651302489,135.0
3763,1992.5295471520474,1999.5577920518274,5.0,1972.995602002233,135.0
3755,2617.730068513194,2626.1113120881178,10.20394637922613,2630.1697666304863,135.0
