vehid,entry,mid,instspeed,exit,length
469,1657.4828270012583,1658.219929312378,12.23616310696926,1658.766412290035,19.37
2479,2956.3548882572322,2957.162189789878,5.0,2927.7888074367233,19.37
6477,6583.481957019206,6584.376841055433,9.737571280280045,6585.057808977327,19.37
