vehid,entry,mid,instspeed,exit,length
1248,398.1214858605035,404.2991352488364,13.292088018743506,412.25648978286625,179.92
