vehid,entry,mid,instspeed,exit,length
1853,218.39636238238896,218.5954516702942,12.40892355676157,218.71387582196957,8.94
1834,593.199346337401,593.3987942893282,5.0,563.5174317848905,8.94
1852,1584.1582081956492,1584.345052919118,13.222122138216488,1584.4561936444911,8.94
1841,1766.2229010321996,1766.4229414839303,12.34992089454579,1766.5419314157657,8.94
3863,2136.29274760333,2136.5174378248907,10.995065728385116,2136.651090163287,8.94
5847,4382.438531858174,4382.62080686451,13.55360674099167,4382.729229388013,8.94
5853,4467.094982619065,4467.298216935657,5.0,4437.419106672052,8.94
5845,4717.128467763148,4717.320294342777,12.87873536274653,4717.434398422411,8.94
7849,6344.845493178533,6345.080939599556,10.253685758609421,6345.22425550371,8.94
