vehid,entry,mid,instspeed,exit,length
321,183.30045632523027,185.3467249414794,14.624486663414586,188.15667531538674,75.37
326,363.8292338377048,366.54617981084374,13.404483074369853,369.2897027239333,75.37
355,365.9136094871323,368.43119816006157,14.711617353952962,371.2252660263629,75.37
328,544.2612812913412,547.1835415322722,5.0,520.2828459338823,75.37
282,633.4352102646719,636.2855629557885,11.528552902781618,639.9722268509846,75.37
325,635.7164486335226,638.2478073022921,11.577810308207887,641.8728897284685,75.37
522,1110.450116181043,1113.1732102214519,10.820167646566265,1116.9908044887127,75.37
2348,1893.362664618166,1896.3874450196615,10.53238029039112,1900.2822012098793,75.37
2321,3064.0626328544595,3067.0693151720347,11.440803481429132,3070.7075025618465,75.37
2329,3248.989112856653,3252.276509379667,8.833580578549585,3256.6468663232235,75.37
2353,3422.214915074293,3424.4615055761783,13.862762303664647,3427.3336925548656,75.37
2293,3425.118542262801,3427.5266669368143,12.433594499869509,3430.7677684541977,75.37
2277,3564.2156273882206,3567.5527257618314,5.0,3542.1360741239087,75.37
4322,3783.4887483828466,3786.3200439066363,13.397754429735674,3789.4594230341363,75.37
4335,4143.805746559417,4146.542745471196,5.0,4120.076854557562,75.37
4323,4593.4929809379655,4596.239234735826,5.0,4569.340638840982,75.37
4341,4863.7074835512185,4866.446069126808,13.969829821305678,4869.40086313494,75.37
4362,4865.598631693413,4868.436263481737,10.516520550172384,4872.243297057411,75.37
6325,5493.46341658414,5496.243326074628,5.0,5469.424148514034,75.37
6288,5763.64356625875,5766.39903651788,14.321901163869837,5769.109625092476,75.37
6348,6305.895072909626,6308.51780757634,12.809860611371706,6311.7683600560895,75.37
6537,7047.007414587994,7049.431431409801,12.82041105853959,7052.717787451436,75.37
6345,7203.44302571718,7206.33724393889,11.067490820713596,7210.092397144623,75.37
6289,7431.002608279893,7433.606533497735,13.46787433740428,7437.726424430116,75.37
