vehid,entry,mid,instspeed,exit,length
743,783.6662238185686,784.4402389801709,10.607876131238722,785.3302751262136,23.02
456,1760.6780408831921,1761.2921565049362,14.191727621884935,1761.9544318386493,23.02
2733,2669.767528667249,2670.432442651853,5.0,2641.121357999472,23.02
4461,4371.78438940202,4372.485701347881,12.60041530172809,4373.231130737801,23.02
4219,4731.759631940445,4732.5079453179,11.436615539350319,4733.339537125149,23.02
4208,5634.758571250173,5635.501996621693,11.268580466894331,5636.344605523,23.02
6462,6201.0,6202.338157343756,13.081428736467839,6203.054395528473,23.02
6459,7071.783106564291,7072.4344440030545,5.0,7043.112039891012,23.02
