vehid,entry,mid,instspeed,exit,length
6451.0,6276.032327712876,6278.535387385358,11.011158806652022,6280.477229032606,46.79
6446.0,6409.409722539911,6411.431745641157,13.523369456686869,6412.546331192457,46.79
