vehid,entry,mid,instspeed,exit,length
2113.0,3603.0905670052325,3607.456921348298,11.909370170926325,3609.6595733434715,77.13
2117.0,3605.1492063077953,3609.204612301099,12.010161436743768,3611.4215539071697,77.13
