vehid,entry,mid,instspeed,exit,length
535.0,187.87381242121108,191.18159829874014,11.434056691549092,194.48534691049855,83.69
525.0,482.86991225427784,485.51162475653433,14.878873725572252,488.113984766186,83.69
542.0,547.5523884386724,550.5101666469214,13.507319683661326,553.4082089463406,83.69
550.0,998.1783496996985,1002.026557065792,10.15020087546628,1005.7878706574163,83.69
549.0,1000.14024187549,1004.1460415048766,9.865878455906577,1007.9952673780044,83.69
520.0,1027.4792834421976,1030.4765034097352,13.03730798314,1033.4829236989838,83.69
521.0,1565.5062252151638,1568.3644153145697,14.22035829386134,1571.2076245128808,83.69
536.0,1571.1415959136787,1574.4938183557535,11.845353440157716,1577.7378169398298,83.69
548.0,1836.9926128914801,1840.008788467815,13.717901748561877,1842.8362727497654,83.69
2549.0,2077.8380097893405,2081.035250814408,12.837661780931041,2084.0915781130307,83.69
2547.0,2466.031246997239,2469.0517271980752,13.27039662628103,2472.006904063406,83.69
2524.0,2558.9919070150795,2562.068997783619,13.301615184926359,2565.0371105748377,83.69
2545.0,2921.8582227899337,2925.2014398980177,11.184194504539162,2928.581416179482,83.69
2526.0,3639.226518737613,3642.3638692404425,11.817285711697481,3645.4845276327474,83.69
2544.0,3733.8746309011235,3737.4803088721364,10.414236317701704,3741.00245514216,83.69
4537.0,4165.8232520436995,4169.2512554565465,11.906398284564581,4172.55135216493,83.69
4449.0,4356.358014570181,4359.196657563601,13.834078294427574,4362.008135140212,83.69
4454.0,4538.023529328182,4541.138318456311,12.63500320285808,4544.159466030503,83.69
4550.0,4688.161180014726,4691.471530258285,11.548727119198581,4694.724279697979,83.69
4448.0,4899.19949336984,4903.092347059554,9.680445966858953,4907.47478684174,83.69
4549.0,5047.904251657874,5051.23005481568,11.964166701697216,5054.506703093523,83.69
4554.0,5166.423235043734,5169.381429653225,13.786394574350554,5172.292287705617,83.69
6523.0,5678.179147080722,5681.14383891022,13.667520382420097,5684.037461590505,83.69
6542.0,5767.6385532026125,5770.2546529988,15.254523240269245,5772.79413561709,83.69
6548.0,5803.002449001946,5806.520840490106,11.768319039900025,5810.025691072734,83.69
6444.0,6038.1007423127185,6041.226028643149,12.917248077587528,6044.398731654614,83.69
6538.0,6488.019654484791,6491.1044337817875,12.135141490450405,6494.15962090461,83.69
6450.0,6793.999243701147,6797.024550594114,12.968014915946053,6799.939548716474,83.69
