vehid,entry,mid,instspeed,exit,length
73.0,860.0,864.1373138522081,10.83753995024797,867.3679428563992,80.01
6065.0,5990.0,5993.542830463027,15.533882907090787,5995.963317140845,80.01
