vehid,entry,mid,instspeed,exit,length
790.0,1156.280828227656,1166.4934198462324,11.205954403025308,1175.125629965724,206.14
2821.0,3508.3581270546847,3518.0150712336176,12.296366088210496,3526.434073719014,206.14
4793.0,4267.913151820881,4276.494049106732,13.209523877734473,4284.106569160147,206.14
4807.0,4446.497421477745,4455.346861826449,12.945029826660065,4463.302335154896,206.14
