vehid,entry,mid,instspeed,exit,length
1373.0,453.9965700595179,458.33857200831415,14.858415649829471,462.59719147546167,95.72
1532.0,457.94575790734274,462.29967377312545,12.120093708789797,501.0172289324846,95.72
1251.0,823.9147363852554,829.3471899543526,9.158740095950074,834.7575991614254,95.72
1537.0,906.451959727706,910.4774843997354,14.17368532259034,948.1531519704512,95.72
1647.0,996.1459491103345,1000.4961773540028,12.180828819804754,1038.2975489670507,95.72
1663.0,998.0664184181952,1002.4356761374486,10.925237784331049,1040.6211502261574,95.72
1389.0,1803.9187625596448,1808.3173307637783,11.795786927159039,1812.9215291552487,95.72
3547.0,2269.0618879679564,2273.1012915224874,13.498322103205703,2277.3263189868717,95.72
3388.0,2433.7312676573856,2438.457101810801,11.842993351548575,2442.808343612185,95.72
3526.0,2793.7441143918422,2798.299827409927,12.895110495635416,2802.9411758572273,95.72
3652.0,2883.7394052515947,2888.138239646436,13.592858787300214,2892.945593973646,95.72
3554.0,3423.902782922613,3428.457391958142,12.745855334580757,3432.9582070551714,95.72
3656.0,3693.821784753181,3698.101924114157,13.14481617355493,3702.7483141492944,95.72
5380.0,4953.698876397036,4958.359654293261,13.221108536983538,4963.097348472299,95.72
5652.0,5313.900468529846,5318.072943104593,14.841686147299004,5321.954663976809,95.72
5518.0,5513.836433444036,5518.230900809908,11.55708075105525,5540.485450882858,95.72
7260.0,5515.6000026514575,5520.080741880533,9.558335204288971,5542.535219590561,95.72
7547.0,6034.051412352793,6038.251303048909,15.249047053475309,6042.5393540031,95.72
7372.0,6036.10863690618,6040.474624160879,12.445926186903401,6078.421209624305,95.72
7661.0,6133.189060192698,6137.2399291391075,12.775734031003994,6141.654369814063,95.72
7524.0,6843.661918407507,6848.039713603366,13.404822500161124,6851.860305629355,95.72
