vehid,entry,mid,instspeed,exit,length
6943.0,6907.70901036663,6908.001990191328,10.17033658618715,6908.1464806153135,8.94
