vehid,entry,mid,instspeed,exit,length
4774.0,5272.94026896008,5274.176007142604,10.06099436717323,5275.53020260266,29.79
6768.0,5541.590676709694,5542.569555081263,13.622807019651159,5543.751433940767,29.79
