vehid,entry,mid,instspeed,exit,length
2068.0,2583.1228411458183,2585.2553907103857,13.090260869743188,2588.480504733809,61.08
4059.0,4113.0,4116.155886009363,11.913224798626928,4119.297707023724,61.08
