vehid,entry,mid,instspeed,exit,length
1204.0,74.83628471577528,78.07406542205041,13.785052578895982,80.67064356721721,84.29
3285.0,3364.0105427585504,3367.305416250271,14.148863927077844,3370.8305698093436,84.29
5198.0,3728.6150030154145,3733.2305481981407,9.926181258369978,3736.886594789653,84.29
