vehid,entry,mid,instspeed,exit,length
3656.0,3110.0,3115.4247479300057,10.853516969404067,3121.532524973965,112.45
