vehid,entry,mid,instspeed,exit,length
2735.0,2117.7895642357653,2120.542654420818,11.427604933995454,2124.811823245011,79.0
2742.0,2928.4833597952,2931.1587713160748,12.923503254787171,2934.4957719199674,79.0
2752.0,3468.2156102221284,3471.0195959936823,13.145388802600403,3474.6752852210593,79.0
4767.0,4907.906031020927,4910.553698474256,12.770075134461756,4914.46749169366,79.0
6747.0,5447.89272091535,5450.442889656031,11.730148179601283,5454.41788776689,79.0
6743.0,5628.138194361155,5631.0559256176,11.130105197499365,5635.53373957409,79.0
6761.0,5630.3667903421265,5633.245696418181,8.766734857558292,5638.4193284592575,79.0
6750.0,5632.296183837906,5635.207779186408,8.914168581447326,5640.386615702962,79.0
