vehid,entry,mid,instspeed,exit,length
2083.0,3542.7987423740074,3550.5395835907234,11.661340299779923,3559.897772117381,206.08
4078.0,5349.776256119649,5355.476562449424,16.187403621222877,5362.610096406297,206.08
6086.0,6356.713831914174,6363.228615997184,13.569002530503182,6371.469512938492,206.08
