vehid,entry,mid,instspeed,exit,length
1278.0,1246.0760264589292,1254.1527678771922,12.787115248394581,1264.997827120742,250.54
3284.0,2143.380182435814,2151.529198627238,13.21566849018087,2162.6763394531445,250.54
5292.0,5455.1547476748665,5463.451474009368,12.697348293382085,5475.758052844788,250.54
