vehid,entry,mid,instspeed,exit,length
457.0,747.7406359806457,749.3928865643085,12.269306315997405,751.7696341360275,45.93
456.0,814.1103990569252,816.2206869431052,11.719840910285988,818.6336120306989,45.93
