vehid,entry,mid,instspeed,exit,length
2574.0,2389.8724637571668,2397.498795764603,11.891127591696037,2416.2411178261736,179.94
6566.0,5822.646239159459,5830.0342296562685,13.225894789127782,5849.0,179.94
