vehid,entry,mid,instspeed,exit,length
211.0,400.1986726134833,401.1939509963002,11.129222728353861,402.13484838262764,26.82
62.0,916.5563304071089,917.5155120322053,11.98629617248146,918.3583053742651,26.82
73.0,1096.6409848809897,1097.5431087853278,12.697380447313796,1098.366892838753,26.82
64.0,1728.1633480776024,1729.1787655251653,10.295080300032952,1730.1789073931443,26.82
217.0,1740.4707820559108,1741.4680165855655,10.889252770620566,1742.4193667167333,26.82
210.0,1908.0123688433953,1909.0282938743164,10.337346346440874,1910.0369951707207,26.82
2060.0,3615.7544562622,3616.59865598468,13.670761407562095,3617.368641513787,26.82
4048.0,5597.237060549916,5598.167004371177,11.65380453384387,5599.063803485178,26.82
6209.0,7053.735319104919,7054.565304014423,13.560867799617682,7055.344630115571,26.82
