vehid,entry,mid,instspeed,exit,length
1133.0,513.8381398245176,518.2444570894032,12.36605881153656,523.0072268338953,104.47
1980.0,544.0701342274607,548.4966454448102,12.945794537948153,552.2669768517651,104.47
1147.0,604.4263916796949,609.5165075602059,10.445758599971672,614.981615247175,104.47
1148.0,606.2770856820338,611.4202047157731,11.389591976901881,632.9996820001095,104.47
1124.0,637.9958718730214,642.3359452136295,12.973883231163395,646.125130827471,104.47
2879.0,2398.0247687584674,2402.062870925066,12.939461129420662,2406.809991689699,104.47
3135.0,3513.8932717957446,3518.328810615384,12.754904380573135,3521.832268790375,104.47
3133.0,3605.201761427998,3609.422172917898,15.557154437100472,3612.513100286735,104.47
3120.0,3661.2439697443037,3667.0649541185353,8.851533206072833,3672.814348289214,104.47
5120.0,4327.581086568823,4332.179128978409,11.647202118587703,4336.026301769148,104.47
5131.0,4961.846738950376,4966.20058498214,13.391084262510374,4969.853454484404,104.47
4883.0,5554.5665010678495,5559.186728603323,11.671251505805259,5564.322445605401,104.47
7136.0,6034.399413774092,6038.525617477823,14.388172723946903,6041.8699092790985,104.47
7118.0,6268.1111975979775,6272.159581429343,13.946185913947643,6276.734748103746,104.47
