vehid,entry,mid,instspeed,exit,length
1864.0,764.0583220795183,766.048792526394,13.27229990632261,768.845885101485,69.11
1849.0,852.6555351246382,854.5677631220924,12.710919843688025,857.347929643279,69.11
3855.0,2465.3510603497134,2467.3821133149413,12.664104352664337,2470.320441396145,69.11
5840.0,4548.087692610368,4550.169871001117,12.911423446670295,4553.11187234906,69.11
5847.0,4559.369914247498,4561.209894289396,13.833772415094,4563.797248186089,69.11
7848.0,5969.088315937029,5971.11277177179,12.321622906985233,5974.046151203789,69.11
7837.0,7154.772906232709,7156.565603285064,14.110169403980569,7159.152690249132,69.11
7849.0,7259.603785647634,7261.567196962335,12.509166039943253,7264.413075269167,69.11
