vehid,entry,mid,instspeed,exit,length
207.0,1306.8099318912848,1309.4298977609894,11.9980504148197,1312.5981983622457,69.39
51.0,1561.1709000541493,1564.157360187771,11.184586649558504,1567.0673362691266,69.39
64.0,1740.252260731351,1743.274852962888,11.242670122516643,1746.0888476133532,69.39
2073.0,3093.645325168157,3097.036779032241,9.636291383547755,3100.750968106689,69.39
6072.0,7046.920295325654,7049.5231972311085,13.000875638644434,7051.971036848672,69.39
6054.0,7318.30461235979,7321.051524671619,11.966923373694259,7323.738402935547,69.39
6055.0,7499.26990844448,7502.060237497386,11.876807201489925,7504.747691866761,69.39
