vehid,entry,mid,instspeed,exit,length
2215.0,2295.720494991289,2298.274266380732,12.746596418432627,2301.550716127209,69.39
2059.0,3355.208185887824,3357.4894464390304,14.709885570955882,3359.747260390575,69.39
2214.0,3448.2998559314387,3451.01560815698,12.46806461713278,3453.660756315025,69.39
4066.0,4799.742634838363,4802.3309541312055,12.182932264411509,4804.87909703481,69.39
4048.0,5608.243869991658,5611.033252946426,11.541654803157174,5613.756542517529,69.39
