vehid,entry,mid,instspeed,exit,length
2749.0,3573.4609166524533,3574.4128172463666,15.85275069746948,3575.276881743015,30.92
