vehid,entry,mid,instspeed,exit,length
4216.0,4462.421158917799,4464.123494377858,11.302871663567284,4466.739353424511,45.93
