vehid,entry,mid,instspeed,exit,length
750.0,318.0756985317436,321.33041745809027,7.981430786879633,327.1065405962689,79.0
749.0,1217.858033173685,1220.5572982355668,12.822620851041235,1224.4698077409198,79.0
2755.0,1847.5399114979014,1850.2655483824128,13.253018363652899,1853.7125530903336,79.0
2738.0,2028.3803936861507,2031.1558734214016,11.73410710870815,2035.3827766898858,79.0
2754.0,2298.4202076816805,2301.394881746667,11.506358156741447,2305.5389146976195,79.0
2733.0,2300.684103437091,2303.2737861602213,12.02828927465283,2307.329039444833,79.0
2731.0,3287.8690934742162,3290.548851072906,12.341986321587008,3294.386698851284,79.0
6768.0,7070.887328221544,7073.512208621199,10.593174994451827,7077.977038592047,79.0
