vehid,entry,mid,instspeed,exit,length
4444.0,4303.0,4306.5525602620155,13.223148988643283,4323.290152221628,94.2
6472.0,6429.0,6433.092211486345,10.722567608783935,6437.817843545498,94.2
