vehid,entry,mid,instspeed,exit,length
77.0,844.6771455870283,851.2549366961133,13.667999354645202,860.056509982245,206.08
1273.0,1146.6828147063468,1155.1614638353183,10.850041979982521,1165.8856407510568,206.08
91.0,1201.7402790382305,1209.263878274747,11.359913720304137,1219.3789655768446,206.08
2077.0,3358.578654816165,3365.0871801690946,13.334859193200742,3374.0394304011083,206.08
4087.0,4172.731500786817,4180.164782641217,12.21764996889137,4190.308164435015,206.08
4091.0,4184.518235632783,4191.3748941667145,12.468799270000144,4203.005921925111,206.08
4093.0,4996.988951302999,5004.084588192815,11.763855763844779,5014.169263240078,206.08
4077.0,5161.624766172173,5169.384821393316,11.642258327928497,5179.681588519384,206.08
5276.0,5198.042635039684,5204.363916003203,14.153672306064077,5213.579561320587,206.08
