vehid,entry,mid,instspeed,exit,length
2205.0,1937.9797433699848,1943.526038663589,12.077156170393033,1949.319666822514,119.21
6208.0,6976.810839008117,6981.443337676486,13.650017203460013,6986.660432598005,119.21
