vehid,entry,mid,instspeed,exit,length
7862.0,5741.798299354255,5742.240304850667,6.930663047821354,5742.630223245079,9.4
