vehid,entry,mid,instspeed,exit,length
455.0,99.53967380976505,102.06713473072257,14.198617990198404,104.64270719865485,75.54
454.0,614.2099338820345,617.4113039136714,11.215127774400292,620.620579792972,75.54
2450.0,2172.1922616980114,2175.2667778184496,11.479830449003458,2178.406822782384,75.54
2441.0,2980.664553923764,2984.1421417678525,10.410030808530445,2987.5490982700944,75.54
6461.0,5726.387731244927,5729.4345317286825,11.748807906186002,5732.989342693998,75.54
