vehid,entry,mid,instspeed,exit,length
453.0,1321.618009048476,1322.3762165612345,10.990649590401787,1322.984629630434,19.37
2482.0,2113.280299353552,2114.016659000604,11.454250452882752,2114.6004470779903,19.37
4490.0,4632.263297422445,4633.053518266672,11.283627779082934,4633.64613395559,19.37
6470.0,6724.0,6725.479727112484,11.898174110299703,6726.044881102692,19.37
