vehid,entry,mid,instspeed,exit,length
2060.0,3034.650019681614,3037.0423270863525,11.72993295040405,3040.0863685072923,61.08
6058.0,7084.086444192098,7086.440212333005,12.278981301543165,7089.454007835888,61.08
