vehid,entry,mid,instspeed,exit,length
60.0,378.0,381.4726233001228,13.772109638404714,383.97483277863813,76.63
2212.0,2989.687004700069,2992.5847380746204,12.04220303591004,2995.418676444951,76.63
