vehid,entry,mid,instspeed,exit,length
280.0,371.8691920329193,374.19718359223685,12.54187074712749,378.6707850632999,73.63
288.0,674.0175702554191,676.4311307948298,11.7054684261342,680.7888707302903,73.63
309.0,730.9052389652712,733.1228965416101,12.798648520233016,737.9540568274629,73.63
350.0,1001.6408094794871,1004.238185480644,10.739119103345844,1008.7839323179809,73.63
337.0,1814.5361877073237,1817.2571486498844,9.811637318188662,1850.4330853796841,73.63
356.0,1816.4028760306464,1819.185480119333,11.04955614826465,1853.1449281203543,73.63
284.0,1893.6258410820335,1896.2937700349892,13.147882022202698,1900.6312667004431,73.63
2302.0,2455.9597915633854,2458.078923295257,12.712880123879371,2478.4824352717815,73.63
2287.0,2703.453082654565,2706.108717289554,10.942489143947224,2710.672598829262,73.63
2298.0,3071.748867584053,3074.120704097154,12.165976522866991,3078.8338757160172,73.63
2285.0,3522.482366567557,3525.107123429049,10.758292688847783,3529.771187495005,73.63
4338.0,3793.7590997578927,3796.2097199825216,11.092343735001444,3828.553911867673,73.63
4346.0,3886.0618810488077,3888.3095034611647,12.886058489830923,3892.776615726681,73.63
4352.0,3889.5965614918923,3892.2761008555412,11.072827518930424,3918.6384064163963,73.63
4537.0,4252.394049331995,4254.447921128788,13.546108402890807,4278.474639499133,73.63
4367.0,5231.862909147215,5234.370580610643,11.559925645898552,5268.177562029688,73.63
4312.0,5234.318240982326,5236.503207659047,12.423806327388055,5272.635010182162,73.63
4275.0,5403.808315157665,5406.453291811143,12.321602321501931,5410.809877935345,73.63
6334.0,5862.766783120548,5865.456703161133,10.867944321023316,5870.849234920212,73.63
6349.0,6219.1365980500905,6221.297318152116,13.095290968263068,6225.781009865623,73.63
6360.0,6586.732411937366,6589.18364436198,11.892511469144482,6594.331097505875,73.63
6359.0,6950.622159685078,6953.0264308482565,12.035143354963182,6957.785738538078,73.63
