vehid,entry,mid,instspeed,exit,length
1666.0,950.1468851490911,954.3398016341365,13.534057305010627,959.9747984845336,112.45
3649.0,3289.0,3294.126138157416,13.707870050906418,3299.0327803133105,112.45
5667.0,5180.057249468045,5185.098605882402,10.588388591600575,5190.99929656823,112.45
7642.0,6079.0,6084.143457042846,13.006353010835909,6089.445661578795,112.45
