vehid,entry,mid,instspeed,exit,length
109,1734.1167744871166,1736.38425946013,12.348086321412568,1740.9527989883616,77.12
2113,2365.0744612617295,2367.42860706204,11.920466344013487,2372.233231623816,77.12
2116,2441.95803167885,2444.0571776757074,13.22046601879482,2448.533029240578,77.12
4035,4604.635822443314,4607.136076158826,10.969339329707816,4611.862590154923,77.12
4030,5142.860894898771,5145.3836478608955,10.70691367478402,5150.059579661652,77.12
6105,5528.2521658579335,5530.218172357935,5.0,5504.399419378032,77.12
6018,5602.9159115228385,5605.14328418699,12.792930037065034,5609.439597940047,77.12
6039,6942.362565664507,6944.530569538802,5.0,6918.983694595388,77.12
