vehid,entry,mid,instspeed,exit,length
739,262.7604657581795,265.30913107478,5.0,238.89235883557194,71.43
2754,2065.1661653225315,2068.379211560215,10.48251810697932,2071.4846115866217,71.43
2455,2707.1563301421143,2710.498076801883,11.257226246229425,2713.6771496877527,71.43
2761,2947.9479074253154,2950.3347845979974,14.348020584015885,2952.7002932068112,71.43
4531,4323.605414931246,4326.580229423576,5.0,4299.208334817725,71.43
6734,6173.532802788484,6176.021785371927,14.352603847419541,6178.3496072821445,71.43
6747,6459.398160776462,6462.181415691619,12.328249377885069,6464.931793219324,71.43
6544,6753.9555574440465,6757.210743324422,13.095566341012354,6759.552924889953,71.43
6749,6914.747244568376,6917.223165808734,14.133573567308467,6919.609935495622,71.43
