vehid,entry,mid,instspeed,exit,length
148,111.31272965259164,116.20653170715788,10.492660948497257,121.16144340311185,112.4
90,199.43826586965397,204.13584753143445,11.40032196214009,208.87494404437703,112.4
2028,1907.7111126482419,1911.5824489097727,14.002639912138767,1915.459668048207,112.4
4005,4069.5173612276144,4073.4265370475487,14.41671521366463,4077.288893405641,112.4
5993,6225.638682163882,6229.103842894237,15.480997860687806,6232.6120423808925,112.4
7269,6465.1072588603565,6469.2574663278865,5.0,6455.665126273977,112.4
6055,6677.888483570574,6681.449836192629,14.629375573900104,6685.12717841483,112.4
