vehid,entry,mid,instspeed,exit,length
217,1848.3175123116312,1850.5353578047425,11.463738666666353,1852.4539501193806,50.36
2213,2560.4888453324597,2562.470854042019,11.715810412317731,2564.4032824635137,50.36
2212,3186.0379819052987,3188.0426494766316,11.437723041707127,3189.9086580214957,50.36
2208,3542.334396958102,3544.109422432326,13.614140853189541,3545.7790779655456,50.36
4066,3998.0020134250553,4000.0681913983663,11.892348527798449,4001.95104753127,50.36
4204,4188.727676387365,4191.022116192615,5.0,4162.73077081359,50.36
4211,5520.730025123928,5522.3298737376745,14.924564023143102,5523.876588202741,50.36
4063,5527.3010328198825,5529.40297833167,10.920697019132826,5531.367616676379,50.36
6059,6247.240350533527,6249.338084015389,5.0,6221.33237687722,50.36
