vehid,entry,mid,instspeed,exit,length
216,1735.3966712445088,1738.3531765862272,12.55437989272117,1741.23691029535,76.63
2053,3707.074307199875,3709.3918613312017,5.0,3681.634875576417,76.63
4066,3982.174636748484,3985.4722704814476,11.0474795777012,3988.616283505786,76.63
