vehid,entry,mid,instspeed,exit,length
1132,385.83388494597585,391.3421291486581,12.778934731373194,396.7448187941711,145.23
5145,4427.964361658859,4433.61591712437,5.0,4410.242187022062,145.23
7142,7137.685339399935,7144.2787105592515,10.772336270199052,7152.05419950361,145.23
