vehid,entry,mid,instspeed,exit,length
4204,4100.820149927926,4103.1793860821745,11.214187315985196,4106.253852550142,45.93
6199,5539.949046160102,5542.054919038411,10.855286878246352,5545.061336295835,45.93
