vehid,entry,mid,instspeed,exit,length
7046.0,5998.598330129191,6004.351067917069,10.756103622458866,6009.587845874967,117.49
