vehid,entry,mid,instspeed,exit,length
728.0,542.8615080856166,550.1411205723047,13.29286732734395,556.8799920739599,165.61
1845.0,568.0610233927194,576.3640655111622,10.062359719268986,590.5853057043582,165.61
1846.0,1642.5724140158372,1649.5986026436392,12.580436626833965,1656.7457871125364,165.61
1836.0,1913.6436139220386,1921.021479572705,11.526574169791363,1928.8247515184646,165.61
1034.0,1941.2797429850493,1949.0484227177933,10.738251570283879,1955.548666454831,165.61
2778.0,2042.0412558434389,2048.314584050169,14.106962825576174,2053.5976655933073,165.61
2762.0,3266.6947423640677,3273.2833235744724,13.285093252023929,3288.5829561217906,165.61
4770.0,3828.75818453361,3836.279160057879,12.529551512169427,3842.2718005334086,165.61
4754.0,3963.428200312957,3971.1542077011836,12.97564109837529,3977.767041062676,165.61
5840.0,4431.460434304686,4438.366531981869,12.845724882858628,4445.463505014778,165.61
4774.0,5315.338744746365,5322.243396576899,13.140621515853862,5328.775221772115,165.61
6751.0,6482.941262615115,6490.485506825716,12.2216955452353,6497.716951938146,165.61
7850.0,7057.577795057726,7064.243075916457,13.508455846398853,7069.8503658758045,165.61
7842.0,7133.640680058208,7141.126553050237,11.228413629159407,7149.007779174063,165.61
7841.0,7315.832227283662,7322.389213038335,13.882849077902419,7328.9244624289095,165.61
