vehid,entry,mid,instspeed,exit,length
4210.0,4368.2214310516465,4370.425133866252,12.160292041607418,4372.244232314407,50.36
4212.0,4551.797042068846,4553.563124007608,13.265846164789444,4555.275944202062,50.36
4209.0,4628.371389636403,4630.140501025212,13.088845639110444,4631.85682335815,50.36
6208.0,5988.87878164522,5991.126581361131,12.808616488096602,5992.747063444931,50.36
