vehid,entry,mid,instspeed,exit,length
1293,1384.2231500330554,1393.340779574837,11.609116689596659,1407.0619515589656,250.54
7298,5455.373283087445,5464.562097484139,11.674013202572082,5478.341197160105,250.54
