vehid,entry,mid,instspeed,exit,length
1852,409.1621182473051,412.55757958100344,15.278730923154177,417.87655303314807,125.75
1831,777.086354041896,780.6067855180158,5.0,756.8392814063178,125.75
3802,3213.8084698441376,3217.113282124031,12.873760969759456,3223.129723944639,125.75
3829,3559.338136383653,3563.049475333163,5.0,3538.97464059966,125.75
5851,4281.23699356062,4285.15146197248,11.542544103042447,4292.173310635739,125.75
5863,5089.422314111878,5093.055077622012,13.570032269021773,5099.119284741692,125.75
7859,5820.758119281582,5824.359711369648,11.807196709197411,5830.7841492601365,125.75
7829,7073.443096478777,7077.457234161695,10.710709864037694,7084.6883963896,125.75
