vehid,entry,mid,instspeed,exit,length
449,1805.9381808888359,1814.065530973303,10.243649746387891,1820.6877909740533,160.38
2536,3156.158002085236,3163.1757525150924,5.0,3138.707400784804,160.38
4526,3898.112049271702,3904.2159268621176,14.093456503010165,3909.0982460993687,160.38
