vehid,entry,mid,instspeed,exit,length
474,1632.293687746126,1633.0673638903786,11.399548215856958,1633.6539533519233,19.37
2493,2592.504348984045,2593.366472729387,9.081010502083883,2594.1108109266324,19.37
2472,2983.606510891157,2984.4622336746365,5.0,2955.0989935476646,19.37
