vehid,entry,mid,instspeed,exit,length
214,1038.4640855475234,1042.1021142329357,5.0,1015.2068686041619,80.01
62,1398.2670693061846,1402.0840278442888,5.0,1375.650699141347,80.01
73,1488.386099115637,1492.0182550763543,5.0,1464.7061330671256,80.01
70,1578.5398978412386,1582.0954534169919,12.890548561190208,1585.0233893808072,80.01
208,1777.6402242670547,1780.4800022533664,13.055336157874756,1783.1590035830493,80.01
2066,3108.1626141702664,3112.1338620385304,9.389173367456175,3115.816449568872,80.01
2055,3198.7338458284894,3202.4935359227266,11.193041939735783,3205.635848292502,80.01
2210,3406.2112750885526,3409.3561278182306,11.631783887013146,3413.084605765631,80.01
2216,3581.8058207075974,3585.218534266474,5.0,3558.4961277791544,80.01
2070,3648.200745724102,3652.0806363041984,9.603933817742178,3655.74855457261,80.01
4072,4008.404938206647,4012.064688181815,12.849916067682559,4015.031136555502,80.01
4050,4548.717392444847,4552.446376052018,12.267623256307585,4555.447190146847,80.01
4060,4551.009019976798,4554.346670739978,12.163132139907411,4557.437319935829,80.01
4208,4842.851440705499,4846.433382533893,10.880400981281275,4850.087180619953,80.01
4059,4998.619657334737,5002.209652545228,12.66969932963318,5005.120468902801,80.01
4066,5087.930808766155,5091.319528715893,14.216284303198528,5093.970679995885,80.01
4216,5112.71028929224,5115.177678954178,14.92942169580693,5117.6533020627085,80.01
4071,5178.257810212478,5182.014055935279,12.484830245118918,5184.911636686509,80.01
4052,5448.502304399237,5452.379605225456,10.783350308079672,5455.888834740212,80.01
6216,5469.304307718506,5472.0109232760315,14.450300675126178,5474.60156518897,80.01
6222,5559.058091008801,5562.066165724874,5.0,5535.085465511824,80.01
6073,5718.620255614115,5722.31819995888,11.689086885680812,5725.506654031898,80.01
6066,6618.0955954946585,6621.536997046248,12.915014233510282,6624.387210071541,80.01
6058,6798.319500641023,6802.298218249175,10.867267360382375,6805.604137350082,80.01
6062,7158.029742225968,7161.588874967199,12.650711196990803,7164.420723895501,80.01
6059,7428.494633959875,7432.160286521881,12.431972216689939,7435.0092395782885,80.01
