vehid,entry,mid,instspeed,exit,length
532,550.2370781856496,557.1201588949602,11.994040776315769,564.058527852339,174.39
547,817.2396419871882,824.1571502865071,12.026560275279374,831.0526564025384,174.39
1916,925.4178056740011,932.2555080509903,12.024262741599651,940.6535207360389,174.39
1891,993.9518935042867,1001.2084430612451,5.0,978.3715928066979,174.39
810,1717.4649532028766,1724.552053262374,12.187229195904871,1731.6335581513529,174.39
3072,2253.57674700498,2260.5855762194483,12.671951012675217,2267.1300722952506,174.39
2790,2257.6810632612596,2264.3550438394036,13.40471209881574,2270.956031030876,174.39
3904,2273.747031580585,2281.1381743272464,11.37478295203449,2288.888485943703,174.39
3053,2347.341979768257,2353.1700397894097,5.0,2329.144342762779,174.39
3899,2735.1784337800755,2742.1555886495225,12.81890359982594,2750.367836527905,174.39
3068,3515.8945504287735,3523.1027194957496,5.0,3500.284009522501,174.39
3080,3620.4446996524125,3626.319699297945,14.043025100383606,3632.1927717531125,174.39
5899,4520.466502842923,4527.255082746358,5.0,4504.176506236649,174.39
5911,5158.15254271254,5165.48770325748,11.220997949358472,5223.344112678271,174.39
7070,5692.899192362612,5699.584369904506,12.739557670317138,5706.501624264322,174.39
7919,5871.622598039448,5878.342905945979,12.365722488056353,5884.960711479331,174.39
7082,6036.24879187899,6043.3851917654,11.78075985672561,6050.384644929196,174.39
6538,6399.804749862347,6407.494571343971,10.78819450116945,6415.781191404762,174.39
6817,6575.910132199979,6582.169863569585,13.398171309260254,6588.758492294545,174.39
6539,6756.108100515134,6763.536072987783,12.260181496471738,6770.793155804831,174.39
7894,7044.965898857836,7051.435342534593,13.497976479063214,7057.6982358126215,174.39
7896,7228.290336783103,7235.472874259507,11.493601567003694,7243.833065680042,174.39
7057,7293.7216354685515,7301.1153989386,5.0,7278.16052496091,174.39
