vehid,entry,mid,instspeed,exit,length
480,39.0,40.06504067739848,13.037537430456718,40.316329290647964,10.54
2471,2427.039866913921,2427.2811136780315,5.0,2397.5223604421426,10.54
4475,4787.045431483587,4787.346134029107,10.895101321532657,4787.646836574627,10.54
4556,5269.0,5270.159936994142,12.690683999576029,5270.418093662545,10.54
