vehid,entry,mid,instspeed,exit,length
77.0,1038.3290474032294,1039.427613511053,11.189712595937102,1040.3569114881896,25.8
2037.0,2305.5276270632803,2306.383639807526,12.813726130968922,2307.2380721831782,25.8
4030.0,4098.92321724667,4100.051488421549,11.571361827504267,4100.993331150553,25.8
