vehid,entry,mid,instspeed,exit,length
1285.0,142.73392220797786,151.09499318975006,12.513860603806537,163.05218526411056,250.54
1277.0,349.2447766755088,356.31329386299944,16.830242818541173,365.20053614958334,250.54
3278.0,2557.630834512384,2566.363674219708,12.27631167869341,2579.770906549379,250.54
3269.0,2833.5490348379153,2842.3325286087606,12.54163900969266,2854.9096439311666,250.54
3264.0,3324.3129895572956,3333.016293830413,12.230938646216186,3345.0930490302258,250.54
5200.0,4358.8682014877595,4367.153282285459,12.86060293696846,4379.426703935779,250.54
5206.0,4697.151987691665,4706.358043190683,11.991490197627694,4718.528951681976,250.54
5278.0,5214.687335612414,5222.368433617949,13.255905314376044,5233.424011884408,250.54
5198.0,5455.933607090619,5464.2626444094285,12.645181629077284,5476.431817170159,250.54
