vehid,entry,mid,instspeed,exit,length
450.0,75.64919031682054,78.13824388005618,9.885618906822454,80.11947690677995,46.79
447.0,337.01227514903906,339.5416431046742,11.363173175855328,341.43304432756804,46.79
454.0,398.6777674186956,400.45378959751446,14.609868375405924,401.44854767385146,46.79
2449.0,3440.0156028838796,3442.053187371859,12.25867826520258,3443.2520282429036,46.79
4447.0,5331.929524514389,5334.233135173966,12.068559209556932,5335.46718846274,46.79
6448.0,5596.197431235058,5598.102855662287,14.521185103723656,5599.118098049061,46.79
