vehid,entry,mid,instspeed,exit,length
775.0,186.27941119050422,187.25705371182255,13.09919200786518,188.2424079088701,29.79
780.0,1356.2206618867174,1357.2459921150719,12.682142812478759,1358.2650180535998,29.79
