vehid,entry,mid,instspeed,exit,length
454.0,363.7843311895016,367.0269505239128,14.890006237872864,369.2445815945295,71.43
768.0,1596.6499764129205,1599.0381678564313,14.693254075271687,1601.3545531092618,71.43
753.0,1848.6963840642052,1851.5480365824483,13.113991086720716,1854.1291367525796,71.43
2458.0,1944.101650018598,1946.1742795243647,16.138081221585384,1948.2786338635433,71.43
2451.0,2148.0,2151.1945831659536,14.10432777354204,2154.8476562082255,71.43
2764.0,3018.904625877898,3021.6051405419876,14.652974635886437,3023.969022879903,71.43
2763.0,3589.4359512368837,3592.320604548875,11.663838783585698,3596.5328526771027,71.43
4445.0,3747.1373553990225,3750.1599068141218,11.920612191765008,3752.9626883911615,71.43
4748.0,5484.223399419274,5487.112470594265,12.162036537637528,5490.384461201754,71.43
6749.0,6832.074857811088,6835.022427943477,11.096695958368748,6838.922471550435,71.43
6757.0,6916.718612606188,6919.225784879233,14.17384677651866,6922.997083884096,71.43
