vehid,entry,mid,instspeed,exit,length
446.0,31.343994986718705,32.205869171358714,10.080821677222167,32.86919355739586,19.37
4478.0,5184.251411831834,5185.036986493239,12.096154698686062,5185.58979480434,19.37
