vehid,entry,mid,instspeed,exit,length
58.0,1864.1511027429422,1866.3733269906054,12.449320865125678,1869.4106404543384,61.08
4055.0,4473.354932507282,4475.483477111978,13.429565247037624,4478.70910762441,61.08
