vehid,entry,mid,instspeed,exit,length
1123.0,551.7212336706162,556.6099186060472,14.640909578828808,559.9735507803972,104.47
871.0,688.0614941872831,692.1555876283859,12.98607151441228,696.7918778557619,104.47
1143.0,1322.6110560471948,1328.1199284522568,10.363435778932176,1333.9598409027951,104.47
1978.0,1534.045001817258,1538.4413233039822,13.20115355551303,1542.0114640551315,104.47
1122.0,1803.9844068053355,1808.4744655611041,12.356661145422793,1812.4094113998099,104.47
3121.0,2706.9889873452585,2711.289021308319,11.922652587302673,2715.104562569477,104.47
3973.0,2710.957319167461,2715.444243560688,12.449971238681867,2719.3526122666603,104.47
2852.0,3425.5982595621876,3430.5320912672782,11.627262324647454,3434.57393561106,104.47
3118.0,3435.2893913784196,3440.0901833935714,14.634807060099655,3443.300545965337,104.47
3957.0,3603.926770489125,3608.214957388794,13.015062904514282,3611.694476497909,104.47
4861.0,4113.167488177595,4118.423500608657,10.427255480071961,4123.817018267304,104.47
5130.0,4561.672558412943,4567.3611479609035,10.320665610592137,4572.777951835257,104.47
4877.0,4685.124096560159,4689.559064162696,12.947021435123709,4693.060308265455,104.47
5127.0,4686.9542565691345,4691.314022066982,13.482810249360359,4694.815413570183,104.47
5972.0,5406.154948634126,5411.460811874985,10.828555821469262,5415.9877727420635,104.47
7983.0,5763.82847548707,5768.205318267881,13.35257379017864,5771.729413549287,104.47
7128.0,5907.719669115092,5911.539627490686,14.453377717358078,5916.499702354247,104.47
7149.0,6043.484963328933,6048.353125919533,11.26426516934215,6052.47511188967,104.47
7976.0,6756.030644941032,6760.135167893981,14.213492051733493,6763.512746756115,104.47
7967.0,7115.6252521029855,7120.228691882955,11.611002777766211,7124.108638546001,104.47
