vehid,entry,mid,instspeed,exit,length
3953.0,2305.391684014179,2317.4658640182233,12.78155493459162,2326.756409330374,249.89
3935.0,3479.339872548691,3491.3351802898787,13.515648243286991,3500.396530655351,249.89
3941.0,3656.7183775630915,3668.1783489372174,15.15181383484004,3674.925646181574,249.89
5688.0,5275.036885957732,5286.390079028921,12.257291898256208,5295.74960581263,249.89
5111.0,5313.818873295293,5326.382637409578,11.464638488671422,5335.344244865868,249.89
7109.0,5612.083699004188,5623.424050708544,13.052197839845444,5632.826962837154,249.89
7942.0,6083.228553081077,6093.332205024207,14.784883424558943,6100.421175473758,249.89
7934.0,7343.837704621569,7354.243018843273,13.782718658625658,7363.876081798802,249.89
