vehid,entry,mid,instspeed,exit,length
308.0,230.77811343622804,237.35341240562005,13.013082496225485,243.67860229142707,165.72
2345.0,2033.244401128471,2040.3033514292517,11.990038073080129,2047.0984077088751,165.72
4346.0,3831.5299436861824,3838.0524119886745,12.816214573684958,3844.258598869834,165.72
6373.0,5718.624927663486,5725.059686820061,13.42667793428968,5730.992815727315,165.72
