vehid,entry,mid,instspeed,exit,length
211.0,903.545962631684,905.1351703543032,12.101855981372642,907.8048983993872,46.79
2220.0,3063.580840668452,3065.167420610492,10.129267627307014,3068.01838369865,46.79
