vehid,entry,mid,instspeed,exit,length
43.0,373.4478836397664,375.5519736591569,12.63441728017735,379.8558987176062,77.12
45.0,682.248450936961,684.5744020599365,12.51742544653644,688.1781355529781,77.12
33.0,1308.0581943543084,1311.1008950087994,11.928393309184518,1314.3833986244658,77.12
2074.0,2891.6376472749785,2893.466645626712,14.866910827496572,2897.664600697336,77.12
2026.0,2987.6049877107102,2990.1614405291284,10.341566224454969,2995.1076423324316,77.12
2071.0,3533.390804022575,3536.009947813265,11.115424387866232,3540.7702130660145,77.12
4048.0,4424.578598616418,4427.001793805528,10.959623495401653,4431.688274814209,77.12
4117.0,5411.980714295935,5414.046162789816,13.345784054829966,5418.374232823954,77.12
