vehid,entry,mid,instspeed,exit,length
597.0,1746.0,1749.3543120975273,14.58747068498448,1752.9816684276257,94.2
