vehid,entry,mid,instspeed,exit,length
2132.0,3198.588733189596,3201.5655097686363,14.518624711411308,3206.1191903607414,93.12
2140.0,3200.4693942463737,3203.3124756618186,13.20796712497982,3208.754146999329,93.12
4152.0,4099.012267387473,4102.234040514029,11.237310170455318,4107.192857678125,93.12
4137.0,4731.643420497286,4735.041087603171,14.277111283774538,4739.931606696334,93.12
6151.0,5541.0366532540065,5544.39283413448,11.470071958169763,5549.943669327227,93.12
