vehid,entry,mid,instspeed,exit,length
453.0,469.84275849559987,472.4294962468544,9.964773518139102,473.8428467035061,46.79
2444.0,3377.2370743915403,3380.0619320072633,9.576317232714588,3382.194157074986,46.79
6442.0,6804.202896612789,6806.474635865795,11.42246809073668,6808.487030666447,46.79
6451.0,7215.592478164205,7217.57759087099,13.730293299679667,7218.6744473421395,46.79
