vehid,entry,mid,instspeed,exit,length
1754.0,827.6450723947751,830.634990568119,14.037642717414455,837.6935876821894,125.75
1840.0,1670.9653853183042,1674.507562229683,12.148020683735663,1680.9496339671612,125.75
5817.0,4011.659740531101,4015.0279970888823,12.443758668509192,4021.0721050958828,125.75
5854.0,4461.464298136964,4465.083681054938,12.386854676943479,4471.2699535135735,125.75
5826.0,4549.512790905062,4553.248390314996,11.972731154968583,4559.646721992686,125.75
5843.0,4729.423789765858,4733.33117506781,11.810988200804328,4740.102403592148,125.75
7833.0,6261.680970608994,6265.17057710109,12.116404954494408,6271.740999606412,125.75
