vehid,entry,mid,instspeed,exit,length
527.0,1622.132661094642,1629.0317068895247,11.06399400488733,1636.453466623628,155.68
2520.0,2031.6099460866913,2038.0084000452719,12.212722150758442,2053.0,155.68
2525.0,2125.597452001119,2132.4855580917942,10.267606631279023,2150.0,155.68
2533.0,2635.0096550302333,2641.367196770508,11.805718087579905,2647.945616759596,155.68
4527.0,4633.759373361522,4639.591729081484,12.598821869913792,4655.0,155.68
6443.0,6366.524234344897,6372.520732108493,12.069292601681939,6386.468077739746,155.68
6532.0,6439.573410449973,6445.50778007928,11.96304550696233,6462.0,155.68
6444.0,6983.033004430759,6989.155758856296,12.333200260369816,7003.0,155.68
