vehid,entry,mid,instspeed,exit,length
4057.0,4564.825200657308,4567.289132427681,11.94203613787142,4570.421553179244,61.08
