vehid,entry,mid,instspeed,exit,length
341.0,546.1082891187722,552.0814485062576,11.424563243911647,556.8030527609061,123.36
1473.0,771.7509940186708,777.412163480574,11.448921708102196,782.8774662351326,123.36
127.0,817.7583588794936,823.124605232767,12.752305897237946,827.4358829852796,123.36
1480.0,860.3824644190834,866.4956692095193,11.171839765807713,871.7867877074109,123.36
360.0,1173.9666708611946,1179.1414973810406,15.174946949387413,1182.6078381433358,123.36
1472.0,1218.1564341785277,1224.1675274481743,12.799886606513173,1229.6321505625183,123.36
1494.0,1578.0404139195123,1584.154582314758,12.718684971868731,1589.653996095074,123.36
362.0,2076.0165149777813,2082.3962809086424,10.78033000341057,2087.3751431227247,123.36
357.0,2080.00374918202,2086.121867173156,9.706998385862343,2091.292622283535,123.36
3483.0,2477.8427867648365,2483.602343419615,13.017573294975495,2488.743603653684,123.36
3494.0,2480.4130502961384,2486.051466757924,13.76462097166662,2523.6122003207192,123.36
3488.0,2928.5276564808155,2934.278159783845,13.861438318342312,2939.3311772155344,123.36
2364.0,3338.126384402768,3343.171494696055,13.716343326508337,3347.034337191753,123.36
2333.0,3696.7162098445265,3702.474899639057,12.00435909876979,3706.65528626623,123.36
4129.0,3971.3679527925124,3977.392397542068,11.135248995460815,3982.2416955111885,123.36
5496.0,4030.406678313957,4035.3531932624114,13.410229267411113,4053.4354902325963,123.36
5498.0,4196.729373359082,4201.403324957326,14.737802556831486,4205.995285921676,123.36
5479.0,5267.963775792555,5274.063139866512,11.708235935261376,5279.761384087778,123.36
5495.0,5282.55646820087,5287.512723260598,12.862711058028491,5313.605907589345,123.36
6334.0,6213.753025597438,6219.016275782166,15.375484777748985,6222.474524757197,123.36
7472.0,6527.899595827914,6534.0892371579785,12.69088748457847,6539.309025034863,123.36
