vehid,entry,mid,instspeed,exit,length
3147.0,2366.516051976247,2372.2086468310677,12.09292555780321,2378.8404454438237,145.23
5121.0,3983.457621617159,3990.476002828096,9.566332187846587,3997.461058521732,145.23
7116.0,6333.974225723405,6340.023380087363,12.143366848623314,6346.982912938456,145.23
7146.0,6572.357968377287,6577.405884236604,14.150537193336373,6582.451735630198,145.23
