vehid,entry,mid,instspeed,exit,length
214.0,332.50924539658064,334.28932454487546,13.010935852140813,336.7999087809111,45.93
206.0,868.6673354939304,870.4934636193824,12.223766157119387,873.5639601663999,45.93
210.0,1173.6524936733867,1175.5650337373718,12.410441788961537,1177.3168860711414,45.93
2210.0,2714.544985647511,2716.359253224764,12.495646408978146,2718.0318890134813,45.93
4212.0,4141.559461573424,4143.433289826475,12.719119469494713,4144.95975944696,45.93
6213.0,6188.761973892338,6190.468030077345,12.686235780983194,6193.130871220894,45.93
