vehid,entry,mid,instspeed,exit,length
1047,321.78741961695715,326.3450861050712,13.511415943549704,330.703187159068,117.49
1048,1518.264724940057,1523.1575621128973,12.070432824964898,1528.8942518650178,117.49
3050,2441.2233718906073,2446.054512976392,12.288214908961796,2450.688413853005,117.49
3048,2565.8682418259914,2570.4640423847663,12.279716052874663,2574.760415339702,117.49
5050,5092.783672268149,5097.540373286166,12.753095633314947,5102.096540745146,117.49
7047,5619.830212346644,5624.412506259502,5.0,5598.728255344062,117.49
7048,6395.364028151864,6400.417427599258,5.0,6375.074842906154,117.49
7046,6727.691451266174,6732.419891813568,12.24277895797247,6737.075393677089,117.49
