vehid,entry,mid,instspeed,exit,length
677,423.7089403915695,424.0009130589768,10.554490472983558,424.14014443629196,8.94
6658,6723.68117074743,6724.000425904917,9.665566704830045,6724.15246212693,8.94
