vehid,entry,mid,instspeed,exit,length
1263,241.4392864130934,248.1761007481496,13.021813462085461,256.53843472204636,206.08
78,401.2744467879406,407.1126449007766,5.0,385.39142706788135,206.08
1268,1233.5367949163203,1239.0232647545945,3.867941186463785,1216.8487578707086,206.08
79,1474.9551547943615,1483.5245578987008,11.288175579299097,1494.498156199032,206.08
85,1828.8209147085274,1835.2315256381405,13.150720656846005,1844.585164383648,206.08
5277,5302.436714061333,5309.469017295787,12.594558415868914,5318.8423448637695,206.08
4073,5524.336583382849,5531.317302687673,13.107106200483766,5540.829896952002,206.08
6087,5810.10656743106,5817.523821042347,12.477279175997575,5827.47451345229,206.08
