vehid,entry,mid,instspeed,exit,length
1496,363.9387285378291,368.3644822371988,14.093589443950474,373.0815973020397,105.03
1495,1086.7963040965224,1091.5579707650186,14.469030742225613,1096.7505627789476,105.03
1386,1371.1266106335072,1375.0504734971628,12.276876310471694,1380.40739502346,105.03
3488,2883.881388825278,2888.4024401247384,12.170938666211756,2893.748336529248,105.03
7381,5528.128024746532,5531.484969439887,5.0,5508.712067100914,105.03
7476,5584.051613610549,5588.599535853137,12.622556914507411,5593.955849489387,105.03
7481,6483.655515148258,6488.012963415743,12.928399575872026,6493.131157848776,105.03
