vehid,entry,mid,instspeed,exit,length
1763,838.4579996920262,845.1736799078163,12.537085500379748,848.4577471479914,135.0
