vehid,entry,mid,instspeed,exit,length
216,1817.3280449567649,1818.3128970454225,5.0,1789.2057621220272,26.82
2065,3166.317013026099,3167.244280834247,12.619417201358996,3168.0762083532964,26.82
2212,3359.3514223134384,3360.353045580671,5.0,3331.260966370059,26.82
2216,3622.5442936948507,3623.495807391865,11.9362924885762,3624.3633436459854,26.82
4212,4340.059271376254,4341.232079383995,9.643274093894414,4342.299268196379,26.82
4061,4786.416092808306,4787.3130160642495,13.127814908845425,4788.1059257891375,26.82
6068,6046.489997609099,6047.358857365146,12.715711902319038,6048.176940846894,26.82
6073,6586.2731474903285,6587.232347369244,11.86190428058704,6588.111563534617,26.82
6210,6676.478045156057,6677.350555984101,12.966395939068516,6678.155662243802,26.82
