vehid,entry,mid,instspeed,exit,length
6055,6357.0,6360.361539246337,14.785062649641217,6363.097542331126,83.15
