vehid,entry,mid,instspeed,exit,length
2421,2313.0150288415934,2317.3727635512173,12.000830678489724,2320.0177586930495,90.94
2418,3156.9582090945473,3160.614243679558,5.0,3134.5041959274427,90.94
2420,3522.934958380792,3527.4805302451896,11.758052472074919,3531.452704847512,90.94
6425,6760.843842475801,6766.176382691472,10.121136223714124,6770.438990874665,90.94
6424,6848.0054224326805,6852.374037277898,12.442455015109935,6855.80104733245,90.94
