vehid,entry,mid,instspeed,exit,length
428,478.3607500603851,489.25898970292343,5.0,467.33833828853057,236.49
424,664.321872844011,675.2875939811903,13.285071761364518,683.8117829882362,236.49
426,747.4857893527691,756.6157964377657,15.217578358529094,763.729912334963,236.49
417,843.3963560223145,854.3243411948253,13.052631615682792,862.2541915271277,236.49
418,1025.218094532448,1037.5382537592563,11.466787713547047,1046.4319842870402,236.49
406,1825.0336588459427,1833.208654228764,17.09716901699445,1839.6269807532385,236.49
438,1831.8469551268338,1842.4260434361495,13.440836192391012,1850.1968861080275,236.49
2445,2468.4779224871095,2480.4254037852843,11.07504176355535,2489.1429460602026,236.49
2443,2553.713269036383,2564.4476315936545,11.920572734905363,2573.3702113975137,236.49
2436,2733.0967446305303,2744.4031946715336,11.960094520500137,2753.3678338721006,236.49
2418,3269.113154335653,3278.295299069208,15.208645713711629,3284.9843020267494,236.49
4441,3902.2789176372353,3912.58137824394,5.0,3890.1570478785757,236.49
4411,4446.626621705559,4458.557415048125,11.330526225564569,4467.254757785704,236.49
4437,4799.580178171433,4810.163709597291,13.320384102740826,4817.935983694601,236.49
4407,4980.870134916015,4991.456469552285,13.350865308344893,4999.201234315821,236.49
4433,5068.818232506468,5079.144876807643,13.122261810661444,5086.798980431624,236.49
6434,5967.220632938995,5976.63312527123,5.0,5953.829724547617,236.49
6429,6059.937720881179,6070.511698936794,12.731951375219007,6078.226308974031,236.49
6441,6483.497172850619,6494.0086975906215,13.49368439774543,6501.6318623149355,236.49
6410,6877.135900239502,6890.387367197989,5.0,6870.5464486308,236.49
6421,6878.949930759484,6892.265011756632,9.537853807690826,6902.869600361871,236.49
6416,6962.780070177655,6973.565302438253,5.0,6952.40567447018,236.49
6423,7149.636154468999,7159.219787894321,13.653152014025018,7166.4022412591585,236.49
