vehid,entry,mid,instspeed,exit,length
205,543.4324166181594,545.0570868404734,12.571989592344032,547.8489186442652,46.79
4206,4503.030948465514,4504.215615388697,13.536507130832245,4507.023954716699,46.79
