vehid,entry,mid,instspeed,exit,length
1263,487.14192528028866,496.28516930964054,12.774289551954748,505.12642374144286,232.08
1266,558.4675286191929,566.5746412027338,14.239251960942084,574.7539217687955,232.08
1442,1797.6994756117194,1806.1774206045425,13.261646082542438,1814.484671654445,232.08
5260,5061.206140083971,5070.224975577792,5.0,5049.940878706877,232.08
7206,6697.00994017907,6706.553803581043,13.055527832063671,6715.798065696242,232.08
