vehid,entry,mid,instspeed,exit,length
815,379.36116666228577,389.15519328937427,5.0,369.2135961455657,245.41
795,918.7603837979817,929.2446161633608,11.597764457267848,940.0879713028755,245.41
794,1733.245547411349,1743.1613024725589,11.647834324662924,1754.914963540504,245.41
2795,2279.2232804524424,2289.0510289237086,12.116929748310211,2300.831523751787,245.41
4806,4249.291222734956,4259.019869129546,12.467082351880029,4270.600549092798,245.41
4813,4683.595360265009,4694.334739444437,10.516167128606439,4707.270700101917,245.41
4796,4961.919442127198,4969.624544513368,15.125357144522317,4978.918565081217,245.41
6792,6068.129317813464,6078.431394023728,11.499736721486164,6090.184202232448,245.41
6801,6574.140538724553,6584.208908940482,5.0,6564.271506517781,245.41
