vehid,entry,mid,instspeed,exit,length
791,1132.3818635792343,1140.2823177597813,14.717770024525052,1147.5893668030335,206.14
811,1287.6034961627422,1296.3326123126087,13.269257172066853,1304.1449193608078,206.14
2814,2108.6692318635273,2119.0641948661428,10.992320298616667,2127.8921020691027,206.14
2816,2956.5077059755627,2967.1308018697014,10.147721983229482,2975.942268134982,206.14
2788,2961.9754517435103,2972.3561675836454,10.683766525208284,2980.8766056651502,206.14
2792,3543.3467691355763,3552.263749647694,5.0,3530.0501941663347,206.14
4797,4300.917082512504,4310.343337351189,5.0,4288.807037214171,206.14
4802,5478.692264244184,5488.45839498269,11.105273386944805,5496.749401519296,206.14
