vehid,entry,mid,instspeed,exit,length
63,723.85378879128,731.3894995736766,14.66989728663274,737.1242078689988,181.82
3266,2181.9303933420674,2189.5086724341277,13.269260738452928,2195.3896915752684,181.82
3263,2730.5081093216168,2740.367617952747,11.074422838051225,2772.0,181.82
5271,4972.645321053378,4980.5526237535305,13.18098055958048,4986.515376113399,181.82
6091,5588.417867291597,5596.047127430812,13.387520549484202,5601.643455403588,181.82
7287,6153.0434153382375,6162.333752026103,5.0,6140.73285288227,181.82
7273,6415.987702574509,6424.115704856203,5.0,6405.295086226193,181.82
7271,7232.366681925723,7242.170802274216,11.331282078633501,7297.844588728093,181.82
