vehid,entry,mid,instspeed,exit,length
1281,184.56674943601266,193.4473501626982,11.40415937836085,201.6871145750671,217.32
1254,274.5147796690904,282.56221034309084,13.771847188358757,290.27793669559117,217.32
5222,3832.0,3841.1445879866956,13.555954273264028,3850.4831850519167,217.32
6090,5520.152956008579,5527.549896628595,14.565908672930771,5535.981155645531,217.32
7214,6536.0,6546.053170465831,5.0,6534.947554136207,217.32
7226,6843.966704249029,6853.3633108371105,12.10658311190848,6862.493139810931,217.32
