vehid,entry,mid,instspeed,exit,length
2459,2868.0535259240796,2869.2192191802164,10.667138259783263,2870.3752443461926,30.92
4216,4915.09678838323,4916.116311163428,12.986332852818197,4917.09160411884,30.92
4732,5017.026274046261,5018.1075248320285,12.366327608317501,5019.121787440109,30.92
6210,5635.381921943849,5636.2145694010005,16.457796136048692,5636.981137501049,30.92
6463,6561.081173580602,6562.311604790939,11.362297796486311,6563.43419478997,30.92
6452,6827.00895547752,6828.085280019149,5.0,6799.118209541084,30.92
