vehid,entry,mid,instspeed,exit,length
103,813.7924899776233,820.5997715186973,13.157805125530862,826.7008715295912,174.39
2094,3063.334227237953,3070.3694868431608,5.0,3046.588600950969,174.39
2080,3603.5987311882527,3611.233600853117,11.896313794956068,3618.399644039329,174.39
2091,3783.9104353648027,3791.119051654661,12.983790866008297,3797.789243392184,174.39
4081,4144.141430587973,4150.551954766408,5.0,4125.902708320264,174.39
6104,5612.197399579897,5619.20244219381,12.0050163575598,5627.334633461011,174.39
6090,6226.038500167039,6232.4032489012325,13.597976167082537,6238.688644338469,174.39
6077,6316.148124764565,6322.571698741519,12.654653492793539,6328.99953469232,174.39
