vehid,entry,mid,instspeed,exit,length
2451,2184.605229811019,2186.4666697489956,11.10718139888421,2188.989139809149,45.93
2457,2813.6983306363495,2815.4131766172145,5.0,2788.0279484184075,45.93
4451,5070.2520974449835,5072.16141875501,10.594108878066837,5074.789624292749,45.93
4453,5156.320698193729,5158.38530424286,10.690111552548744,5160.88961665287,45.93
4452,5420.733145787786,5422.262725881513,12.987785711514649,5424.7278544172605,45.93
