vehid,entry,mid,instspeed,exit,length
535,187.0,193.35242727808316,13.502916474521482,199.36037462278037,155.68
550,1237.873731102479,1243.1272790979147,14.161579697375135,1250.3607980107574,155.68
6526,6995.463118048147,7000.380333765532,5.0,6976.896662247165,155.68
