vehid,entry,mid,instspeed,exit,length
4546,4721.409734115674,4722.257537739099,13.736953356357375,4723.099620086507,27.18
6552,5508.430160119069,5509.20516453184,14.535845616307745,5509.999713614006,27.18
