vehid,entry,mid,instspeed,exit,length
1223,1869.0,1874.158059510742,12.623573412060756,1879.561876703776,112.4
2040,2806.6742740427935,2810.247730626586,15.706468783978686,2813.8229946917613,112.4
4078,4699.523764629604,4703.566470848169,5.0,4677.681637657449,112.4
7229,5648.0,5652.288502529855,15.487976063398106,5673.433906740877,112.4
