vehid,entry,mid,instspeed,exit,length
69,687.7054104909354,690.3993339640266,14.802234587932697,693.1228747633254,83.15
2070,2757.3023953188062,2760.313774930318,13.558932113977455,2763.3287700835144,83.15
4067,5547.371174833982,5550.451694090092,5.0,5523.543619775156,83.15
6057,6446.556250495516,6449.424155876272,14.183618369389642,6452.312152921047,83.15
