vehid,entry,mid,instspeed,exit,length
207,846.1356461428361,847.0144978575645,5.0,817.8601438524477,26.82
2065,2721.444767054334,2722.447363996327,11.373039237837883,2723.374042600761,26.82
4069,4424.430095398908,4425.200479479141,14.802682159646297,4425.901078864379,26.82
6075,6316.22649020922,6317.1031988858895,12.837513050514296,6317.911046167533,26.82
6060,7397.478113517432,7398.474816783004,11.213505710392086,7399.400781692228,26.82
