vehid,entry,mid,instspeed,exit,length
72,728.4814266405158,732.0447894039457,11.765267374435744,735.7508374992185,89.5
212,823.7988652576006,827.2981787282368,12.140976191125757,830.8473980552614,89.5
217,1180.6775082541358,1184.4929375944432,11.188215415416371,1188.2612799727378,89.5
59,1988.9234269469111,1992.5579186884884,11.713508631306848,1996.2155614887854,89.5
2061,2707.937528914135,2711.3320395655765,5.0,2684.799593006757,89.5
4072,4058.302100215943,4061.141032562931,14.771813454809497,4064.004467582805,89.5
4060,4958.488158853543,4962.298413126276,10.980517439087869,4966.232919464742,89.5
6063,6488.008895770594,6491.278637827856,13.257188521310907,6494.5628511142495,89.5
6210,6776.902947075412,6780.270588393233,5.0,6753.658044053289,89.5
