vehid,entry,mid,instspeed,exit,length
854,686.5826048448882,695.1213157615524,16.850429137203186,703.8499329912579,295.19
3097,2295.8429086666642,2307.0086952360334,5.0,2289.348737225677,295.19
2832,2383.0586918267577,2394.450544517984,5.0,2377.347063132504,295.19
2878,2842.900997125822,2854.3978893423932,12.133199038401354,2866.202935068217,295.19
3086,2848.2891602022,2857.665361200049,16.74299972937705,2868.0122474868645,295.19
3117,2947.178908989299,2957.4673012410967,13.968734946151773,2968.02627755887,295.19
3106,3482.5912098533513,3493.4712729937664,12.999473918884103,3522.112225834983,295.19
5956,4745.4365982805275,4754.256248069724,16.245161637363854,4766.976098007368,295.19
6903,5551.1731774362415,5565.319185679893,12.725284084512412,5592.0645161362545,295.19
