vehid,entry,mid,instspeed,exit,length
33,678.9250245501702,680.4196814054778,11.771158479785564,681.3930317447871,37.01
70,1218.747405492637,1220.3584648256344,11.205703502543916,1221.3653796850515,37.01
6071,5538.769999235697,5540.3342554572455,11.581786967158717,5541.274710070301,37.01
6059,5540.725784711231,5542.154009344322,12.934532100249918,5543.02139766743,37.01
6045,5898.687653683372,5900.259033962943,11.62584183698468,5901.182711216873,37.01
6036,5989.02039106281,5990.535881869566,11.46129108757473,5991.450939509034,37.01
6046,7068.506594288526,7070.137404533892,5.0,7041.09287968084,37.01
