vehid,entry,mid,instspeed,exit,length
478,1510.0004090256223,1510.2265932174978,14.48458742374732,1510.452777409373,10.54
513,1817.0748108805758,1817.3501308353893,11.899554114436523,1817.6254507902029,10.54
2490,2214.0,2215.0380789453234,12.389926858974277,2215.3025021932067,10.54
2498,3349.0151541287205,3349.2770304470437,12.510427525745941,3349.5389067653664,10.54
2514,3498.0,3499.1242865810664,13.44993768040224,3499.3678702153506,10.54
4516,4689.0,4690.27087503923,5.0,4660.577698179994,10.54
4485,5005.002667348382,5005.239734448766,13.81965146484327,5005.47680154915,10.54
6487,6868.017250850059,6868.252639171301,5.0,6838.488027492543,10.54
6514,6885.0,6886.066533539268,10.936022060675423,6886.36611090688,10.54
