vehid,entry,mid,instspeed,exit,length
815,76.81136691362877,85.43606887495113,5.0,63.052599683258634,206.14
801,150.97830713154562,159.12870639616347,14.860606262451887,166.04245431769414,206.14
2798,3508.5709467053,3517.4708783975343,13.341614499541242,3525.094473645682,206.14
