vehid,entry,mid,instspeed,exit,length
1496,174.29135057485584,179.2227089830867,13.088941169166837,183.1168466453637,123.36
1486,590.1947724482578,596.19667300597,11.333233002016181,601.7336871088704,123.36
1474,803.2569836013466,808.4785880119296,12.513749126036942,812.6613741176967,123.36
1490,1409.2036002150671,1414.096702818981,5.0,1389.3262472875024,123.36
3486,1850.9475541512813,1856.3158040040023,12.958176576880934,1861.9563001912693,123.36
4355,4413.950852437692,4418.599799139154,5.0,4392.226868388617,123.36
5485,4919.200599188909,4924.546632102877,12.80360414011669,4929.934743303124,123.36
6338,7213.583569668969,7219.36512159265,11.771162905168959,7223.955764061574,123.36
