vehid,entry,mid,instspeed,exit,length
1257,198.0718131824893,201.61934444817567,14.534944421530838,205.90472739981243,95.72
1530,213.47989357750075,217.5310105749294,12.382768563419312,228.39784985223798,95.72
1549,364.12114121690536,368.3738376673879,15.088931318377586,372.32407844367896,95.72
1374,453.6025268147819,458.5324022480128,11.01881804325695,463.11621933752025,95.72
1388,456.1369489234669,460.5666487029553,11.824998986854796,498.23239523055673,95.72
1668,995.8164745555123,1001.2399037430189,10.333751477999163,1038.3634933539577,95.72
1664,1083.7592454919684,1088.2695014430926,12.582412570689273,1092.7510357552903,95.72
1676,1173.671740123978,1178.337317755549,12.205057568599198,1182.970413767681,95.72
1222,1263.779262096522,1268.1288213298076,13.112905955446555,1272.2506469699993,95.72
1253,1536.3153301590435,1540.464961187948,5.0,1549.870304527089,95.72
1662,1623.8200635742692,1628.1388718002854,5.0,1602.1591633281387,95.72
1673,1893.9689182483503,1898.129424450047,3.2580419288133697,1871.9871617359254,95.72
3388,2073.6785783138425,2077.5895599462856,5.0,2051.722831301091,95.72
3641,3066.0693087113336,3070.0557642942754,14.277164799613415,3108.334530047119,95.72
3650,3514.984715538201,3520.3283575168653,5.0,3495.558583094812,95.72
5526,4233.9618441022485,4238.422173269523,13.90325736860624,4242.514301953089,95.72
5388,4506.063952486019,4510.192388217209,14.791502945915674,4548.438270455688,95.72
5524,5223.665112229635,5228.254272538466,12.374801576027425,5232.880456772049,95.72
5393,5313.859823144441,5319.402488979841,9.029599432888043,5324.6950086571,95.72
5247,5512.287336507968,5516.109496415691,13.799713498284147,5538.141263723691,95.72
7532,5853.672260544654,5858.074779791351,13.586928712764113,5862.176743319172,95.72
7515,6214.072550430667,6218.422666455614,12.954779672962351,6222.949553211803,95.72
7227,6575.8912300247985,6580.358200116075,11.908921817491246,6618.466165349278,95.72
7214,6843.66820287466,6848.287171597255,12.08556113484379,6852.717887392775,95.72
