vehid,entry,mid,instspeed,exit,length
43,1308.7192195534324,1310.027024189917,9.960145434831833,1311.101878944462,25.8
2044,3118.5950441327695,3119.540728283378,11.534826736691361,3120.459431048881,25.8
2093,3123.2455715324186,3124.1975468100695,11.147863551053764,3125.1733385293414,25.8
6041,5907.7255894053405,5908.541071018394,5.0,5879.37255048182,25.8
6027,6179.177207547854,6180.215788016926,10.581079787946926,6181.253261678247,25.8
6081,6260.949995213784,6262.0489240408815,12.1357072439286,6262.94696836437,25.8
