vehid,entry,mid,instspeed,exit,length
648,1641.0,1645.0693936929242,11.318346435418356,1649.7934274837824,94.2
6639,5996.0,5999.939151543214,8.018230321329941,6004.311761871916,94.2
