vehid,entry,mid,instspeed,exit,length
5598,3846.0,3857.23045352689,14.553244377162029,3898.3464588904253,295.17
5606,4064.0,4076.0176235302847,12.822780696554705,4095.595961787469,295.17
5600,4199.0,4211.044040406213,13.17765351261447,4233.212214546268,295.17
5425,5160.146655201835,5172.312743039423,5.0,5154.999452009527,295.17
7594,6260.0,6272.580859838521,12.843951611360133,6283.975069303566,295.17
