vehid,entry,mid,instspeed,exit,length
77,379.5684915744341,388.52903104143496,5.0,366.1251967093103,189.51
88,1100.882669221516,1110.3901654223996,11.016739386565915,1118.507952209249,189.51
83,1984.0381123378945,1994.0864118548914,10.422928434900102,2001.8905424933685,189.51
2097,2253.8868541065262,2264.1618669191967,10.049181396106253,2272.370420944587,189.51
2081,3532.3446180717333,3541.3741547942172,12.032284825417642,3558.3650438532786,189.51
4098,5151.943800002207,5162.013616655806,10.102290466747695,5170.370520762298,189.51
6084,7023.976692692126,7032.068835985562,5.0,7008.98996297125,189.51
6078,7217.547730609996,7225.2270026443975,13.415594009704856,7232.446643675128,189.51
