vehid,entry,mid,instspeed,exit,length
2457,2278.65641307862,2280.169527170785,5.0,2252.2014723211823,45.93
2454,2434.107467817705,2436.045572455076,12.079022863130888,2438.189469435953,45.93
6451,6303.380691229256,6305.508454262826,11.518470123903054,6308.040608331637,45.93
