vehid,entry,mid,instspeed,exit,length
772,1673.944669525242,1675.0687731862579,11.479753090188899,1676.2122680814846,29.79
