vehid,entry,mid,instspeed,exit,length
1850,697.9554838359234,698.2119720216076,5.0,668.4702152505779,9.4
1837,968.0531735175031,968.2895411259656,11.433009054833951,968.5259087344278,9.4
5846,4652.002507005991,4652.207436304201,13.186952921908329,4652.412365602412,9.4
5841,5107.885639143297,5108.089491171226,13.388870021619429,5108.291329937563,9.4
7847,5544.820831587958,5545.017532539396,13.967548152615146,5545.211009087913,9.4
7852,5729.806829968401,5730.0283778839275,12.057333685449153,5730.252506458149,9.4
7851,6004.159095514374,6004.387428620355,5.0,5974.615761726337,9.4
7860,6719.8522559715175,6720.046608737903,13.493217191259886,6720.246886623415,9.4
