vehid,entry,mid,instspeed,exit,length
2738,2520.6160625516677,2524.0391278359157,5.0,2497.0794417402017,75.54
2453,3386.725322738117,3389.5350238036526,12.53424398219732,3392.4284847333747,75.54
2456,3474.365829335338,3477.2232655567814,12.677304257064257,3480.002009161247,75.54
4732,3871.102232387455,3875.285938400217,10.954430158921046,3878.400340945145,75.54
6446,6355.73562368449,6358.4659431499485,13.178902329404986,6361.205869754737,75.54
6461,7021.180577064464,7025.544408210558,12.590155384540598,7028.722214338501,75.54
