vehid,entry,mid,instspeed,exit,length
73,867.8132419818381,871.4547429439638,11.109512221394917,874.8583578423797,83.15
2066,3207.272027625479,3210.147451405097,13.11464199585665,3213.1511706584856,83.15
