vehid,entry,mid,instspeed,exit,length
762,873.7729759614077,874.5083213174651,11.928529723425942,875.2662798592013,23.02
461,951.7774467765109,952.4987177000419,12.082633440103965,953.2448812683966,23.02
457,1131.6864701988907,1132.3393136595544,13.665359771800954,1133.0270398036948,23.02
209,1401.7915755125978,1402.5352704017619,11.53045770961956,1403.3484745217345,23.02
460,1744.9719267352266,1745.600706500869,13.381297318915811,1746.3210480300813,23.02
2460,2319.101867590055,2320.0858401809746,5.0,2290.9601971475695,23.02
2220,2571.7567700372006,2572.4396311527194,12.721876268464396,2573.1797655888345,23.02
2211,2662.232911550796,2663.0777896724553,12.178436927241501,2663.8495497269596,23.02
2756,2944.143936224009,2945.107747544515,5.0,2916.013047185961,23.02
2463,3004.679835503474,3005.369081059719,12.163439723837003,3006.1327926527915,23.02
4461,4013.2370685714027,4014.112879325052,11.648207885572285,4014.9197700707423,23.02
4465,4191.757886040351,4192.43103385887,5.0,4163.1226819528765,23.02
4211,5271.805710474797,5272.535763245556,11.613166426935566,5273.34557028536,23.02
6459,5901.74061129107,5902.418564025786,12.679796630944924,5903.150482560802,23.02
6743,6180.658032031355,6181.376187765448,11.766434932255034,6182.181828322963,23.02
