vehid,entry,mid,instspeed,exit,length
52,1239.7641906737024,1244.4842278451588,5.0,1221.991620453158,141.37
1564,1889.7439886102948,1895.2453048181096,12.296163420967247,1902.9279684842093,141.37
3243,3662.6819893008746,3667.161001822339,14.85892323634768,3672.5205991825915,141.37
5563,4007.47833050912,4012.403407485614,12.91701440501195,4025.9325245658274,141.37
5405,4239.543149912295,4245.009699791463,10.198909828308807,4253.531983157165,141.37
5406,4604.802123325254,4610.1292424823305,11.594231160313223,4626.2074793653865,141.37
5575,4610.8297393533285,4615.565000964966,14.737975480427876,4628.49043728962,141.37
7587,6102.482582864048,6106.650553727052,5.0,6093.557943404491,141.37
