vehid,entry,mid,instspeed,exit,length
208,214.01539439161436,215.11119091694883,14.306830915672737,217.66835369125985,46.79
4207,4143.418543962402,4145.002536026373,12.905459093191828,4147.807703736263,46.79
