vehid,entry,mid,instspeed,exit,length
468,1164.0,1167.8001556111465,9.057780485839954,1173.41373287072,94.2
580,1471.0,1475.1939668116138,10.479821642436404,1480.2083787646282,94.2
2445,3043.0,3047.210364450276,5.0,3033.300265681948,94.2
