vehid,entry,mid,instspeed,exit,length
77,378.6196691822526,387.04033117339657,13.075820350032538,394.05567880968636,189.51
78,1104.512157197837,1116.2956761907212,8.922032536767176,1125.2931704770635,189.51
95,1106.538071988336,1118.3312796994678,8.557282712820347,1127.42481960742,189.51
82,1624.2441023291467,1632.124991268874,5.0,1608.5296995020644,189.51
2106,3712.1228335788737,3721.10178264669,11.90222452222785,3738.441915278516,189.51
6093,6334.544450494608,6344.540073095077,11.23637458520945,6351.705127333355,189.51
6076,7397.589802011528,7405.258366293714,14.171882190727995,7411.82407282631,189.51
