vehid,entry,mid,instspeed,exit,length
114,1317.1347781691802,1319.556952643993,13.737855339474708,1324.2049652059275,74.65
