vehid,entry,mid,instspeed,exit,length
2459,2112.9289020689416,2116.1738556695013,5.0,2089.553945389479,75.54
2755,3041.3457341567378,3044.022812595855,12.924415958880909,3046.80195106173,75.54
2462,3204.4931362193743,3207.1129922803498,13.346234222581774,3209.7049322433973,75.54
4457,4620.369088318449,4623.40987192841,5.0,4596.542800629279,75.54
4455,4734.326496608482,4737.058840816891,13.798630528738581,4739.746561518679,75.54
6461,5457.20384528897,5459.510456793182,15.257864290566411,5462.730765086288,75.54
6446,6211.717922066173,6215.145770817185,10.533162353302998,6218.468786601681,75.54
6460,6489.5574194146075,6492.390770611701,12.47194268517905,6495.234612710646,75.54
