vehid,entry,mid,instspeed,exit,length
1257,1130.0,1135.1169409684244,13.292491243045065,1140.3657105980203,112.4
1249,1328.1333918934806,1332.2817850913511,12.540530973888496,1337.7156631239172,112.4
2066,3081.264586389516,3085.022039744515,5.0,3058.893333365343,112.4
7239,6979.0,6984.335143541057,12.97129460846295,6989.7489668818225,112.4
6031,7130.187949566863,7134.240535760724,13.195186988082398,7138.278845008504,112.4
