vehid,entry,mid,instspeed,exit,length
1762,241.70514019014428,249.03067083869678,11.775003084637268,252.59115442250615,135.0
3762,2849.943370407914,2856.099732210287,14.81998802408387,2859.0050909545594,135.0
