vehid,entry,mid,instspeed,exit,length
2216,2017.7998575798072,2021.3916175735244,13.598416209126949,2024.9520180340007,99.04
2476,2756.389628206742,2760.080620125361,5.0,2733.783558320617,99.04
4486,4017.865198938396,4022.4568903309864,10.226056083030066,4026.972325548546,99.04
