vehid,entry,mid,instspeed,exit,length
61,1043.3939448457654,1044.230721198318,9.600186796737036,1046.6309697741717,35.93
37,1762.372991732996,1763.1342452312688,9.495658025497036,1765.4462890308441,35.93
2040,2212.470155265209,2213.2951833416637,9.252892708964364,2215.835638038652,35.93
4065,3833.3691196314962,3834.154254124364,8.739536182348566,3836.576908209982,35.93
4033,4102.739728993802,4103.51620505744,5.0,4075.768284928865,35.93
4058,4735.111403452531,4736.145347540659,5.0,4743.281136198573,35.93
6032,5633.433925707874,5634.3359581370405,9.85985621769809,5637.209212696086,35.93
6028,6622.52037311504,6623.3013552654875,9.296750255806659,6626.04309112492,35.93
