vehid,entry,mid,instspeed,exit,length
44,49.08020941264722,53.34653433365358,5.0,31.511011795240492,119.23
215,124.53525072710147,128.25155523199146,12.302426798057802,135.62992985446033,119.23
200,275.48184524465086,278.5949179370344,13.591430040802804,283.7977514067934,119.23
233,1111.6490618847079,1115.4274029907644,11.879805725255375,1122.6144606752368,119.23
4212,4777.640199682222,4781.220422800396,12.441546262680168,4787.149915627064,119.23
