vehid,entry,mid,instspeed,exit,length
813,304.2098986135841,313.2825091581272,11.760920333803597,321.208235985176,206.14
796,342.77601164074065,351.0382340687814,5.0,328.1286762865728,206.14
808,1158.2002808383181,1168.1835759323553,5.0,1147.0095968821638,206.14
2806,2142.9136827035563,2151.146230350733,13.642730606018736,2158.2311204647913,206.14
2795,2538.1159718251715,2546.013221321977,14.290466242671476,2553.449284638682,206.14
2818,2934.603062894426,2943.5574673890396,12.954309438141216,2951.1419546454717,206.14
2810,3584.6408503840266,3593.074579909525,13.151834024208448,3600.7149350094564,206.14
4792,4660.939209350832,4670.452009376496,11.320579929589902,4678.632684151566,206.14
6795,6196.763452179191,6205.602405116837,13.159027505888375,6213.106593719242,206.14
