vehid,entry,mid,instspeed,exit,length
741,336.0,337.5296947264906,12.746921198016627,338.09627453853153,20.43
1556,592.3366874736174,593.1787856546044,10.953616542183685,593.8378940366973,20.43
1558,677.4894207701993,678.3700871629762,10.18284697706912,679.0747707328646,20.43
1263,764.3000875758438,765.19129601521,10.477388089897332,765.8803628336995,20.43
459,878.0,879.4195793248427,14.866462491932005,879.9052106901459,20.43
1587,967.2282820826046,968.0457558345652,5.0,938.6669067040564,20.43
1031,1030.3816366074298,1031.3032256444374,9.610447625162523,1032.0606120743994,20.43
1007,1203.1966994588897,1204.0384344941158,5.0,1174.6355277319212,20.43
1016,1466.3204917381156,1467.1136674895565,12.447613410768772,1467.6936678670536,20.43
1825,1494.352967928004,1495.1499750033863,11.55959958515979,1495.774531280098,20.43
3021,2014.3532529649858,2015.171501991357,11.90811702532581,2015.777779244245,20.43
3822,2388.83290237003,2389.5009467118325,12.713341353806964,2390.0642181855223,20.43
3001,2728.927039584945,2729.5627005832944,13.157540061856707,2730.0990522298134,20.43
3246,2745.761183938139,2746.467059165803,11.344811942899264,2747.101403340057,20.43
3567,2750.249281493074,2751.057772820214,11.017009698630337,2751.71308861594,20.43
3563,3012.331085564995,3013.128604849351,5.0,2983.761004501616,20.43
3808,3581.3678126013124,3582.270258258166,10.420845488869999,3582.9630638932645,20.43
4064,3919.832210528508,3920.5214188138516,11.8090516357229,3921.1376842481104,20.43
5807,4203.310640351489,4204.059276454604,12.94266219769653,4204.617092178054,20.43
5398,4630.382012795969,4631.234582066601,5.0,4601.8744101969705,20.43
5819,4986.260859851716,4987.257942151793,8.1761093809377,4988.1264792709,20.43
5021,4988.372425689809,4989.238856613603,10.817535422457965,4989.906256367359,20.43
5025,5158.5161426343875,5159.324149105613,11.69536376746885,5159.9414552981125,20.43
6761,5481.379218015165,5482.198930195124,5.0,5452.8189487637555,20.43
7587,5802.751640316667,5803.443543669827,11.885984143247098,5804.047824957026,20.43
7568,5982.326192952437,5983.133811671669,11.83462882423716,5983.7438536581485,20.43
6767,7010.558169792781,7011.405911195214,5.0,6982.057303590831,20.43
6756,7143.305088118961,7144.122764330067,11.485481651691613,7144.751350983734,20.43
